code_departement,Libellé du département,Code du canton,Libellé du canton,Inscrits,Abstentions,% Abs/Ins,Votants,% Vot/Ins,Blancs et nuls,% BlNuls/Ins,% BlNuls/Vot,Exprimés,% Exp/Ins,% Exp/Vot,Sexe,Nom,Prénom,Voix,% Voix/Ins,% Voix/Exp,Sexe.1,Nom.1,Prénom.1,Voix.1,% Voix/Ins.1,% Voix/Exp.1,Sexe.2,Nom.2,Prénom.2,Voix.2,% Voix/Ins.2,% Voix/Exp.2,Sexe.3,Nom.3,Prénom.3,Voix.3,% Voix/Ins.3,% Voix/Exp.3,Sexe.4,Nom.4,Prénom.4,Voix.4,% Voix/Ins.4,% Voix/Exp.4,Sexe.5,Nom.5,Prénom.5,Voix.5,% Voix/Ins.5,% Voix/Exp.5,Sexe.6,Nom.6,Prénom.6,Voix.6,% Voix/Ins.6,% Voix/Exp.6,Sexe.7,Nom.7,Prénom.7,Voix.7,% Voix/Ins.7,% Voix/Exp.7,Sexe.8,Nom.8,Prénom.8,Voix.8,% Voix/Ins.8,% Voix/Exp.8,Sexe.9,Nom.9,Prénom.9,Voix.9,% Voix/Ins.9,% Voix/Exp.9,vainqueur_nom,vainqueur_voix,Année,Tour,Blancs,% Blancs/Ins,% Blancs/Vot,Nuls,% Nuls/Ins,% Nuls/Vot,N°Panneau,N°Panneau.1,N°Panneau.2,N°Panneau.3,N°Panneau.4,N°Panneau.5,N°Panneau.6,N°Panneau.7,N°Panneau.8,N°Panneau.9,N°Panneau.10,Sexe.10,Nom.10,Prénom.10,Voix.10,% Voix/Ins.10,% Voix/Exp.10
16,CHARENTE,1,AIGRE,3816,588,15.41,3228,84.59,82.0,2.15,2.54,3146,82.44,97.46,F,JOLY,Eva,46,1.21,1.46,F,LE PEN,Marine,572,14.99,18.18,M,SARKOZY,Nicolas,843,22.09,26.8,M,MÉLENCHON,Jean-Luc,295,7.73,9.38,M,POUTOU,Philippe,44,1.15,1.4,F,ARTHAUD,Nathalie,20,0.52,0.64,M,CHEMINADE,Jacques,3,0.08,0.1,M,BAYROU,François,238,6.24,7.57,M,DUPONT-AIGNAN,Nicolas,53,1.39,1.68,M,HOLLANDE,François,1032,27.04,32.8,HOLLANDE,1032,2012,1,,,,,,,,,,,,,,,,,,,,,,,
16,CHARENTE,2,ANGOULÊME-EST,8223,1969,23.95,6254,76.05,97.0,1.18,1.55,6157,74.88,98.45,F,JOLY,Eva,171,2.08,2.78,F,LE PEN,Marine,819,9.96,13.3,M,SARKOZY,Nicolas,1566,19.04,25.43,M,MÉLENCHON,Jean-Luc,723,8.79,11.74,M,POUTOU,Philippe,83,1.01,1.35,F,ARTHAUD,Nathalie,29,0.35,0.47,M,CHEMINADE,Jacques,9,0.11,0.15,M,BAYROU,François,574,6.98,9.32,M,DUPONT-AIGNAN,Nicolas,86,1.05,1.4,M,HOLLANDE,François,2097,25.5,34.06,HOLLANDE,2097,2012,1,,,,,,,,,,,,,,,,,,,,,,,
16,CHARENTE,3,ANGOULÊME-NORD,8618,2146,24.9,6472,75.1,120.0,1.39,1.85,6352,73.71,98.15,F,JOLY,Eva,177,2.05,2.79,F,LE PEN,Marine,857,9.94,13.49,M,SARKOZY,Nicolas,1540,17.87,24.24,M,MÉLENCHON,Jean-Luc,732,8.49,11.52,M,POUTOU,Philippe,76,0.88,1.2,F,ARTHAUD,Nathalie,25,0.29,0.39,M,CHEMINADE,Jacques,19,0.22,0.3,M,BAYROU,François,554,6.43,8.72,M,DUPONT-AIGNAN,Nicolas,94,1.09,1.48,M,HOLLANDE,François,2278,26.43,35.86,HOLLANDE,2278,2012,1,,,,,,,,,,,,,,,,,,,,,,,
16,CHARENTE,4,AUBETERRE-SUR-DRONNE,2388,397,16.62,1991,83.38,46.0,1.93,2.31,1945,81.45,97.69,F,JOLY,Eva,39,1.63,2.01,F,LE PEN,Marine,385,16.12,19.79,M,SARKOZY,Nicolas,461,19.3,23.7,M,MÉLENCHON,Jean-Luc,193,8.08,9.92,M,POUTOU,Philippe,33,1.38,1.7,F,ARTHAUD,Nathalie,17,0.71,0.87,M,CHEMINADE,Jacques,4,0.17,0.21,M,BAYROU,François,179,7.5,9.2,M,DUPONT-AIGNAN,Nicolas,46,1.93,2.37,M,HOLLANDE,François,588,24.62,30.23,HOLLANDE,588,2012,1,,,,,,,,,,,,,,,,,,,,,,,
16,CHARENTE,5,BAIGNES-SAINTE-RADEGONDE,3260,542,16.63,2718,83.37,61.0,1.87,2.24,2657,81.5,97.76,F,JOLY,Eva,41,1.26,1.54,F,LE PEN,Marine,543,16.66,20.44,M,SARKOZY,Nicolas,623,19.11,23.45,M,MÉLENCHON,Jean-Luc,283,8.68,10.65,M,POUTOU,Philippe,53,1.63,1.99,F,ARTHAUD,Nathalie,24,0.74,0.9,M,CHEMINADE,Jacques,6,0.18,0.23,M,BAYROU,François,266,8.16,10.01,M,DUPONT-AIGNAN,Nicolas,50,1.53,1.88,M,HOLLANDE,François,768,23.56,28.9,HOLLANDE,768,2012,1,,,,,,,,,,,,,,,,,,,,,,,
16,CHARENTE,6,BARBEZIEUX-SAINT-HILAIRE,7541,1357,17.99,6184,82.01,135.0,1.79,2.18,6049,80.21,97.82,F,JOLY,Eva,100,1.33,1.65,F,LE PEN,Marine,1092,14.48,18.05,M,SARKOZY,Nicolas,1584,21.01,26.19,M,MÉLENCHON,Jean-Luc,582,7.72,9.62,M,POUTOU,Philippe,90,1.19,1.49,F,ARTHAUD,Nathalie,52,0.69,0.86,M,CHEMINADE,Jacques,17,0.23,0.28,M,BAYROU,François,596,7.9,9.85,M,DUPONT-AIGNAN,Nicolas,145,1.92,2.4,M,HOLLANDE,François,1791,23.75,29.61,HOLLANDE,1791,2012,1,,,,,,,,,,,,,,,,,,,,,,,
16,CHARENTE,7,BLANZAC-PORCHERESSE,6480,1075,16.59,5405,83.41,139.0,2.15,2.57,5266,81.27,97.43,F,JOLY,Eva,118,1.82,2.24,F,LE PEN,Marine,1002,15.46,19.03,M,SARKOZY,Nicolas,1217,18.78,23.11,M,MÉLENCHON,Jean-Luc,547,8.44,10.39,M,POUTOU,Philippe,87,1.34,1.65,F,ARTHAUD,Nathalie,35,0.54,0.66,M,CHEMINADE,Jacques,13,0.2,0.25,M,BAYROU,François,487,7.52,9.25,M,DUPONT-AIGNAN,Nicolas,128,1.98,2.43,M,HOLLANDE,François,1632,25.19,30.99,HOLLANDE,1632,2012,1,,,,,,,,,,,,,,,,,,,,,,,
16,CHARENTE,8,BROSSAC,1772,325,18.34,1447,81.66,32.0,1.81,2.21,1415,79.85,97.79,F,JOLY,Eva,43,2.43,3.04,F,LE PEN,Marine,287,16.2,20.28,M,SARKOZY,Nicolas,282,15.91,19.93,M,MÉLENCHON,Jean-Luc,182,10.27,12.86,M,POUTOU,Philippe,31,1.75,2.19,F,ARTHAUD,Nathalie,16,0.9,1.13,M,CHEMINADE,Jacques,4,0.23,0.28,M,BAYROU,François,134,7.56,9.47,M,DUPONT-AIGNAN,Nicolas,32,1.81,2.26,M,HOLLANDE,François,404,22.8,28.55,HOLLANDE,404,2012,1,,,,,,,,,,,,,,,,,,,,,,,
16,CHARENTE,9,CHABANAIS,6063,985,16.25,5078,83.75,124.0,2.05,2.44,4954,81.71,97.56,F,JOLY,Eva,49,0.81,0.99,F,LE PEN,Marine,764,12.6,15.42,M,SARKOZY,Nicolas,872,14.38,17.6,M,MÉLENCHON,Jean-Luc,837,13.81,16.9,M,POUTOU,Philippe,89,1.47,1.8,F,ARTHAUD,Nathalie,36,0.59,0.73,M,CHEMINADE,Jacques,16,0.26,0.32,M,BAYROU,François,439,7.24,8.86,M,DUPONT-AIGNAN,Nicolas,116,1.91,2.34,M,HOLLANDE,François,1736,28.63,35.04,HOLLANDE,1736,2012,1,,,,,,,,,,,,,,,,,,,,,,,
16,CHARENTE,10,CHALAIS,3552,768,21.62,2784,78.38,60.0,1.69,2.16,2724,76.69,97.84,F,JOLY,Eva,50,1.41,1.84,F,LE PEN,Marine,559,15.74,20.52,M,SARKOZY,Nicolas,668,18.81,24.52,M,MÉLENCHON,Jean-Luc,242,6.81,8.88,M,POUTOU,Philippe,35,0.99,1.28,F,ARTHAUD,Nathalie,18,0.51,0.66,M,CHEMINADE,Jacques,11,0.31,0.4,M,BAYROU,François,226,6.36,8.3,M,DUPONT-AIGNAN,Nicolas,57,1.6,2.09,M,HOLLANDE,François,858,24.16,31.5,HOLLANDE,858,2012,1,,,,,,,,,,,,,,,,,,,,,,,
16,CHARENTE,11,CHAMPAGNE-MOUTON,2069,393,18.99,1676,81.01,41.0,1.98,2.45,1635,79.02,97.55,F,JOLY,Eva,19,0.92,1.16,F,LE PEN,Marine,291,14.06,17.8,M,SARKOZY,Nicolas,306,14.79,18.72,M,MÉLENCHON,Jean-Luc,196,9.47,11.99,M,POUTOU,Philippe,32,1.55,1.96,F,ARTHAUD,Nathalie,17,0.82,1.04,M,CHEMINADE,Jacques,5,0.24,0.31,M,BAYROU,François,143,6.91,8.75,M,DUPONT-AIGNAN,Nicolas,45,2.17,2.75,M,HOLLANDE,François,581,28.08,35.54,HOLLANDE,581,2012,1,,,,,,,,,,,,,,,,,,,,,,,
16,CHARENTE,12,CHATEAUNEUF-SUR-CHARENTE,6157,1058,17.18,5099,82.82,113.0,1.84,2.22,4986,80.98,97.78,F,JOLY,Eva,77,1.25,1.54,F,LE PEN,Marine,1095,17.78,21.96,M,SARKOZY,Nicolas,1316,21.37,26.39,M,MÉLENCHON,Jean-Luc,430,6.98,8.62,M,POUTOU,Philippe,68,1.1,1.36,F,ARTHAUD,Nathalie,36,0.58,0.72,M,CHEMINADE,Jacques,14,0.23,0.28,M,BAYROU,François,475,7.71,9.53,M,DUPONT-AIGNAN,Nicolas,106,1.72,2.13,M,HOLLANDE,François,1369,22.23,27.46,HOLLANDE,1369,2012,1,,,,,,,,,,,,,,,,,,,,,,,
16,CHARENTE,13,COGNAC-NORD,11963,2326,19.44,9637,80.56,176.0,1.47,1.83,9461,79.09,98.17,F,JOLY,Eva,200,1.67,2.11,F,LE PEN,Marine,1550,12.96,16.38,M,SARKOZY,Nicolas,2604,21.77,27.52,M,MÉLENCHON,Jean-Luc,929,7.77,9.82,M,POUTOU,Philippe,129,1.08,1.36,F,ARTHAUD,Nathalie,63,0.53,0.67,M,CHEMINADE,Jacques,25,0.21,0.26,M,BAYROU,François,892,7.46,9.43,M,DUPONT-AIGNAN,Nicolas,207,1.73,2.19,M,HOLLANDE,François,2862,23.92,30.25,HOLLANDE,2862,2012,1,,,,,,,,,,,,,,,,,,,,,,,
16,CHARENTE,14,CONFOLENS-NORD,3469,488,14.07,2981,85.93,78.0,2.25,2.62,2903,83.68,97.38,F,JOLY,Eva,49,1.41,1.69,F,LE PEN,Marine,518,14.93,17.84,M,SARKOZY,Nicolas,544,15.68,18.74,M,MÉLENCHON,Jean-Luc,419,12.08,14.43,M,POUTOU,Philippe,65,1.87,2.24,F,ARTHAUD,Nathalie,18,0.52,0.62,M,CHEMINADE,Jacques,8,0.23,0.28,M,BAYROU,François,241,6.95,8.3,M,DUPONT-AIGNAN,Nicolas,78,2.25,2.69,M,HOLLANDE,François,963,27.76,33.17,HOLLANDE,963,2012,1,,,,,,,,,,,,,,,,,,,,,,,
16,CHARENTE,15,CONFOLENS-SUD,4774,775,16.23,3999,83.77,90.0,1.89,2.25,3909,81.88,97.75,F,JOLY,Eva,60,1.26,1.53,F,LE PEN,Marine,663,13.89,16.96,M,SARKOZY,Nicolas,800,16.76,20.47,M,MÉLENCHON,Jean-Luc,611,12.8,15.63,M,POUTOU,Philippe,72,1.51,1.84,F,ARTHAUD,Nathalie,36,0.75,0.92,M,CHEMINADE,Jacques,9,0.19,0.23,M,BAYROU,François,321,6.72,8.21,M,DUPONT-AIGNAN,Nicolas,90,1.89,2.3,M,HOLLANDE,François,1247,26.12,31.9,HOLLANDE,1247,2012,1,,,,,,,,,,,,,,,,,,,,,,,
16,CHARENTE,16,HIERSAC,9612,1447,15.05,8165,84.95,130.0,1.35,1.59,8035,83.59,98.41,F,JOLY,Eva,130,1.35,1.62,F,LE PEN,Marine,1602,16.67,19.94,M,SARKOZY,Nicolas,1864,19.39,23.2,M,MÉLENCHON,Jean-Luc,756,7.87,9.41,M,POUTOU,Philippe,106,1.1,1.32,F,ARTHAUD,Nathalie,50,0.52,0.62,M,CHEMINADE,Jacques,18,0.19,0.22,M,BAYROU,François,772,8.03,9.61,M,DUPONT-AIGNAN,Nicolas,137,1.43,1.71,M,HOLLANDE,François,2600,27.05,32.36,HOLLANDE,2600,2012,1,,,,,,,,,,,,,,,,,,,,,,,
16,CHARENTE,17,JARNAC,9759,1715,17.57,8044,82.43,162.0,1.66,2.01,7882,80.77,97.99,F,JOLY,Eva,144,1.48,1.83,F,LE PEN,Marine,1416,14.51,17.96,M,SARKOZY,Nicolas,2046,20.97,25.96,M,MÉLENCHON,Jean-Luc,695,7.12,8.82,M,POUTOU,Philippe,118,1.21,1.5,F,ARTHAUD,Nathalie,47,0.48,0.6,M,CHEMINADE,Jacques,19,0.19,0.24,M,BAYROU,François,682,6.99,8.65,M,DUPONT-AIGNAN,Nicolas,161,1.65,2.04,M,HOLLANDE,François,2554,26.17,32.4,HOLLANDE,2554,2012,1,,,,,,,,,,,,,,,,,,,,,,,
16,CHARENTE,18,MANSLE,6698,1079,16.11,5619,83.89,148.0,2.21,2.63,5471,81.68,97.37,F,JOLY,Eva,65,0.97,1.19,F,LE PEN,Marine,1115,16.65,20.38,M,SARKOZY,Nicolas,1235,18.44,22.57,M,MÉLENCHON,Jean-Luc,615,9.18,11.24,M,POUTOU,Philippe,85,1.27,1.55,F,ARTHAUD,Nathalie,38,0.57,0.69,M,CHEMINADE,Jacques,10,0.15,0.18,M,BAYROU,François,475,7.09,8.68,M,DUPONT-AIGNAN,Nicolas,96,1.43,1.75,M,HOLLANDE,François,1737,25.93,31.75,HOLLANDE,1737,2012,1,,,,,,,,,,,,,,,,,,,,,,,
16,CHARENTE,19,MONTBRON,5592,814,14.56,4778,85.44,136.0,2.43,2.85,4642,83.01,97.15,F,JOLY,Eva,89,1.59,1.92,F,LE PEN,Marine,857,15.33,18.46,M,SARKOZY,Nicolas,1101,19.69,23.72,M,MÉLENCHON,Jean-Luc,497,8.89,10.71,M,POUTOU,Philippe,62,1.11,1.34,F,ARTHAUD,Nathalie,40,0.72,0.86,M,CHEMINADE,Jacques,10,0.18,0.22,M,BAYROU,François,362,6.47,7.8,M,DUPONT-AIGNAN,Nicolas,113,2.02,2.43,M,HOLLANDE,François,1511,27.02,32.55,HOLLANDE,1511,2012,1,,,,,,,,,,,,,,,,,,,,,,,
16,CHARENTE,20,MONTEMBOEUF,3076,564,18.34,2512,81.66,78.0,2.54,3.11,2434,79.13,96.89,F,JOLY,Eva,46,1.5,1.89,F,LE PEN,Marine,416,13.52,17.09,M,SARKOZY,Nicolas,563,18.3,23.13,M,MÉLENCHON,Jean-Luc,340,11.05,13.97,M,POUTOU,Philippe,41,1.33,1.68,F,ARTHAUD,Nathalie,19,0.62,0.78,M,CHEMINADE,Jacques,14,0.46,0.58,M,BAYROU,François,174,5.66,7.15,M,DUPONT-AIGNAN,Nicolas,60,1.95,2.47,M,HOLLANDE,François,761,24.74,31.27,HOLLANDE,761,2012,1,,,,,,,,,,,,,,,,,,,,,,,
16,CHARENTE,21,MONTMOREAU-SAINT-CYBARD,3709,683,18.41,3026,81.59,68.0,1.83,2.25,2958,79.75,97.75,F,JOLY,Eva,69,1.86,2.33,F,LE PEN,Marine,514,13.86,17.38,M,SARKOZY,Nicolas,737,19.87,24.92,M,MÉLENCHON,Jean-Luc,300,8.09,10.14,M,POUTOU,Philippe,50,1.35,1.69,F,ARTHAUD,Nathalie,30,0.81,1.01,M,CHEMINADE,Jacques,7,0.19,0.24,M,BAYROU,François,276,7.44,9.33,M,DUPONT-AIGNAN,Nicolas,68,1.83,2.3,M,HOLLANDE,François,907,24.45,30.66,HOLLANDE,907,2012,1,,,,,,,,,,,,,,,,,,,,,,,
16,CHARENTE,22,LA ROCHEFOUCAULD,14452,2202,15.24,12250,84.76,283.0,1.96,2.31,11967,82.81,97.69,F,JOLY,Eva,196,1.36,1.64,F,LE PEN,Marine,2177,15.06,18.19,M,SARKOZY,Nicolas,2486,17.2,20.77,M,MÉLENCHON,Jean-Luc,1458,10.09,12.18,M,POUTOU,Philippe,196,1.36,1.64,F,ARTHAUD,Nathalie,110,0.76,0.92,M,CHEMINADE,Jacques,26,0.18,0.22,M,BAYROU,François,943,6.53,7.88,M,DUPONT-AIGNAN,Nicolas,258,1.79,2.16,M,HOLLANDE,François,4117,28.49,34.4,HOLLANDE,4117,2012,1,,,,,,,,,,,,,,,,,,,,,,,
16,CHARENTE,23,ROUILLAC,5841,964,16.5,4877,83.5,88.0,1.51,1.8,4789,81.99,98.2,F,JOLY,Eva,85,1.46,1.77,F,LE PEN,Marine,1016,17.39,21.22,M,SARKOZY,Nicolas,1028,17.6,21.47,M,MÉLENCHON,Jean-Luc,496,8.49,10.36,M,POUTOU,Philippe,69,1.18,1.44,F,ARTHAUD,Nathalie,35,0.6,0.73,M,CHEMINADE,Jacques,19,0.33,0.4,M,BAYROU,François,360,6.16,7.52,M,DUPONT-AIGNAN,Nicolas,115,1.97,2.4,M,HOLLANDE,François,1566,26.81,32.7,HOLLANDE,1566,2012,1,,,,,,,,,,,,,,,,,,,,,,,
16,CHARENTE,24,RUFFEC,6423,1155,17.98,5268,82.02,126.0,1.96,2.39,5142,80.06,97.61,F,JOLY,Eva,69,1.07,1.34,F,LE PEN,Marine,886,13.79,17.23,M,SARKOZY,Nicolas,1145,17.83,22.27,M,MÉLENCHON,Jean-Luc,682,10.62,13.26,M,POUTOU,Philippe,72,1.12,1.4,F,ARTHAUD,Nathalie,28,0.44,0.54,M,CHEMINADE,Jacques,28,0.44,0.54,M,BAYROU,François,453,7.05,8.81,M,DUPONT-AIGNAN,Nicolas,115,1.79,2.24,M,HOLLANDE,François,1664,25.91,32.36,HOLLANDE,1664,2012,1,,,,,,,,,,,,,,,,,,,,,,,
16,CHARENTE,25,SAINT-AMANT-DE-BOIXE,7159,1125,15.71,6034,84.29,132.0,1.84,2.19,5902,82.44,97.81,F,JOLY,Eva,118,1.65,2.0,F,LE PEN,Marine,1314,18.35,22.26,M,SARKOZY,Nicolas,1280,17.88,21.69,M,MÉLENCHON,Jean-Luc,694,9.69,11.76,M,POUTOU,Philippe,95,1.33,1.61,F,ARTHAUD,Nathalie,51,0.71,0.86,M,CHEMINADE,Jacques,9,0.13,0.15,M,BAYROU,François,445,6.22,7.54,M,DUPONT-AIGNAN,Nicolas,144,2.01,2.44,M,HOLLANDE,François,1752,24.47,29.68,HOLLANDE,1752,2012,1,,,,,,,,,,,,,,,,,,,,,,,
16,CHARENTE,26,SAINT-CLAUD,8431,1532,18.17,6899,81.83,164.0,1.95,2.38,6735,79.88,97.62,F,JOLY,Eva,68,0.81,1.01,F,LE PEN,Marine,1164,13.81,17.28,M,SARKOZY,Nicolas,1302,15.44,19.33,M,MÉLENCHON,Jean-Luc,869,10.31,12.9,M,POUTOU,Philippe,114,1.35,1.69,F,ARTHAUD,Nathalie,75,0.89,1.11,M,CHEMINADE,Jacques,22,0.26,0.33,M,BAYROU,François,552,6.55,8.2,M,DUPONT-AIGNAN,Nicolas,131,1.55,1.95,M,HOLLANDE,François,2438,28.92,36.2,HOLLANDE,2438,2012,1,,,,,,,,,,,,,,,,,,,,,,,
16,CHARENTE,27,SEGONZAC,9465,1654,17.47,7811,82.53,137.0,1.45,1.75,7674,81.08,98.25,F,JOLY,Eva,127,1.34,1.65,F,LE PEN,Marine,1476,15.59,19.23,M,SARKOZY,Nicolas,2148,22.69,27.99,M,MÉLENCHON,Jean-Luc,683,7.22,8.9,M,POUTOU,Philippe,145,1.53,1.89,F,ARTHAUD,Nathalie,66,0.7,0.86,M,CHEMINADE,Jacques,18,0.19,0.23,M,BAYROU,François,804,8.49,10.48,M,DUPONT-AIGNAN,Nicolas,184,1.94,2.4,M,HOLLANDE,François,2023,21.37,26.36,SARKOZY,2148,2012,1,,,,,,,,,,,,,,,,,,,,,,,
16,CHARENTE,28,VILLEBOIS-LAVALETTE,5905,863,14.61,5042,85.39,106.0,1.8,2.1,4936,83.59,97.9,F,JOLY,Eva,97,1.64,1.97,F,LE PEN,Marine,1007,17.05,20.4,M,SARKOZY,Nicolas,1209,20.47,24.49,M,MÉLENCHON,Jean-Luc,593,10.04,12.01,M,POUTOU,Philippe,58,0.98,1.18,F,ARTHAUD,Nathalie,30,0.51,0.61,M,CHEMINADE,Jacques,10,0.17,0.2,M,BAYROU,François,414,7.01,8.39,M,DUPONT-AIGNAN,Nicolas,101,1.71,2.05,M,HOLLANDE,François,1417,24.0,28.71,HOLLANDE,1417,2012,1,,,,,,,,,,,,,,,,,,,,,,,
16,CHARENTE,29,VILLEFAGNAN,4433,704,15.88,3729,84.12,112.0,2.53,3.0,3617,81.59,97.0,F,JOLY,Eva,69,1.56,1.91,F,LE PEN,Marine,679,15.32,18.77,M,SARKOZY,Nicolas,815,18.38,22.53,M,MÉLENCHON,Jean-Luc,388,8.75,10.73,M,POUTOU,Philippe,46,1.04,1.27,F,ARTHAUD,Nathalie,35,0.79,0.97,M,CHEMINADE,Jacques,13,0.29,0.36,M,BAYROU,François,342,7.71,9.46,M,DUPONT-AIGNAN,Nicolas,72,1.62,1.99,M,HOLLANDE,François,1158,26.12,32.02,HOLLANDE,1158,2012,1,,,,,,,,,,,,,,,,,,,,,,,
16,CHARENTE,30,LA COURONNE,18516,3355,18.12,15161,81.88,304.0,1.64,2.01,14857,80.24,97.99,F,JOLY,Eva,251,1.36,1.69,F,LE PEN,Marine,2657,14.35,17.88,M,SARKOZY,Nicolas,3108,16.79,20.92,M,MÉLENCHON,Jean-Luc,1617,8.73,10.88,M,POUTOU,Philippe,205,1.11,1.38,F,ARTHAUD,Nathalie,89,0.48,0.6,M,CHEMINADE,Jacques,38,0.21,0.26,M,BAYROU,François,1358,7.33,9.14,M,DUPONT-AIGNAN,Nicolas,248,1.34,1.67,M,HOLLANDE,François,5286,28.55,35.58,HOLLANDE,5286,2012,1,,,,,,,,,,,,,,,,,,,,,,,
16,CHARENTE,31,RUELLE-SUR-TOUVRE,14665,2586,17.63,12079,82.37,240.0,1.64,1.99,11839,80.73,98.01,F,JOLY,Eva,224,1.53,1.89,F,LE PEN,Marine,1801,12.28,15.21,M,SARKOZY,Nicolas,2326,15.86,19.65,M,MÉLENCHON,Jean-Luc,1594,10.87,13.46,M,POUTOU,Philippe,154,1.05,1.3,F,ARTHAUD,Nathalie,75,0.51,0.63,M,CHEMINADE,Jacques,29,0.2,0.24,M,BAYROU,François,1038,7.08,8.77,M,DUPONT-AIGNAN,Nicolas,240,1.64,2.03,M,HOLLANDE,François,4358,29.72,36.81,HOLLANDE,4358,2012,1,,,,,,,,,,,,,,,,,,,,,,,
16,CHARENTE,32,SOYAUX,10232,1990,19.45,8242,80.55,162.0,1.58,1.97,8080,78.97,98.03,F,JOLY,Eva,158,1.54,1.96,F,LE PEN,Marine,1487,14.53,18.4,M,SARKOZY,Nicolas,1705,16.66,21.1,M,MÉLENCHON,Jean-Luc,924,9.03,11.44,M,POUTOU,Philippe,98,0.96,1.21,F,ARTHAUD,Nathalie,33,0.32,0.41,M,CHEMINADE,Jacques,18,0.18,0.22,M,BAYROU,François,672,6.57,8.32,M,DUPONT-AIGNAN,Nicolas,160,1.56,1.98,M,HOLLANDE,François,2825,27.61,34.96,HOLLANDE,2825,2012,1,,,,,,,,,,,,,,,,,,,,,,,
16,CHARENTE,33,COGNAC-SUD,12815,2407,18.78,10408,81.22,367.0,2.86,3.53,10041,78.35,96.47,F,JOLY,Eva,169,1.32,1.68,F,LE PEN,Marine,1685,13.15,16.78,M,SARKOZY,Nicolas,2577,20.11,25.66,M,MÉLENCHON,Jean-Luc,1128,8.8,11.23,M,POUTOU,Philippe,163,1.27,1.62,F,ARTHAUD,Nathalie,76,0.59,0.76,M,CHEMINADE,Jacques,23,0.18,0.23,M,BAYROU,François,902,7.04,8.98,M,DUPONT-AIGNAN,Nicolas,212,1.65,2.11,M,HOLLANDE,François,3106,24.24,30.93,HOLLANDE,3106,2012,1,,,,,,,,,,,,,,,,,,,,,,,
16,CHARENTE,34,ANGOULÊME-OUEST,9371,2507,26.75,6864,73.25,103.0,1.1,1.5,6761,72.15,98.5,F,JOLY,Eva,206,2.2,3.05,F,LE PEN,Marine,844,9.01,12.48,M,SARKOZY,Nicolas,1707,18.22,25.25,M,MÉLENCHON,Jean-Luc,809,8.63,11.97,M,POUTOU,Philippe,70,0.75,1.04,F,ARTHAUD,Nathalie,25,0.27,0.37,M,CHEMINADE,Jacques,16,0.17,0.24,M,BAYROU,François,503,5.37,7.44,M,DUPONT-AIGNAN,Nicolas,101,1.08,1.49,M,HOLLANDE,François,2480,26.46,36.68,HOLLANDE,2480,2012,1,,,,,,,,,,,,,,,,,,,,,,,
16,CHARENTE,35,LE-GOND-PONTOUVRE,14466,2103,14.54,12363,85.46,225.0,1.56,1.82,12138,83.91,98.18,F,JOLY,Eva,224,1.55,1.85,F,LE PEN,Marine,2011,13.9,16.57,M,SARKOZY,Nicolas,2683,18.55,22.1,M,MÉLENCHON,Jean-Luc,1368,9.46,11.27,M,POUTOU,Philippe,150,1.04,1.24,F,ARTHAUD,Nathalie,66,0.46,0.54,M,CHEMINADE,Jacques,13,0.09,0.11,M,BAYROU,François,1169,8.08,9.63,M,DUPONT-AIGNAN,Nicolas,229,1.58,1.89,M,HOLLANDE,François,4225,29.21,34.81,HOLLANDE,4225,2012,1,,,,,,,,,,,,,,,,,,,,,,,
17,CHARENTE MARITIME,1,AIGREFEUILLE-D'AUNIS,9725,1537,15.8,8188,84.2,164.0,1.69,2.0,8024,82.51,98.0,F,JOLY,Eva,162,1.67,2.02,F,LE PEN,Marine,1616,16.62,20.14,M,SARKOZY,Nicolas,1797,18.48,22.4,M,MÉLENCHON,Jean-Luc,998,10.26,12.44,M,POUTOU,Philippe,141,1.45,1.76,F,ARTHAUD,Nathalie,56,0.58,0.7,M,CHEMINADE,Jacques,11,0.11,0.14,M,BAYROU,François,731,7.52,9.11,M,DUPONT-AIGNAN,Nicolas,170,1.75,2.12,M,HOLLANDE,François,2342,24.08,29.19,HOLLANDE,2342,2012,1,,,,,,,,,,,,,,,,,,,,,,,
17,CHARENTE MARITIME,2,ARCHIAC,5304,949,17.89,4355,82.11,108.0,2.04,2.48,4247,80.07,97.52,F,JOLY,Eva,67,1.26,1.58,F,LE PEN,Marine,919,17.33,21.64,M,SARKOZY,Nicolas,1222,23.04,28.77,M,MÉLENCHON,Jean-Luc,371,6.99,8.74,M,POUTOU,Philippe,93,1.75,2.19,F,ARTHAUD,Nathalie,25,0.47,0.59,M,CHEMINADE,Jacques,12,0.23,0.28,M,BAYROU,François,430,8.11,10.12,M,DUPONT-AIGNAN,Nicolas,100,1.89,2.35,M,HOLLANDE,François,1008,19.0,23.73,SARKOZY,1222,2012,1,,,,,,,,,,,,,,,,,,,,,,,
17,CHARENTE MARITIME,3,ARS-EN-RE,4405,641,14.55,3764,85.45,64.0,1.45,1.7,3700,84.0,98.3,F,JOLY,Eva,93,2.11,2.51,F,LE PEN,Marine,403,9.15,10.89,M,SARKOZY,Nicolas,1773,40.25,47.92,M,MÉLENCHON,Jean-Luc,270,6.13,7.3,M,POUTOU,Philippe,35,0.79,0.95,F,ARTHAUD,Nathalie,18,0.41,0.49,M,CHEMINADE,Jacques,7,0.16,0.19,M,BAYROU,François,304,6.9,8.22,M,DUPONT-AIGNAN,Nicolas,58,1.32,1.57,M,HOLLANDE,François,739,16.78,19.97,SARKOZY,1773,2012,1,,,,,,,,,,,,,,,,,,,,,,,
17,CHARENTE MARITIME,4,AULNAY,5149,1008,19.58,4141,80.42,100.0,1.94,2.41,4041,78.48,97.59,F,JOLY,Eva,52,1.01,1.29,F,LE PEN,Marine,780,15.15,19.3,M,SARKOZY,Nicolas,1115,21.65,27.59,M,MÉLENCHON,Jean-Luc,344,6.68,8.51,M,POUTOU,Philippe,79,1.53,1.95,F,ARTHAUD,Nathalie,41,0.8,1.01,M,CHEMINADE,Jacques,19,0.37,0.47,M,BAYROU,François,322,6.25,7.97,M,DUPONT-AIGNAN,Nicolas,110,2.14,2.72,M,HOLLANDE,François,1179,22.9,29.18,HOLLANDE,1179,2012,1,,,,,,,,,,,,,,,,,,,,,,,
17,CHARENTE MARITIME,5,BURIE,5308,831,15.66,4477,84.34,84.0,1.58,1.88,4393,82.76,98.12,F,JOLY,Eva,77,1.45,1.75,F,LE PEN,Marine,795,14.98,18.1,M,SARKOZY,Nicolas,1093,20.59,24.88,M,MÉLENCHON,Jean-Luc,488,9.19,11.11,M,POUTOU,Philippe,68,1.28,1.55,F,ARTHAUD,Nathalie,29,0.55,0.66,M,CHEMINADE,Jacques,5,0.09,0.11,M,BAYROU,François,418,7.87,9.52,M,DUPONT-AIGNAN,Nicolas,88,1.66,2.0,M,HOLLANDE,François,1332,25.09,30.32,HOLLANDE,1332,2012,1,,,,,,,,,,,,,,,,,,,,,,,
17,CHARENTE MARITIME,6,LE-CHATEAU-D'OLERON,8055,1520,18.87,6535,81.13,114.0,1.42,1.74,6421,79.71,98.26,F,JOLY,Eva,145,1.8,2.26,F,LE PEN,Marine,1128,14.0,17.57,M,SARKOZY,Nicolas,2243,27.85,34.93,M,MÉLENCHON,Jean-Luc,698,8.67,10.87,M,POUTOU,Philippe,87,1.08,1.35,F,ARTHAUD,Nathalie,30,0.37,0.47,M,CHEMINADE,Jacques,12,0.15,0.19,M,BAYROU,François,486,6.03,7.57,M,DUPONT-AIGNAN,Nicolas,104,1.29,1.62,M,HOLLANDE,François,1488,18.47,23.17,SARKOZY,2243,2012,1,,,,,,,,,,,,,,,,,,,,,,,
17,CHARENTE MARITIME,7,COURCON,9566,1433,14.98,8133,85.02,183.0,1.91,2.25,7950,83.11,97.75,F,JOLY,Eva,197,2.06,2.48,F,LE PEN,Marine,1540,16.1,19.37,M,SARKOZY,Nicolas,1944,20.32,24.45,M,MÉLENCHON,Jean-Luc,862,9.01,10.84,M,POUTOU,Philippe,109,1.14,1.37,F,ARTHAUD,Nathalie,40,0.42,0.5,M,CHEMINADE,Jacques,15,0.16,0.19,M,BAYROU,François,797,8.33,10.03,M,DUPONT-AIGNAN,Nicolas,187,1.95,2.35,M,HOLLANDE,François,2259,23.61,28.42,HOLLANDE,2259,2012,1,,,,,,,,,,,,,,,,,,,,,,,
17,CHARENTE MARITIME,8,COZES,10002,1685,16.85,8317,83.15,215.0,2.15,2.59,8102,81.0,97.41,F,JOLY,Eva,169,1.69,2.09,F,LE PEN,Marine,1796,17.96,22.17,M,SARKOZY,Nicolas,2635,26.34,32.52,M,MÉLENCHON,Jean-Luc,612,6.12,7.55,M,POUTOU,Philippe,113,1.13,1.39,F,ARTHAUD,Nathalie,60,0.6,0.74,M,CHEMINADE,Jacques,15,0.15,0.19,M,BAYROU,François,696,6.96,8.59,M,DUPONT-AIGNAN,Nicolas,201,2.01,2.48,M,HOLLANDE,François,1805,18.05,22.28,SARKOZY,2635,2012,1,,,,,,,,,,,,,,,,,,,,,,,
17,CHARENTE MARITIME,9,GEMOZAC,9795,1641,16.75,8154,83.25,202.0,2.06,2.48,7952,81.18,97.52,F,JOLY,Eva,141,1.44,1.77,F,LE PEN,Marine,1772,18.09,22.28,M,SARKOZY,Nicolas,2310,23.58,29.05,M,MÉLENCHON,Jean-Luc,727,7.42,9.14,M,POUTOU,Philippe,129,1.32,1.62,F,ARTHAUD,Nathalie,53,0.54,0.67,M,CHEMINADE,Jacques,21,0.21,0.26,M,BAYROU,François,682,6.96,8.58,M,DUPONT-AIGNAN,Nicolas,208,2.12,2.62,M,HOLLANDE,François,1909,19.49,24.01,SARKOZY,2310,2012,1,,,,,,,,,,,,,,,,,,,,,,,
17,CHARENTE MARITIME,10,LA JARRIE,17750,2733,15.4,15017,84.6,309.0,1.74,2.06,14708,82.86,97.94,F,JOLY,Eva,334,1.88,2.27,F,LE PEN,Marine,2151,12.12,14.62,M,SARKOZY,Nicolas,3700,20.85,25.16,M,MÉLENCHON,Jean-Luc,1718,9.68,11.68,M,POUTOU,Philippe,214,1.21,1.45,F,ARTHAUD,Nathalie,89,0.5,0.61,M,CHEMINADE,Jacques,19,0.11,0.13,M,BAYROU,François,1414,7.97,9.61,M,DUPONT-AIGNAN,Nicolas,336,1.89,2.28,M,HOLLANDE,François,4733,26.66,32.18,HOLLANDE,4733,2012,1,,,,,,,,,,,,,,,,,,,,,,,
17,CHARENTE MARITIME,11,JONZAC,8005,1493,18.65,6512,81.35,169.0,2.11,2.6,6343,79.24,97.4,F,JOLY,Eva,111,1.39,1.75,F,LE PEN,Marine,1118,13.97,17.63,M,SARKOZY,Nicolas,1722,21.51,27.15,M,MÉLENCHON,Jean-Luc,621,7.76,9.79,M,POUTOU,Philippe,86,1.07,1.36,F,ARTHAUD,Nathalie,30,0.37,0.47,M,CHEMINADE,Jacques,19,0.24,0.3,M,BAYROU,François,677,8.46,10.67,M,DUPONT-AIGNAN,Nicolas,128,1.6,2.02,M,HOLLANDE,François,1831,22.87,28.87,HOLLANDE,1831,2012,1,,,,,,,,,,,,,,,,,,,,,,,
17,CHARENTE MARITIME,12,LOULAY,3909,685,17.52,3224,82.48,68.0,1.74,2.11,3156,80.74,97.89,F,JOLY,Eva,51,1.3,1.62,F,LE PEN,Marine,601,15.37,19.04,M,SARKOZY,Nicolas,781,19.98,24.75,M,MÉLENCHON,Jean-Luc,355,9.08,11.25,M,POUTOU,Philippe,47,1.2,1.49,F,ARTHAUD,Nathalie,30,0.77,0.95,M,CHEMINADE,Jacques,12,0.31,0.38,M,BAYROU,François,242,6.19,7.67,M,DUPONT-AIGNAN,Nicolas,78,2.0,2.47,M,HOLLANDE,François,959,24.53,30.39,HOLLANDE,959,2012,1,,,,,,,,,,,,,,,,,,,,,,,
17,CHARENTE MARITIME,13,MARANS,8909,1541,17.3,7368,82.7,154.0,1.73,2.09,7214,80.97,97.91,F,JOLY,Eva,126,1.41,1.75,F,LE PEN,Marine,1427,16.02,19.78,M,SARKOZY,Nicolas,1753,19.68,24.3,M,MÉLENCHON,Jean-Luc,765,8.59,10.6,M,POUTOU,Philippe,112,1.26,1.55,F,ARTHAUD,Nathalie,40,0.45,0.55,M,CHEMINADE,Jacques,18,0.2,0.25,M,BAYROU,François,690,7.74,9.56,M,DUPONT-AIGNAN,Nicolas,182,2.04,2.52,M,HOLLANDE,François,2101,23.58,29.12,HOLLANDE,2101,2012,1,,,,,,,,,,,,,,,,,,,,,,,
17,CHARENTE MARITIME,14,MARENNES,11317,2175,19.22,9142,80.78,184.0,1.63,2.01,8958,79.16,97.99,F,JOLY,Eva,151,1.33,1.69,F,LE PEN,Marine,2036,17.99,22.73,M,SARKOZY,Nicolas,2640,23.33,29.47,M,MÉLENCHON,Jean-Luc,881,7.78,9.83,M,POUTOU,Philippe,139,1.23,1.55,F,ARTHAUD,Nathalie,75,0.66,0.84,M,CHEMINADE,Jacques,29,0.26,0.32,M,BAYROU,François,704,6.22,7.86,M,DUPONT-AIGNAN,Nicolas,202,1.78,2.25,M,HOLLANDE,François,2101,18.56,23.45,SARKOZY,2640,2012,1,,,,,,,,,,,,,,,,,,,,,,,
17,CHARENTE MARITIME,15,MATHA,7292,1260,17.28,6032,82.72,127.0,1.74,2.11,5905,80.98,97.89,F,JOLY,Eva,88,1.21,1.49,F,LE PEN,Marine,1174,16.1,19.88,M,SARKOZY,Nicolas,1491,20.45,25.25,M,MÉLENCHON,Jean-Luc,588,8.06,9.96,M,POUTOU,Philippe,91,1.25,1.54,F,ARTHAUD,Nathalie,48,0.66,0.81,M,CHEMINADE,Jacques,8,0.11,0.14,M,BAYROU,François,541,7.42,9.16,M,DUPONT-AIGNAN,Nicolas,145,1.99,2.46,M,HOLLANDE,François,1731,23.74,29.31,HOLLANDE,1731,2012,1,,,,,,,,,,,,,,,,,,,,,,,
17,CHARENTE MARITIME,16,MIRAMBEAU,6016,1073,17.84,4943,82.16,112.0,1.86,2.27,4831,80.3,97.73,F,JOLY,Eva,76,1.26,1.57,F,LE PEN,Marine,1202,19.98,24.88,M,SARKOZY,Nicolas,1292,21.48,26.74,M,MÉLENCHON,Jean-Luc,449,7.46,9.29,M,POUTOU,Philippe,82,1.36,1.7,F,ARTHAUD,Nathalie,32,0.53,0.66,M,CHEMINADE,Jacques,12,0.2,0.25,M,BAYROU,François,458,7.61,9.48,M,DUPONT-AIGNAN,Nicolas,112,1.86,2.32,M,HOLLANDE,François,1116,18.55,23.1,SARKOZY,1292,2012,1,,,,,,,,,,,,,,,,,,,,,,,
17,CHARENTE MARITIME,17,MONTENDRE,5107,854,16.72,4253,83.28,77.0,1.51,1.81,4176,81.77,98.19,F,JOLY,Eva,65,1.27,1.56,F,LE PEN,Marine,822,16.1,19.68,M,SARKOZY,Nicolas,1024,20.05,24.52,M,MÉLENCHON,Jean-Luc,401,7.85,9.6,M,POUTOU,Philippe,69,1.35,1.65,F,ARTHAUD,Nathalie,26,0.51,0.62,M,CHEMINADE,Jacques,9,0.18,0.22,M,BAYROU,François,365,7.15,8.74,M,DUPONT-AIGNAN,Nicolas,90,1.76,2.16,M,HOLLANDE,François,1305,25.55,31.25,HOLLANDE,1305,2012,1,,,,,,,,,,,,,,,,,,,,,,,
17,CHARENTE MARITIME,18,MONTGUYON,7675,1409,18.36,6266,81.64,152.0,1.98,2.43,6114,79.66,97.57,F,JOLY,Eva,102,1.33,1.67,F,LE PEN,Marine,1544,20.12,25.25,M,SARKOZY,Nicolas,1396,18.19,22.83,M,MÉLENCHON,Jean-Luc,632,8.23,10.34,M,POUTOU,Philippe,98,1.28,1.6,F,ARTHAUD,Nathalie,52,0.68,0.85,M,CHEMINADE,Jacques,16,0.21,0.26,M,BAYROU,François,458,5.97,7.49,M,DUPONT-AIGNAN,Nicolas,140,1.82,2.29,M,HOLLANDE,François,1676,21.84,27.41,HOLLANDE,1676,2012,1,,,,,,,,,,,,,,,,,,,,,,,
17,CHARENTE MARITIME,19,MONTLIEU-LA-GARDE,4966,824,16.59,4142,83.41,86.0,1.73,2.08,4056,81.68,97.92,F,JOLY,Eva,70,1.41,1.73,F,LE PEN,Marine,892,17.96,21.99,M,SARKOZY,Nicolas,910,18.32,22.44,M,MÉLENCHON,Jean-Luc,413,8.32,10.18,M,POUTOU,Philippe,77,1.55,1.9,F,ARTHAUD,Nathalie,33,0.66,0.81,M,CHEMINADE,Jacques,5,0.1,0.12,M,BAYROU,François,371,7.47,9.15,M,DUPONT-AIGNAN,Nicolas,89,1.79,2.19,M,HOLLANDE,François,1196,24.08,29.49,HOLLANDE,1196,2012,1,,,,,,,,,,,,,,,,,,,,,,,
17,CHARENTE MARITIME,20,PONS,9476,1669,17.61,7807,82.39,197.0,2.08,2.52,7610,80.31,97.48,F,JOLY,Eva,114,1.2,1.5,F,LE PEN,Marine,1622,17.12,21.31,M,SARKOZY,Nicolas,2018,21.3,26.52,M,MÉLENCHON,Jean-Luc,761,8.03,10.0,M,POUTOU,Philippe,137,1.45,1.8,F,ARTHAUD,Nathalie,46,0.49,0.6,M,CHEMINADE,Jacques,16,0.17,0.21,M,BAYROU,François,744,7.85,9.78,M,DUPONT-AIGNAN,Nicolas,205,2.16,2.69,M,HOLLANDE,François,1947,20.55,25.58,SARKOZY,2018,2012,1,,,,,,,,,,,,,,,,,,,,,,,
17,CHARENTE MARITIME,21,ROCHEFORT-NORD,10903,1749,16.04,9154,83.96,156.0,1.43,1.7,8998,82.53,98.3,F,JOLY,Eva,179,1.64,1.99,F,LE PEN,Marine,1529,14.02,16.99,M,SARKOZY,Nicolas,2659,24.39,29.55,M,MÉLENCHON,Jean-Luc,846,7.76,9.4,M,POUTOU,Philippe,96,0.88,1.07,F,ARTHAUD,Nathalie,28,0.26,0.31,M,CHEMINADE,Jacques,24,0.22,0.27,M,BAYROU,François,813,7.46,9.04,M,DUPONT-AIGNAN,Nicolas,178,1.63,1.98,M,HOLLANDE,François,2646,24.27,29.41,SARKOZY,2659,2012,1,,,,,,,,,,,,,,,,,,,,,,,
17,CHARENTE MARITIME,22,ROCHEFORT-SUD,7154,1878,26.25,5276,73.75,103.0,1.44,1.95,5173,72.31,98.05,F,JOLY,Eva,133,1.86,2.57,F,LE PEN,Marine,911,12.73,17.61,M,SARKOZY,Nicolas,1189,16.62,22.98,M,MÉLENCHON,Jean-Luc,684,9.56,13.22,M,POUTOU,Philippe,80,1.12,1.55,F,ARTHAUD,Nathalie,30,0.42,0.58,M,CHEMINADE,Jacques,14,0.2,0.27,M,BAYROU,François,394,5.51,7.62,M,DUPONT-AIGNAN,Nicolas,102,1.43,1.97,M,HOLLANDE,François,1636,22.87,31.63,HOLLANDE,1636,2012,1,,,,,,,,,,,,,,,,,,,,,,,
17,CHARENTE MARITIME,23,LA-ROCHELLE-1,6473,1495,23.1,4978,76.9,78.0,1.21,1.57,4900,75.7,98.43,F,JOLY,Eva,167,2.58,3.41,F,LE PEN,Marine,628,9.7,12.82,M,SARKOZY,Nicolas,1107,17.1,22.59,M,MÉLENCHON,Jean-Luc,633,9.78,12.92,M,POUTOU,Philippe,57,0.88,1.16,F,ARTHAUD,Nathalie,17,0.26,0.35,M,CHEMINADE,Jacques,12,0.19,0.24,M,BAYROU,François,388,5.99,7.92,M,DUPONT-AIGNAN,Nicolas,57,0.88,1.16,M,HOLLANDE,François,1834,28.33,37.43,HOLLANDE,1834,2012,1,,,,,,,,,,,,,,,,,,,,,,,
17,CHARENTE MARITIME,24,LA-ROCHELLE-2,4996,1287,25.76,3709,74.24,74.0,1.48,2.0,3635,72.76,98.0,F,JOLY,Eva,84,1.68,2.31,F,LE PEN,Marine,583,11.67,16.04,M,SARKOZY,Nicolas,625,12.51,17.19,M,MÉLENCHON,Jean-Luc,508,10.17,13.98,M,POUTOU,Philippe,47,0.94,1.29,F,ARTHAUD,Nathalie,27,0.54,0.74,M,CHEMINADE,Jacques,12,0.24,0.33,M,BAYROU,François,245,4.9,6.74,M,DUPONT-AIGNAN,Nicolas,50,1.0,1.38,M,HOLLANDE,François,1454,29.1,40.0,HOLLANDE,1454,2012,1,,,,,,,,,,,,,,,,,,,,,,,
17,CHARENTE MARITIME,25,ROYAN-EST,14945,2989,20.0,11956,80.0,223.0,1.49,1.87,11733,78.51,98.13,F,JOLY,Eva,216,1.45,1.84,F,LE PEN,Marine,1946,13.02,16.59,M,SARKOZY,Nicolas,4368,29.23,37.23,M,MÉLENCHON,Jean-Luc,851,5.69,7.25,M,POUTOU,Philippe,113,0.76,0.96,F,ARTHAUD,Nathalie,41,0.27,0.35,M,CHEMINADE,Jacques,31,0.21,0.26,M,BAYROU,François,981,6.56,8.36,M,DUPONT-AIGNAN,Nicolas,243,1.63,2.07,M,HOLLANDE,François,2943,19.69,25.08,SARKOZY,4368,2012,1,,,,,,,,,,,,,,,,,,,,,,,
17,CHARENTE MARITIME,26,SAINT-AGNANT,10583,1619,15.3,8964,84.7,194.0,1.83,2.16,8770,82.87,97.84,F,JOLY,Eva,187,1.77,2.13,F,LE PEN,Marine,1975,18.66,22.52,M,SARKOZY,Nicolas,2459,23.24,28.04,M,MÉLENCHON,Jean-Luc,858,8.11,9.78,M,POUTOU,Philippe,148,1.4,1.69,F,ARTHAUD,Nathalie,49,0.46,0.56,M,CHEMINADE,Jacques,30,0.28,0.34,M,BAYROU,François,798,7.54,9.1,M,DUPONT-AIGNAN,Nicolas,223,2.11,2.54,M,HOLLANDE,François,2043,19.3,23.3,SARKOZY,2459,2012,1,,,,,,,,,,,,,,,,,,,,,,,
17,CHARENTE MARITIME,27,SAINT-GENIS-DE-SAINTONGE,5947,1006,16.92,4941,83.08,109.0,1.83,2.21,4832,81.25,97.79,F,JOLY,Eva,69,1.16,1.43,F,LE PEN,Marine,1099,18.48,22.74,M,SARKOZY,Nicolas,1391,23.39,28.79,M,MÉLENCHON,Jean-Luc,437,7.35,9.04,M,POUTOU,Philippe,71,1.19,1.47,F,ARTHAUD,Nathalie,33,0.55,0.68,M,CHEMINADE,Jacques,20,0.34,0.41,M,BAYROU,François,457,7.68,9.46,M,DUPONT-AIGNAN,Nicolas,107,1.8,2.21,M,HOLLANDE,François,1148,19.3,23.76,SARKOZY,1391,2012,1,,,,,,,,,,,,,,,,,,,,,,,
17,CHARENTE MARITIME,28,SAINT-HILAIRE-DE-VILLEFRANCHE,3637,657,18.06,2980,81.94,65.0,1.79,2.18,2915,80.15,97.82,F,JOLY,Eva,59,1.62,2.02,F,LE PEN,Marine,646,17.76,22.16,M,SARKOZY,Nicolas,681,18.72,23.36,M,MÉLENCHON,Jean-Luc,274,7.53,9.4,M,POUTOU,Philippe,41,1.13,1.41,F,ARTHAUD,Nathalie,11,0.3,0.38,M,CHEMINADE,Jacques,8,0.22,0.27,M,BAYROU,François,274,7.53,9.4,M,DUPONT-AIGNAN,Nicolas,49,1.35,1.68,M,HOLLANDE,François,872,23.98,29.91,HOLLANDE,872,2012,1,,,,,,,,,,,,,,,,,,,,,,,
17,CHARENTE MARITIME,29,SAINT-JEAN-D'ANGÉLY,12777,2534,19.83,10243,80.17,218.0,1.71,2.13,10025,78.46,97.87,F,JOLY,Eva,214,1.67,2.13,F,LE PEN,Marine,1892,14.81,18.87,M,SARKOZY,Nicolas,2589,20.26,25.83,M,MÉLENCHON,Jean-Luc,990,7.75,9.88,M,POUTOU,Philippe,164,1.28,1.64,F,ARTHAUD,Nathalie,84,0.66,0.84,M,CHEMINADE,Jacques,22,0.17,0.22,M,BAYROU,François,821,6.43,8.19,M,DUPONT-AIGNAN,Nicolas,232,1.82,2.31,M,HOLLANDE,François,3017,23.61,30.09,HOLLANDE,3017,2012,1,,,,,,,,,,,,,,,,,,,,,,,
17,CHARENTE MARITIME,30,SAINT-MARTIN-DE-RÉ,11171,1658,14.84,9513,85.16,172.0,1.54,1.81,9341,83.62,98.19,F,JOLY,Eva,266,2.38,2.85,F,LE PEN,Marine,1190,10.65,12.74,M,SARKOZY,Nicolas,3822,34.21,40.92,M,MÉLENCHON,Jean-Luc,734,6.57,7.86,M,POUTOU,Philippe,86,0.77,0.92,F,ARTHAUD,Nathalie,40,0.36,0.43,M,CHEMINADE,Jacques,23,0.21,0.25,M,BAYROU,François,845,7.56,9.05,M,DUPONT-AIGNAN,Nicolas,156,1.4,1.67,M,HOLLANDE,François,2179,19.51,23.33,SARKOZY,3822,2012,1,,,,,,,,,,,,,,,,,,,,,,,
17,CHARENTE MARITIME,31,SAINT-PIERRE-D'OLÉRON,11045,2070,18.74,8975,81.26,174.0,1.58,1.94,8801,79.68,98.06,F,JOLY,Eva,202,1.83,2.3,F,LE PEN,Marine,1661,15.04,18.87,M,SARKOZY,Nicolas,2951,26.72,33.53,M,MÉLENCHON,Jean-Luc,899,8.14,10.21,M,POUTOU,Philippe,137,1.24,1.56,F,ARTHAUD,Nathalie,51,0.46,0.58,M,CHEMINADE,Jacques,20,0.18,0.23,M,BAYROU,François,677,6.13,7.69,M,DUPONT-AIGNAN,Nicolas,167,1.51,1.9,M,HOLLANDE,François,2036,18.43,23.13,SARKOZY,2951,2012,1,,,,,,,,,,,,,,,,,,,,,,,
17,CHARENTE MARITIME,32,SAINT-PORCHAIRE,10233,1632,15.95,8601,84.05,212.0,2.07,2.46,8389,81.98,97.54,F,JOLY,Eva,177,1.73,2.11,F,LE PEN,Marine,1916,18.72,22.84,M,SARKOZY,Nicolas,2335,22.82,27.83,M,MÉLENCHON,Jean-Luc,771,7.53,9.19,M,POUTOU,Philippe,160,1.56,1.91,F,ARTHAUD,Nathalie,57,0.56,0.68,M,CHEMINADE,Jacques,36,0.35,0.43,M,BAYROU,François,765,7.48,9.12,M,DUPONT-AIGNAN,Nicolas,203,1.98,2.42,M,HOLLANDE,François,1969,19.24,23.47,SARKOZY,2335,2012,1,,,,,,,,,,,,,,,,,,,,,,,
17,CHARENTE MARITIME,33,SAINT-SAVINIEN,5539,973,17.57,4566,82.43,82.0,1.48,1.8,4484,80.95,98.2,F,JOLY,Eva,97,1.75,2.16,F,LE PEN,Marine,956,17.26,21.32,M,SARKOZY,Nicolas,1136,20.51,25.33,M,MÉLENCHON,Jean-Luc,485,8.76,10.82,M,POUTOU,Philippe,85,1.53,1.9,F,ARTHAUD,Nathalie,41,0.74,0.91,M,CHEMINADE,Jacques,20,0.36,0.45,M,BAYROU,François,426,7.69,9.5,M,DUPONT-AIGNAN,Nicolas,92,1.66,2.05,M,HOLLANDE,François,1146,20.69,25.56,HOLLANDE,1146,2012,1,,,,,,,,,,,,,,,,,,,,,,,
17,CHARENTE MARITIME,34,SAINTES-NORD,12709,2621,20.62,10088,79.38,200.0,1.57,1.98,9888,77.8,98.02,F,JOLY,Eva,271,2.13,2.74,F,LE PEN,Marine,1364,10.73,13.79,M,SARKOZY,Nicolas,2543,20.01,25.72,M,MÉLENCHON,Jean-Luc,1280,10.07,12.94,M,POUTOU,Philippe,144,1.13,1.46,F,ARTHAUD,Nathalie,46,0.36,0.47,M,CHEMINADE,Jacques,13,0.1,0.13,M,BAYROU,François,1015,7.99,10.26,M,DUPONT-AIGNAN,Nicolas,194,1.53,1.96,M,HOLLANDE,François,3018,23.75,30.52,HOLLANDE,3018,2012,1,,,,,,,,,,,,,,,,,,,,,,,
17,CHARENTE MARITIME,35,SAINTES-OUEST,12548,2330,18.57,10218,81.43,218.0,1.74,2.13,10000,79.69,97.87,F,JOLY,Eva,203,1.62,2.03,F,LE PEN,Marine,1748,13.93,17.48,M,SARKOZY,Nicolas,2409,19.2,24.09,M,MÉLENCHON,Jean-Luc,1213,9.67,12.13,M,POUTOU,Philippe,139,1.11,1.39,F,ARTHAUD,Nathalie,52,0.41,0.52,M,CHEMINADE,Jacques,24,0.19,0.24,M,BAYROU,François,951,7.58,9.51,M,DUPONT-AIGNAN,Nicolas,233,1.86,2.33,M,HOLLANDE,François,3028,24.13,30.28,HOLLANDE,3028,2012,1,,,,,,,,,,,,,,,,,,,,,,,
17,CHARENTE MARITIME,36,SAUJON,14568,2503,17.18,12065,82.82,244.0,1.67,2.02,11821,81.14,97.98,F,JOLY,Eva,189,1.3,1.6,F,LE PEN,Marine,2479,17.02,20.97,M,SARKOZY,Nicolas,3444,23.64,29.13,M,MÉLENCHON,Jean-Luc,977,6.71,8.26,M,POUTOU,Philippe,184,1.26,1.56,F,ARTHAUD,Nathalie,71,0.49,0.6,M,CHEMINADE,Jacques,25,0.17,0.21,M,BAYROU,François,1048,7.19,8.87,M,DUPONT-AIGNAN,Nicolas,307,2.11,2.6,M,HOLLANDE,François,3097,21.26,26.2,SARKOZY,3444,2012,1,,,,,,,,,,,,,,,,,,,,,,,
17,CHARENTE MARITIME,37,SURGÈRES,11302,1922,17.01,9380,82.99,203.0,1.8,2.16,9177,81.2,97.84,F,JOLY,Eva,153,1.35,1.67,F,LE PEN,Marine,1547,13.69,16.86,M,SARKOZY,Nicolas,2251,19.92,24.53,M,MÉLENCHON,Jean-Luc,1112,9.84,12.12,M,POUTOU,Philippe,153,1.35,1.67,F,ARTHAUD,Nathalie,67,0.59,0.73,M,CHEMINADE,Jacques,33,0.29,0.36,M,BAYROU,François,876,7.75,9.55,M,DUPONT-AIGNAN,Nicolas,178,1.57,1.94,M,HOLLANDE,François,2807,24.84,30.59,HOLLANDE,2807,2012,1,,,,,,,,,,,,,,,,,,,,,,,
17,CHARENTE MARITIME,38,TONNAY-BOUTONNE,2655,440,16.57,2215,83.43,56.0,2.11,2.53,2159,81.32,97.47,F,JOLY,Eva,33,1.24,1.53,F,LE PEN,Marine,402,15.14,18.62,M,SARKOZY,Nicolas,602,22.67,27.88,M,MÉLENCHON,Jean-Luc,228,8.59,10.56,M,POUTOU,Philippe,45,1.69,2.08,F,ARTHAUD,Nathalie,18,0.68,0.83,M,CHEMINADE,Jacques,7,0.26,0.32,M,BAYROU,François,203,7.65,9.4,M,DUPONT-AIGNAN,Nicolas,55,2.07,2.55,M,HOLLANDE,François,566,21.32,26.22,SARKOZY,602,2012,1,,,,,,,,,,,,,,,,,,,,,,,
17,CHARENTE MARITIME,39,TONNAY-CHARENTE,10550,2007,19.02,8543,80.98,194.0,1.84,2.27,8349,79.14,97.73,F,JOLY,Eva,147,1.39,1.76,F,LE PEN,Marine,1910,18.1,22.88,M,SARKOZY,Nicolas,1943,18.42,23.27,M,MÉLENCHON,Jean-Luc,942,8.93,11.28,M,POUTOU,Philippe,142,1.35,1.7,F,ARTHAUD,Nathalie,71,0.67,0.85,M,CHEMINADE,Jacques,23,0.22,0.28,M,BAYROU,François,720,6.82,8.62,M,DUPONT-AIGNAN,Nicolas,203,1.92,2.43,M,HOLLANDE,François,2248,21.31,26.93,HOLLANDE,2248,2012,1,,,,,,,,,,,,,,,,,,,,,,,
17,CHARENTE MARITIME,40,LA TREMBLADE,11901,2155,18.11,9746,81.89,165.0,1.39,1.69,9581,80.51,98.31,F,JOLY,Eva,177,1.49,1.85,F,LE PEN,Marine,2022,16.99,21.1,M,SARKOZY,Nicolas,3162,26.57,33.0,M,MÉLENCHON,Jean-Luc,820,6.89,8.56,M,POUTOU,Philippe,115,0.97,1.2,F,ARTHAUD,Nathalie,51,0.43,0.53,M,CHEMINADE,Jacques,36,0.3,0.38,M,BAYROU,François,811,6.81,8.46,M,DUPONT-AIGNAN,Nicolas,218,1.83,2.28,M,HOLLANDE,François,2169,18.23,22.64,SARKOZY,3162,2012,1,,,,,,,,,,,,,,,,,,,,,,,
17,CHARENTE MARITIME,41,LA-ROCHELLE-3,5423,1464,27.0,3959,73.0,57.0,1.05,1.44,3902,71.95,98.56,F,JOLY,Eva,109,2.01,2.79,F,LE PEN,Marine,515,9.5,13.2,M,SARKOZY,Nicolas,831,15.32,21.3,M,MÉLENCHON,Jean-Luc,465,8.57,11.92,M,POUTOU,Philippe,63,1.16,1.61,F,ARTHAUD,Nathalie,17,0.31,0.44,M,CHEMINADE,Jacques,5,0.09,0.13,M,BAYROU,François,319,5.88,8.18,M,DUPONT-AIGNAN,Nicolas,61,1.12,1.56,M,HOLLANDE,François,1517,27.97,38.88,HOLLANDE,1517,2012,1,,,,,,,,,,,,,,,,,,,,,,,
17,CHARENTE MARITIME,42,LA-ROCHELLE-4,8981,1781,19.83,7200,80.17,82.0,0.91,1.14,7118,79.26,98.86,F,JOLY,Eva,353,3.93,4.96,F,LE PEN,Marine,397,4.42,5.58,M,SARKOZY,Nicolas,2485,27.67,34.91,M,MÉLENCHON,Jean-Luc,680,7.57,9.55,M,POUTOU,Philippe,56,0.62,0.79,F,ARTHAUD,Nathalie,23,0.26,0.32,M,CHEMINADE,Jacques,9,0.1,0.13,M,BAYROU,François,820,9.13,11.52,M,DUPONT-AIGNAN,Nicolas,83,0.92,1.17,M,HOLLANDE,François,2212,24.63,31.08,SARKOZY,2485,2012,1,,,,,,,,,,,,,,,,,,,,,,,
17,CHARENTE MARITIME,43,ROYAN-OUEST,17736,3086,17.4,14650,82.6,259.0,1.46,1.77,14391,81.14,98.23,F,JOLY,Eva,269,1.52,1.87,F,LE PEN,Marine,2221,12.52,15.43,M,SARKOZY,Nicolas,5867,33.08,40.77,M,MÉLENCHON,Jean-Luc,966,5.45,6.71,M,POUTOU,Philippe,143,0.81,0.99,F,ARTHAUD,Nathalie,48,0.27,0.33,M,CHEMINADE,Jacques,27,0.15,0.19,M,BAYROU,François,1294,7.3,8.99,M,DUPONT-AIGNAN,Nicolas,265,1.49,1.84,M,HOLLANDE,François,3291,18.56,22.87,SARKOZY,5867,2012,1,,,,,,,,,,,,,,,,,,,,,,,
17,CHARENTE MARITIME,44,LA-ROCHELLE-5,14122,2231,15.8,11891,84.2,225.0,1.59,1.89,11666,82.61,98.11,F,JOLY,Eva,313,2.22,2.68,F,LE PEN,Marine,1565,11.08,13.42,M,SARKOZY,Nicolas,3004,21.27,25.75,M,MÉLENCHON,Jean-Luc,1299,9.2,11.13,M,POUTOU,Philippe,154,1.09,1.32,F,ARTHAUD,Nathalie,43,0.3,0.37,M,CHEMINADE,Jacques,16,0.11,0.14,M,BAYROU,François,1120,7.93,9.6,M,DUPONT-AIGNAN,Nicolas,249,1.76,2.13,M,HOLLANDE,François,3903,27.64,33.46,HOLLANDE,3903,2012,1,,,,,,,,,,,,,,,,,,,,,,,
17,CHARENTE MARITIME,45,LA-ROCHELLE-6,10326,2318,22.45,8008,77.55,121.0,1.17,1.51,7887,76.38,98.49,F,JOLY,Eva,344,3.33,4.36,F,LE PEN,Marine,761,7.37,9.65,M,SARKOZY,Nicolas,1774,17.18,22.49,M,MÉLENCHON,Jean-Luc,1156,11.2,14.66,M,POUTOU,Philippe,107,1.04,1.36,F,ARTHAUD,Nathalie,35,0.34,0.44,M,CHEMINADE,Jacques,14,0.14,0.18,M,BAYROU,François,705,6.83,8.94,M,DUPONT-AIGNAN,Nicolas,101,0.98,1.28,M,HOLLANDE,François,2890,27.99,36.64,HOLLANDE,2890,2012,1,,,,,,,,,,,,,,,,,,,,,,,
17,CHARENTE MARITIME,46,AYTRE,14174,2535,17.88,11639,82.12,191.0,1.35,1.64,11448,80.77,98.36,F,JOLY,Eva,283,2.0,2.47,F,LE PEN,Marine,1419,10.01,12.4,M,SARKOZY,Nicolas,3190,22.51,27.87,M,MÉLENCHON,Jean-Luc,1351,9.53,11.8,M,POUTOU,Philippe,121,0.85,1.06,F,ARTHAUD,Nathalie,58,0.41,0.51,M,CHEMINADE,Jacques,29,0.2,0.25,M,BAYROU,François,1062,7.49,9.28,M,DUPONT-AIGNAN,Nicolas,214,1.51,1.87,M,HOLLANDE,François,3721,26.25,32.5,HOLLANDE,3721,2012,1,,,,,,,,,,,,,,,,,,,,,,,
17,CHARENTE MARITIME,47,ROCHEFORT-CENTRE,7995,1896,23.71,6099,76.29,106.0,1.33,1.74,5993,74.96,98.26,F,JOLY,Eva,155,1.94,2.59,F,LE PEN,Marine,944,11.81,15.75,M,SARKOZY,Nicolas,1620,20.26,27.03,M,MÉLENCHON,Jean-Luc,690,8.63,11.51,M,POUTOU,Philippe,88,1.1,1.47,F,ARTHAUD,Nathalie,30,0.38,0.5,M,CHEMINADE,Jacques,8,0.1,0.13,M,BAYROU,François,553,6.92,9.23,M,DUPONT-AIGNAN,Nicolas,108,1.35,1.8,M,HOLLANDE,François,1797,22.48,29.98,HOLLANDE,1797,2012,1,,,,,,,,,,,,,,,,,,,,,,,
17,CHARENTE MARITIME,48,LA-ROCHELLE-7,7165,1276,17.81,5889,82.19,89.0,1.24,1.51,5800,80.95,98.49,F,JOLY,Eva,193,2.69,3.33,F,LE PEN,Marine,596,8.32,10.28,M,SARKOZY,Nicolas,1412,19.71,24.34,M,MÉLENCHON,Jean-Luc,707,9.87,12.19,M,POUTOU,Philippe,71,0.99,1.22,F,ARTHAUD,Nathalie,30,0.42,0.52,M,CHEMINADE,Jacques,9,0.13,0.16,M,BAYROU,François,554,7.73,9.55,M,DUPONT-AIGNAN,Nicolas,96,1.34,1.66,M,HOLLANDE,François,2132,29.76,36.76,HOLLANDE,2132,2012,1,,,,,,,,,,,,,,,,,,,,,,,
17,CHARENTE MARITIME,49,LA-ROCHELLE-8,11624,2053,17.66,9571,82.34,186.0,1.6,1.94,9385,80.74,98.06,F,JOLY,Eva,241,2.07,2.57,F,LE PEN,Marine,1097,9.44,11.69,M,SARKOZY,Nicolas,2374,20.42,25.3,M,MÉLENCHON,Jean-Luc,1132,9.74,12.06,M,POUTOU,Philippe,120,1.03,1.28,F,ARTHAUD,Nathalie,43,0.37,0.46,M,CHEMINADE,Jacques,17,0.15,0.18,M,BAYROU,François,941,8.1,10.03,M,DUPONT-AIGNAN,Nicolas,150,1.29,1.6,M,HOLLANDE,François,3270,28.13,34.84,HOLLANDE,3270,2012,1,,,,,,,,,,,,,,,,,,,,,,,
17,CHARENTE MARITIME,50,LA-ROCHELLE-9,14091,2300,16.32,11791,83.68,188.0,1.33,1.59,11603,82.34,98.41,F,JOLY,Eva,319,2.26,2.75,F,LE PEN,Marine,1383,9.81,11.92,M,SARKOZY,Nicolas,3239,22.99,27.92,M,MÉLENCHON,Jean-Luc,1247,8.85,10.75,M,POUTOU,Philippe,128,0.91,1.1,F,ARTHAUD,Nathalie,48,0.34,0.41,M,CHEMINADE,Jacques,21,0.15,0.18,M,BAYROU,François,1135,8.05,9.78,M,DUPONT-AIGNAN,Nicolas,205,1.45,1.77,M,HOLLANDE,François,3878,27.52,33.42,HOLLANDE,3878,2012,1,,,,,,,,,,,,,,,,,,,,,,,
17,CHARENTE MARITIME,51,SAINTES-EST,10943,2052,18.75,8891,81.25,215.0,1.96,2.42,8676,79.28,97.58,F,JOLY,Eva,185,1.69,2.13,F,LE PEN,Marine,1436,13.12,16.55,M,SARKOZY,Nicolas,2110,19.28,24.32,M,MÉLENCHON,Jean-Luc,1124,10.27,12.96,M,POUTOU,Philippe,128,1.17,1.48,F,ARTHAUD,Nathalie,48,0.44,0.55,M,CHEMINADE,Jacques,20,0.18,0.23,M,BAYROU,François,840,7.68,9.68,M,DUPONT-AIGNAN,Nicolas,188,1.72,2.17,M,HOLLANDE,François,2597,23.73,29.93,HOLLANDE,2597,2012,1,,,,,,,,,,,,,,,,,,,,,,,
19,CORREZE,1,ARGENTAT,5115,740,14.47,4375,85.53,87.0,1.7,1.99,4288,83.83,98.01,F,JOLY,Eva,81,1.58,1.89,F,LE PEN,Marine,459,8.97,10.7,M,SARKOZY,Nicolas,872,17.05,20.34,M,MÉLENCHON,Jean-Luc,517,10.11,12.06,M,POUTOU,Philippe,42,0.82,0.98,F,ARTHAUD,Nathalie,22,0.43,0.51,M,CHEMINADE,Jacques,6,0.12,0.14,M,BAYROU,François,260,5.08,6.06,M,DUPONT-AIGNAN,Nicolas,57,1.11,1.33,M,HOLLANDE,François,1972,38.55,45.99,HOLLANDE,1972,2012,1,,,,,,,,,,,,,,,,,,,,,,,
19,CORREZE,2,AYEN,7094,870,12.26,6224,87.74,133.0,1.87,2.14,6091,85.86,97.86,F,JOLY,Eva,72,1.01,1.18,F,LE PEN,Marine,914,12.88,15.01,M,SARKOZY,Nicolas,1399,19.72,22.97,M,MÉLENCHON,Jean-Luc,596,8.4,9.78,M,POUTOU,Philippe,58,0.82,0.95,F,ARTHAUD,Nathalie,25,0.35,0.41,M,CHEMINADE,Jacques,8,0.11,0.13,M,BAYROU,François,421,5.93,6.91,M,DUPONT-AIGNAN,Nicolas,103,1.45,1.69,M,HOLLANDE,François,2495,35.17,40.96,HOLLANDE,2495,2012,1,,,,,,,,,,,,,,,,,,,,,,,
19,CORREZE,3,BEAULIEU-SUR-DORDOGNE,3311,377,11.39,2934,88.61,48.0,1.45,1.64,2886,87.16,98.36,F,JOLY,Eva,57,1.72,1.98,F,LE PEN,Marine,340,10.27,11.78,M,SARKOZY,Nicolas,661,19.96,22.9,M,MÉLENCHON,Jean-Luc,312,9.42,10.81,M,POUTOU,Philippe,36,1.09,1.25,F,ARTHAUD,Nathalie,9,0.27,0.31,M,CHEMINADE,Jacques,8,0.24,0.28,M,BAYROU,François,185,5.59,6.41,M,DUPONT-AIGNAN,Nicolas,64,1.93,2.22,M,HOLLANDE,François,1214,36.67,42.07,HOLLANDE,1214,2012,1,,,,,,,,,,,,,,,,,,,,,,,
19,CORREZE,4,BEYNAT,2997,350,11.68,2647,88.32,52.0,1.74,1.96,2595,86.59,98.04,F,JOLY,Eva,41,1.37,1.58,F,LE PEN,Marine,350,11.68,13.49,M,SARKOZY,Nicolas,534,17.82,20.58,M,MÉLENCHON,Jean-Luc,246,8.21,9.48,M,POUTOU,Philippe,24,0.8,0.92,F,ARTHAUD,Nathalie,8,0.27,0.31,M,CHEMINADE,Jacques,5,0.17,0.19,M,BAYROU,François,191,6.37,7.36,M,DUPONT-AIGNAN,Nicolas,48,1.6,1.85,M,HOLLANDE,François,1148,38.3,44.24,HOLLANDE,1148,2012,1,,,,,,,,,,,,,,,,,,,,,,,
19,CORREZE,5,BORT-LES-ORGUES,3853,643,16.69,3210,83.31,70.0,1.82,2.18,3140,81.49,97.82,F,JOLY,Eva,34,0.88,1.08,F,LE PEN,Marine,461,11.96,14.68,M,SARKOZY,Nicolas,744,19.31,23.69,M,MÉLENCHON,Jean-Luc,245,6.36,7.8,M,POUTOU,Philippe,43,1.12,1.37,F,ARTHAUD,Nathalie,18,0.47,0.57,M,CHEMINADE,Jacques,7,0.18,0.22,M,BAYROU,François,226,5.87,7.2,M,DUPONT-AIGNAN,Nicolas,53,1.38,1.69,M,HOLLANDE,François,1309,33.97,41.69,HOLLANDE,1309,2012,1,,,,,,,,,,,,,,,,,,,,,,,
19,CORREZE,6,BRIVE-NORD-EST,7249,1524,21.02,5725,78.98,116.0,1.6,2.03,5609,77.38,97.97,F,JOLY,Eva,85,1.17,1.52,F,LE PEN,Marine,681,9.39,12.14,M,SARKOZY,Nicolas,1679,23.16,29.93,M,MÉLENCHON,Jean-Luc,400,5.52,7.13,M,POUTOU,Philippe,32,0.44,0.57,F,ARTHAUD,Nathalie,24,0.33,0.43,M,CHEMINADE,Jacques,7,0.1,0.12,M,BAYROU,François,461,6.36,8.22,M,DUPONT-AIGNAN,Nicolas,99,1.37,1.77,M,HOLLANDE,François,2141,29.54,38.17,HOLLANDE,2141,2012,1,,,,,,,,,,,,,,,,,,,,,,,
19,CORREZE,7,BUGEAT,1918,266,13.87,1652,86.13,39.0,2.03,2.36,1613,84.1,97.64,F,JOLY,Eva,13,0.68,0.81,F,LE PEN,Marine,190,9.91,11.78,M,SARKOZY,Nicolas,325,16.94,20.15,M,MÉLENCHON,Jean-Luc,387,20.18,23.99,M,POUTOU,Philippe,28,1.46,1.74,F,ARTHAUD,Nathalie,11,0.57,0.68,M,CHEMINADE,Jacques,2,0.1,0.12,M,BAYROU,François,109,5.68,6.76,M,DUPONT-AIGNAN,Nicolas,34,1.77,2.11,M,HOLLANDE,François,514,26.8,31.87,HOLLANDE,514,2012,1,,,,,,,,,,,,,,,,,,,,,,,
19,CORREZE,8,CORRÈZE,2957,333,11.26,2624,88.74,62.0,2.1,2.36,2562,86.64,97.64,F,JOLY,Eva,57,1.93,2.22,F,LE PEN,Marine,318,10.75,12.41,M,SARKOZY,Nicolas,590,19.95,23.03,M,MÉLENCHON,Jean-Luc,277,9.37,10.81,M,POUTOU,Philippe,33,1.12,1.29,F,ARTHAUD,Nathalie,5,0.17,0.2,M,CHEMINADE,Jacques,8,0.27,0.31,M,BAYROU,François,191,6.46,7.46,M,DUPONT-AIGNAN,Nicolas,38,1.29,1.48,M,HOLLANDE,François,1045,35.34,40.79,HOLLANDE,1045,2012,1,,,,,,,,,,,,,,,,,,,,,,,
19,CORREZE,9,DONZENAC,8881,1082,12.18,7799,87.82,144.0,1.62,1.85,7655,86.2,98.15,F,JOLY,Eva,95,1.07,1.24,F,LE PEN,Marine,1183,13.32,15.45,M,SARKOZY,Nicolas,1628,18.33,21.27,M,MÉLENCHON,Jean-Luc,758,8.54,9.9,M,POUTOU,Philippe,70,0.79,0.91,F,ARTHAUD,Nathalie,25,0.28,0.33,M,CHEMINADE,Jacques,14,0.16,0.18,M,BAYROU,François,557,6.27,7.28,M,DUPONT-AIGNAN,Nicolas,130,1.46,1.7,M,HOLLANDE,François,3195,35.98,41.74,HOLLANDE,3195,2012,1,,,,,,,,,,,,,,,,,,,,,,,
19,CORREZE,10,EGLETONS,4935,662,13.41,4273,86.59,94.0,1.9,2.2,4179,84.68,97.8,F,JOLY,Eva,51,1.03,1.22,F,LE PEN,Marine,530,10.74,12.68,M,SARKOZY,Nicolas,928,18.8,22.21,M,MÉLENCHON,Jean-Luc,493,9.99,11.8,M,POUTOU,Philippe,66,1.34,1.58,F,ARTHAUD,Nathalie,22,0.45,0.53,M,CHEMINADE,Jacques,10,0.2,0.24,M,BAYROU,François,272,5.51,6.51,M,DUPONT-AIGNAN,Nicolas,63,1.28,1.51,M,HOLLANDE,François,1744,35.34,41.73,HOLLANDE,1744,2012,1,,,,,,,,,,,,,,,,,,,,,,,
19,CORREZE,11,EYGURANDE,2053,250,12.18,1803,87.82,38.0,1.85,2.11,1765,85.97,97.89,F,JOLY,Eva,13,0.63,0.74,F,LE PEN,Marine,267,13.01,15.13,M,SARKOZY,Nicolas,315,15.34,17.85,M,MÉLENCHON,Jean-Luc,164,7.99,9.29,M,POUTOU,Philippe,31,1.51,1.76,F,ARTHAUD,Nathalie,8,0.39,0.45,M,CHEMINADE,Jacques,3,0.15,0.17,M,BAYROU,François,170,8.28,9.63,M,DUPONT-AIGNAN,Nicolas,41,2.0,2.32,M,HOLLANDE,François,753,36.68,42.66,HOLLANDE,753,2012,1,,,,,,,,,,,,,,,,,,,,,,,
19,CORREZE,12,JUILLAC,4421,515,11.65,3906,88.35,84.0,1.9,2.15,3822,86.45,97.85,F,JOLY,Eva,47,1.06,1.23,F,LE PEN,Marine,580,13.12,15.18,M,SARKOZY,Nicolas,725,16.4,18.97,M,MÉLENCHON,Jean-Luc,417,9.43,10.91,M,POUTOU,Philippe,37,0.84,0.97,F,ARTHAUD,Nathalie,17,0.38,0.44,M,CHEMINADE,Jacques,6,0.14,0.16,M,BAYROU,François,232,5.25,6.07,M,DUPONT-AIGNAN,Nicolas,59,1.33,1.54,M,HOLLANDE,François,1702,38.5,44.53,HOLLANDE,1702,2012,1,,,,,,,,,,,,,,,,,,,,,,,
19,CORREZE,13,LAPLEAU,1543,183,11.86,1360,88.14,25.0,1.62,1.84,1335,86.52,98.16,F,JOLY,Eva,33,2.14,2.47,F,LE PEN,Marine,164,10.63,12.28,M,SARKOZY,Nicolas,283,18.34,21.2,M,MÉLENCHON,Jean-Luc,155,10.05,11.61,M,POUTOU,Philippe,22,1.43,1.65,F,ARTHAUD,Nathalie,7,0.45,0.52,M,CHEMINADE,Jacques,1,0.06,0.07,M,BAYROU,François,100,6.48,7.49,M,DUPONT-AIGNAN,Nicolas,23,1.49,1.72,M,HOLLANDE,François,547,35.45,40.97,HOLLANDE,547,2012,1,,,,,,,,,,,,,,,,,,,,,,,
19,CORREZE,14,LARCHE,9300,1177,12.66,8123,87.34,172.0,1.85,2.12,7951,85.49,97.88,F,JOLY,Eva,89,0.96,1.12,F,LE PEN,Marine,1316,14.15,16.55,M,SARKOZY,Nicolas,1646,17.7,20.7,M,MÉLENCHON,Jean-Luc,832,8.95,10.46,M,POUTOU,Philippe,71,0.76,0.89,F,ARTHAUD,Nathalie,28,0.3,0.35,M,CHEMINADE,Jacques,12,0.13,0.15,M,BAYROU,François,584,6.28,7.34,M,DUPONT-AIGNAN,Nicolas,123,1.32,1.55,M,HOLLANDE,François,3250,34.95,40.88,HOLLANDE,3250,2012,1,,,,,,,,,,,,,,,,,,,,,,,
19,CORREZE,15,LUBERSAC,5865,811,13.83,5054,86.17,116.0,1.98,2.3,4938,84.19,97.7,F,JOLY,Eva,58,0.99,1.17,F,LE PEN,Marine,630,10.74,12.76,M,SARKOZY,Nicolas,1220,20.8,24.71,M,MÉLENCHON,Jean-Luc,328,5.59,6.64,M,POUTOU,Philippe,47,0.8,0.95,F,ARTHAUD,Nathalie,29,0.49,0.59,M,CHEMINADE,Jacques,12,0.2,0.24,M,BAYROU,François,380,6.48,7.7,M,DUPONT-AIGNAN,Nicolas,99,1.69,2.0,M,HOLLANDE,François,2135,36.4,43.24,HOLLANDE,2135,2012,1,,,,,,,,,,,,,,,,,,,,,,,
19,CORREZE,16,MERCOEUR,2305,367,15.92,1938,84.08,34.0,1.48,1.75,1904,82.6,98.25,F,JOLY,Eva,21,0.91,1.1,F,LE PEN,Marine,264,11.45,13.87,M,SARKOZY,Nicolas,437,18.96,22.95,M,MÉLENCHON,Jean-Luc,193,8.37,10.14,M,POUTOU,Philippe,27,1.17,1.42,F,ARTHAUD,Nathalie,18,0.78,0.95,M,CHEMINADE,Jacques,2,0.09,0.11,M,BAYROU,François,151,6.55,7.93,M,DUPONT-AIGNAN,Nicolas,29,1.26,1.52,M,HOLLANDE,François,762,33.06,40.02,HOLLANDE,762,2012,1,,,,,,,,,,,,,,,,,,,,,,,
19,CORREZE,17,MEYMAC,3766,550,14.6,3216,85.4,55.0,1.46,1.71,3161,83.94,98.29,F,JOLY,Eva,53,1.41,1.68,F,LE PEN,Marine,420,11.15,13.29,M,SARKOZY,Nicolas,685,18.19,21.67,M,MÉLENCHON,Jean-Luc,472,12.53,14.93,M,POUTOU,Philippe,29,0.77,0.92,F,ARTHAUD,Nathalie,14,0.37,0.44,M,CHEMINADE,Jacques,3,0.08,0.09,M,BAYROU,François,223,5.92,7.05,M,DUPONT-AIGNAN,Nicolas,53,1.41,1.68,M,HOLLANDE,François,1209,32.1,38.25,HOLLANDE,1209,2012,1,,,,,,,,,,,,,,,,,,,,,,,
19,CORREZE,18,MEYSSAC,4488,502,11.19,3986,88.81,70.0,1.56,1.76,3916,87.25,98.24,F,JOLY,Eva,83,1.85,2.12,F,LE PEN,Marine,545,12.14,13.92,M,SARKOZY,Nicolas,902,20.1,23.03,M,MÉLENCHON,Jean-Luc,395,8.8,10.09,M,POUTOU,Philippe,52,1.16,1.33,F,ARTHAUD,Nathalie,15,0.33,0.38,M,CHEMINADE,Jacques,6,0.13,0.15,M,BAYROU,François,334,7.44,8.53,M,DUPONT-AIGNAN,Nicolas,61,1.36,1.56,M,HOLLANDE,François,1523,33.93,38.89,HOLLANDE,1523,2012,1,,,,,,,,,,,,,,,,,,,,,,,
19,CORREZE,19,NEUVIC,3100,425,13.71,2675,86.29,76.0,2.45,2.84,2599,83.84,97.16,F,JOLY,Eva,52,1.68,2.0,F,LE PEN,Marine,376,12.13,14.47,M,SARKOZY,Nicolas,546,17.61,21.01,M,MÉLENCHON,Jean-Luc,340,10.97,13.08,M,POUTOU,Philippe,30,0.97,1.15,F,ARTHAUD,Nathalie,11,0.35,0.42,M,CHEMINADE,Jacques,2,0.06,0.08,M,BAYROU,François,171,5.52,6.58,M,DUPONT-AIGNAN,Nicolas,39,1.26,1.5,M,HOLLANDE,François,1032,33.29,39.71,HOLLANDE,1032,2012,1,,,,,,,,,,,,,,,,,,,,,,,
19,CORREZE,20,LA-ROCHE-CANILLAC,2880,302,10.49,2578,89.51,48.0,1.67,1.86,2530,87.85,98.14,F,JOLY,Eva,34,1.18,1.34,F,LE PEN,Marine,280,9.72,11.07,M,SARKOZY,Nicolas,481,16.7,19.01,M,MÉLENCHON,Jean-Luc,364,12.64,14.39,M,POUTOU,Philippe,24,0.83,0.95,F,ARTHAUD,Nathalie,6,0.21,0.24,M,CHEMINADE,Jacques,8,0.28,0.32,M,BAYROU,François,161,5.59,6.36,M,DUPONT-AIGNAN,Nicolas,41,1.42,1.62,M,HOLLANDE,François,1131,39.27,44.7,HOLLANDE,1131,2012,1,,,,,,,,,,,,,,,,,,,,,,,
19,CORREZE,21,SAINT-PRIVAT,3011,404,13.42,2607,86.58,58.0,1.93,2.22,2549,84.66,97.78,F,JOLY,Eva,25,0.83,0.98,F,LE PEN,Marine,286,9.5,11.22,M,SARKOZY,Nicolas,654,21.72,25.66,M,MÉLENCHON,Jean-Luc,235,7.8,9.22,M,POUTOU,Philippe,30,1.0,1.18,F,ARTHAUD,Nathalie,14,0.46,0.55,M,CHEMINADE,Jacques,6,0.2,0.24,M,BAYROU,François,191,6.34,7.49,M,DUPONT-AIGNAN,Nicolas,25,0.83,0.98,M,HOLLANDE,François,1083,35.97,42.49,HOLLANDE,1083,2012,1,,,,,,,,,,,,,,,,,,,,,,,
19,CORREZE,22,SEILHAC,5834,683,11.71,5151,88.29,111.0,1.9,2.15,5040,86.39,97.85,F,JOLY,Eva,62,1.06,1.23,F,LE PEN,Marine,548,9.39,10.87,M,SARKOZY,Nicolas,907,15.55,18.0,M,MÉLENCHON,Jean-Luc,743,12.74,14.74,M,POUTOU,Philippe,38,0.65,0.75,F,ARTHAUD,Nathalie,18,0.31,0.36,M,CHEMINADE,Jacques,7,0.12,0.14,M,BAYROU,François,331,5.67,6.57,M,DUPONT-AIGNAN,Nicolas,95,1.63,1.88,M,HOLLANDE,François,2291,39.27,45.46,HOLLANDE,2291,2012,1,,,,,,,,,,,,,,,,,,,,,,,
19,CORREZE,23,SORNAC,1912,256,13.39,1656,86.61,24.0,1.26,1.45,1632,85.36,98.55,F,JOLY,Eva,25,1.31,1.53,F,LE PEN,Marine,177,9.26,10.85,M,SARKOZY,Nicolas,346,18.1,21.2,M,MÉLENCHON,Jean-Luc,267,13.96,16.36,M,POUTOU,Philippe,21,1.1,1.29,F,ARTHAUD,Nathalie,9,0.47,0.55,M,CHEMINADE,Jacques,2,0.1,0.12,M,BAYROU,François,97,5.07,5.94,M,DUPONT-AIGNAN,Nicolas,18,0.94,1.1,M,HOLLANDE,François,670,35.04,41.05,HOLLANDE,670,2012,1,,,,,,,,,,,,,,,,,,,,,,,
19,CORREZE,24,TREIGNAC,4161,532,12.79,3629,87.21,102.0,2.45,2.81,3527,84.76,97.19,F,JOLY,Eva,41,0.99,1.16,F,LE PEN,Marine,375,9.01,10.63,M,SARKOZY,Nicolas,830,19.95,23.53,M,MÉLENCHON,Jean-Luc,473,11.37,13.41,M,POUTOU,Philippe,37,0.89,1.05,F,ARTHAUD,Nathalie,20,0.48,0.57,M,CHEMINADE,Jacques,9,0.22,0.26,M,BAYROU,François,258,6.2,7.31,M,DUPONT-AIGNAN,Nicolas,88,2.11,2.5,M,HOLLANDE,François,1396,33.55,39.58,HOLLANDE,1396,2012,1,,,,,,,,,,,,,,,,,,,,,,,
19,CORREZE,25,TULLE-URBAIN-NORD,5604,961,17.15,4643,82.85,75.0,1.34,1.62,4568,81.51,98.38,F,JOLY,Eva,83,1.48,1.82,F,LE PEN,Marine,372,6.64,8.14,M,SARKOZY,Nicolas,731,13.04,16.0,M,MÉLENCHON,Jean-Luc,438,7.82,9.59,M,POUTOU,Philippe,52,0.93,1.14,F,ARTHAUD,Nathalie,10,0.18,0.22,M,CHEMINADE,Jacques,9,0.16,0.2,M,BAYROU,François,268,4.78,5.87,M,DUPONT-AIGNAN,Nicolas,61,1.09,1.34,M,HOLLANDE,François,2544,45.4,55.69,HOLLANDE,2544,2012,1,,,,,,,,,,,,,,,,,,,,,,,
19,CORREZE,26,TULLE-URBAIN-SUD,4255,785,18.45,3470,81.55,54.0,1.27,1.56,3416,80.28,98.44,F,JOLY,Eva,33,0.78,0.97,F,LE PEN,Marine,357,8.39,10.45,M,SARKOZY,Nicolas,521,12.24,15.25,M,MÉLENCHON,Jean-Luc,311,7.31,9.1,M,POUTOU,Philippe,29,0.68,0.85,F,ARTHAUD,Nathalie,10,0.24,0.29,M,CHEMINADE,Jacques,4,0.09,0.12,M,BAYROU,François,152,3.57,4.45,M,DUPONT-AIGNAN,Nicolas,40,0.94,1.17,M,HOLLANDE,François,1959,46.04,57.35,HOLLANDE,1959,2012,1,,,,,,,,,,,,,,,,,,,,,,,
19,CORREZE,27,USSEL-EST,4998,847,16.95,4151,83.05,97.0,1.94,2.34,4054,81.11,97.66,F,JOLY,Eva,38,0.76,0.94,F,LE PEN,Marine,608,12.16,15.0,M,SARKOZY,Nicolas,949,18.99,23.41,M,MÉLENCHON,Jean-Luc,385,7.7,9.5,M,POUTOU,Philippe,50,1.0,1.23,F,ARTHAUD,Nathalie,22,0.44,0.54,M,CHEMINADE,Jacques,7,0.14,0.17,M,BAYROU,François,262,5.24,6.46,M,DUPONT-AIGNAN,Nicolas,77,1.54,1.9,M,HOLLANDE,François,1656,33.13,40.85,HOLLANDE,1656,2012,1,,,,,,,,,,,,,,,,,,,,,,,
19,CORREZE,28,UZERCHE,5427,785,14.46,4642,85.54,94.0,1.73,2.02,4548,83.8,97.98,F,JOLY,Eva,65,1.2,1.43,F,LE PEN,Marine,690,12.71,15.17,M,SARKOZY,Nicolas,1023,18.85,22.49,M,MÉLENCHON,Jean-Luc,526,9.69,11.57,M,POUTOU,Philippe,43,0.79,0.95,F,ARTHAUD,Nathalie,17,0.31,0.37,M,CHEMINADE,Jacques,14,0.26,0.31,M,BAYROU,François,306,5.64,6.73,M,DUPONT-AIGNAN,Nicolas,91,1.68,2.0,M,HOLLANDE,François,1773,32.67,38.98,HOLLANDE,1773,2012,1,,,,,,,,,,,,,,,,,,,,,,,
19,CORREZE,29,VIGEOIS,3152,342,10.85,2810,89.15,66.0,2.09,2.35,2744,87.06,97.65,F,JOLY,Eva,36,1.14,1.31,F,LE PEN,Marine,352,11.17,12.83,M,SARKOZY,Nicolas,558,17.7,20.34,M,MÉLENCHON,Jean-Luc,313,9.93,11.41,M,POUTOU,Philippe,13,0.41,0.47,F,ARTHAUD,Nathalie,6,0.19,0.22,M,CHEMINADE,Jacques,3,0.1,0.11,M,BAYROU,François,191,6.06,6.96,M,DUPONT-AIGNAN,Nicolas,37,1.17,1.35,M,HOLLANDE,François,1235,39.18,45.01,HOLLANDE,1235,2012,1,,,,,,,,,,,,,,,,,,,,,,,
19,CORREZE,30,BRIVE-SUD-EST,9394,1681,17.89,7713,82.11,167.0,1.78,2.17,7546,80.33,97.83,F,JOLY,Eva,96,1.02,1.27,F,LE PEN,Marine,1138,12.11,15.08,M,SARKOZY,Nicolas,1606,17.1,21.28,M,MÉLENCHON,Jean-Luc,673,7.16,8.92,M,POUTOU,Philippe,66,0.7,0.87,F,ARTHAUD,Nathalie,31,0.33,0.41,M,CHEMINADE,Jacques,16,0.17,0.21,M,BAYROU,François,531,5.65,7.04,M,DUPONT-AIGNAN,Nicolas,138,1.47,1.83,M,HOLLANDE,François,3251,34.61,43.08,HOLLANDE,3251,2012,1,,,,,,,,,,,,,,,,,,,,,,,
19,CORREZE,31,BRIVE-CENTRE,5693,1489,26.15,4204,73.85,75.0,1.32,1.78,4129,72.53,98.22,F,JOLY,Eva,69,1.21,1.67,F,LE PEN,Marine,474,8.33,11.48,M,SARKOZY,Nicolas,1447,25.42,35.04,M,MÉLENCHON,Jean-Luc,324,5.69,7.85,M,POUTOU,Philippe,42,0.74,1.02,F,ARTHAUD,Nathalie,20,0.35,0.48,M,CHEMINADE,Jacques,10,0.18,0.24,M,BAYROU,François,346,6.08,8.38,M,DUPONT-AIGNAN,Nicolas,65,1.14,1.57,M,HOLLANDE,François,1332,23.4,32.26,SARKOZY,1447,2012,1,,,,,,,,,,,,,,,,,,,,,,,
19,CORREZE,32,BRIVE-NORD-OUEST,7033,1594,22.66,5439,77.34,108.0,1.54,1.99,5331,75.8,98.01,F,JOLY,Eva,69,0.98,1.29,F,LE PEN,Marine,798,11.35,14.97,M,SARKOZY,Nicolas,1088,15.47,20.41,M,MÉLENCHON,Jean-Luc,545,7.75,10.22,M,POUTOU,Philippe,47,0.67,0.88,F,ARTHAUD,Nathalie,27,0.38,0.51,M,CHEMINADE,Jacques,5,0.07,0.09,M,BAYROU,François,300,4.27,5.63,M,DUPONT-AIGNAN,Nicolas,70,1.0,1.31,M,HOLLANDE,François,2382,33.87,44.68,HOLLANDE,2382,2012,1,,,,,,,,,,,,,,,,,,,,,,,
19,CORREZE,33,BRIVE-SUD-OUEST,7971,1497,18.78,6474,81.22,132.0,1.66,2.04,6342,79.56,97.96,F,JOLY,Eva,87,1.09,1.37,F,LE PEN,Marine,995,12.48,15.69,M,SARKOZY,Nicolas,1417,17.78,22.34,M,MÉLENCHON,Jean-Luc,701,8.79,11.05,M,POUTOU,Philippe,55,0.69,0.87,F,ARTHAUD,Nathalie,25,0.31,0.39,M,CHEMINADE,Jacques,13,0.16,0.2,M,BAYROU,François,430,5.39,6.78,M,DUPONT-AIGNAN,Nicolas,89,1.12,1.4,M,HOLLANDE,François,2530,31.74,39.89,HOLLANDE,2530,2012,1,,,,,,,,,,,,,,,,,,,,,,,
19,CORREZE,34,MALEMORT-SUR-CORRÈZE,11859,1390,11.72,10469,88.28,225.0,1.9,2.15,10244,86.38,97.85,F,JOLY,Eva,112,0.94,1.09,F,LE PEN,Marine,1531,12.91,14.95,M,SARKOZY,Nicolas,2384,20.1,23.27,M,MÉLENCHON,Jean-Luc,860,7.25,8.4,M,POUTOU,Philippe,102,0.86,1.0,F,ARTHAUD,Nathalie,37,0.31,0.36,M,CHEMINADE,Jacques,24,0.2,0.23,M,BAYROU,François,782,6.59,7.63,M,DUPONT-AIGNAN,Nicolas,172,1.45,1.68,M,HOLLANDE,François,4240,35.75,41.39,HOLLANDE,4240,2012,1,,,,,,,,,,,,,,,,,,,,,,,
19,CORREZE,35,TULLE-CAMPAGNE-NORD,6645,667,10.04,5978,89.96,101.0,1.52,1.69,5877,88.44,98.31,F,JOLY,Eva,92,1.38,1.57,F,LE PEN,Marine,610,9.18,10.38,M,SARKOZY,Nicolas,901,13.56,15.33,M,MÉLENCHON,Jean-Luc,742,11.17,12.63,M,POUTOU,Philippe,54,0.81,0.92,F,ARTHAUD,Nathalie,21,0.32,0.36,M,CHEMINADE,Jacques,6,0.09,0.1,M,BAYROU,François,308,4.64,5.24,M,DUPONT-AIGNAN,Nicolas,82,1.23,1.4,M,HOLLANDE,François,3061,46.06,52.08,HOLLANDE,3061,2012,1,,,,,,,,,,,,,,,,,,,,,,,
19,CORREZE,36,TULLE-CAMPAGNE-SUD,7275,800,11.0,6475,89.0,138.0,1.9,2.13,6337,87.11,97.87,F,JOLY,Eva,94,1.29,1.48,F,LE PEN,Marine,693,9.53,10.94,M,SARKOZY,Nicolas,960,13.2,15.15,M,MÉLENCHON,Jean-Luc,702,9.65,11.08,M,POUTOU,Philippe,60,0.82,0.95,F,ARTHAUD,Nathalie,22,0.3,0.35,M,CHEMINADE,Jacques,7,0.1,0.11,M,BAYROU,François,406,5.58,6.41,M,DUPONT-AIGNAN,Nicolas,92,1.26,1.45,M,HOLLANDE,François,3301,45.37,52.09,HOLLANDE,3301,2012,1,,,,,,,,,,,,,,,,,,,,,,,
19,CORREZE,37,USSEL-OUEST,4446,690,15.52,3756,84.48,84.0,1.89,2.24,3672,82.59,97.76,F,JOLY,Eva,59,1.33,1.61,F,LE PEN,Marine,512,11.52,13.94,M,SARKOZY,Nicolas,784,17.63,21.35,M,MÉLENCHON,Jean-Luc,333,7.49,9.07,M,POUTOU,Philippe,40,0.9,1.09,F,ARTHAUD,Nathalie,28,0.63,0.76,M,CHEMINADE,Jacques,5,0.11,0.14,M,BAYROU,François,286,6.43,7.79,M,DUPONT-AIGNAN,Nicolas,80,1.8,2.18,M,HOLLANDE,François,1545,34.75,42.08,HOLLANDE,1545,2012,1,,,,,,,,,,,,,,,,,,,,,,,
23,CREUSE,1,AHUN,3520,572,16.25,2948,83.75,63.0,1.79,2.14,2885,81.96,97.86,F,JOLY,Eva,49,1.39,1.7,F,LE PEN,Marine,522,14.83,18.09,M,SARKOZY,Nicolas,726,20.63,25.16,M,MÉLENCHON,Jean-Luc,350,9.94,12.13,M,POUTOU,Philippe,49,1.39,1.7,F,ARTHAUD,Nathalie,25,0.71,0.87,M,CHEMINADE,Jacques,7,0.2,0.24,M,BAYROU,François,230,6.53,7.97,M,DUPONT-AIGNAN,Nicolas,44,1.25,1.53,M,HOLLANDE,François,883,25.09,30.61,HOLLANDE,883,2012,1,,,,,,,,,,,,,,,,,,,,,,,
23,CREUSE,2,AUBUSSON,5065,908,17.93,4157,82.07,111.0,2.19,2.67,4046,79.88,97.33,F,JOLY,Eva,68,1.34,1.68,F,LE PEN,Marine,614,12.12,15.18,M,SARKOZY,Nicolas,943,18.62,23.31,M,MÉLENCHON,Jean-Luc,467,9.22,11.54,M,POUTOU,Philippe,79,1.56,1.95,F,ARTHAUD,Nathalie,26,0.51,0.64,M,CHEMINADE,Jacques,12,0.24,0.3,M,BAYROU,François,327,6.46,8.08,M,DUPONT-AIGNAN,Nicolas,64,1.26,1.58,M,HOLLANDE,François,1446,28.55,35.74,HOLLANDE,1446,2012,1,,,,,,,,,,,,,,,,,,,,,,,
23,CREUSE,3,AUZANCES,2942,552,18.76,2390,81.24,71.0,2.41,2.97,2319,78.82,97.03,F,JOLY,Eva,27,0.92,1.16,F,LE PEN,Marine,404,13.73,17.42,M,SARKOZY,Nicolas,544,18.49,23.46,M,MÉLENCHON,Jean-Luc,234,7.95,10.09,M,POUTOU,Philippe,28,0.95,1.21,F,ARTHAUD,Nathalie,12,0.41,0.52,M,CHEMINADE,Jacques,4,0.14,0.17,M,BAYROU,François,275,9.35,11.86,M,DUPONT-AIGNAN,Nicolas,61,2.07,2.63,M,HOLLANDE,François,730,24.81,31.48,HOLLANDE,730,2012,1,,,,,,,,,,,,,,,,,,,,,,,
23,CREUSE,4,BELLEGARDE-EN-MARCHE,2263,416,18.38,1847,81.62,42.0,1.86,2.27,1805,79.76,97.73,F,JOLY,Eva,54,2.39,2.99,F,LE PEN,Marine,279,12.33,15.46,M,SARKOZY,Nicolas,370,16.35,20.5,M,MÉLENCHON,Jean-Luc,218,9.63,12.08,M,POUTOU,Philippe,30,1.33,1.66,F,ARTHAUD,Nathalie,11,0.49,0.61,M,CHEMINADE,Jacques,2,0.09,0.11,M,BAYROU,François,175,7.73,9.7,M,DUPONT-AIGNAN,Nicolas,31,1.37,1.72,M,HOLLANDE,François,635,28.06,35.18,HOLLANDE,635,2012,1,,,,,,,,,,,,,,,,,,,,,,,
23,CREUSE,5,BENEVENT-L'ABBAYE,2787,488,17.51,2299,82.49,48.0,1.72,2.09,2251,80.77,97.91,F,JOLY,Eva,37,1.33,1.64,F,LE PEN,Marine,357,12.81,15.86,M,SARKOZY,Nicolas,532,19.09,23.63,M,MÉLENCHON,Jean-Luc,332,11.91,14.75,M,POUTOU,Philippe,32,1.15,1.42,F,ARTHAUD,Nathalie,12,0.43,0.53,M,CHEMINADE,Jacques,2,0.07,0.09,M,BAYROU,François,151,5.42,6.71,M,DUPONT-AIGNAN,Nicolas,31,1.11,1.38,M,HOLLANDE,François,765,27.45,33.98,HOLLANDE,765,2012,1,,,,,,,,,,,,,,,,,,,,,,,
23,CREUSE,6,BONNAT,4233,793,18.73,3440,81.27,103.0,2.43,2.99,3337,78.83,97.01,F,JOLY,Eva,63,1.49,1.89,F,LE PEN,Marine,628,14.84,18.82,M,SARKOZY,Nicolas,691,16.32,20.71,M,MÉLENCHON,Jean-Luc,375,8.86,11.24,M,POUTOU,Philippe,50,1.18,1.5,F,ARTHAUD,Nathalie,45,1.06,1.35,M,CHEMINADE,Jacques,6,0.14,0.18,M,BAYROU,François,283,6.69,8.48,M,DUPONT-AIGNAN,Nicolas,80,1.89,2.4,M,HOLLANDE,François,1116,26.36,33.44,HOLLANDE,1116,2012,1,,,,,,,,,,,,,,,,,,,,,,,
23,CREUSE,7,BOURGANEUF,4350,774,17.79,3576,82.21,85.0,1.95,2.38,3491,80.25,97.62,F,JOLY,Eva,44,1.01,1.26,F,LE PEN,Marine,660,15.17,18.91,M,SARKOZY,Nicolas,659,15.15,18.88,M,MÉLENCHON,Jean-Luc,492,11.31,14.09,M,POUTOU,Philippe,51,1.17,1.46,F,ARTHAUD,Nathalie,28,0.64,0.8,M,CHEMINADE,Jacques,8,0.18,0.23,M,BAYROU,François,241,5.54,6.9,M,DUPONT-AIGNAN,Nicolas,59,1.36,1.69,M,HOLLANDE,François,1249,28.71,35.78,HOLLANDE,1249,2012,1,,,,,,,,,,,,,,,,,,,,,,,
23,CREUSE,8,BOUSSAC,4369,843,19.3,3526,80.7,58.0,1.33,1.64,3468,79.38,98.36,F,JOLY,Eva,47,1.08,1.36,F,LE PEN,Marine,645,14.76,18.6,M,SARKOZY,Nicolas,713,16.32,20.56,M,MÉLENCHON,Jean-Luc,462,10.57,13.32,M,POUTOU,Philippe,59,1.35,1.7,F,ARTHAUD,Nathalie,29,0.66,0.84,M,CHEMINADE,Jacques,5,0.11,0.14,M,BAYROU,François,302,6.91,8.71,M,DUPONT-AIGNAN,Nicolas,62,1.42,1.79,M,HOLLANDE,François,1144,26.18,32.99,HOLLANDE,1144,2012,1,,,,,,,,,,,,,,,,,,,,,,,
23,CREUSE,9,CHAMBON-SUR-VOUEIZE,2977,439,14.75,2538,85.25,49.0,1.65,1.93,2489,83.61,98.07,F,JOLY,Eva,38,1.28,1.53,F,LE PEN,Marine,442,14.85,17.76,M,SARKOZY,Nicolas,669,22.47,26.88,M,MÉLENCHON,Jean-Luc,274,9.2,11.01,M,POUTOU,Philippe,24,0.81,0.96,F,ARTHAUD,Nathalie,15,0.5,0.6,M,CHEMINADE,Jacques,4,0.13,0.16,M,BAYROU,François,219,7.36,8.8,M,DUPONT-AIGNAN,Nicolas,49,1.65,1.97,M,HOLLANDE,François,755,25.36,30.33,HOLLANDE,755,2012,1,,,,,,,,,,,,,,,,,,,,,,,
23,CREUSE,10,CHÂTELUS-MALVALEIX,3122,540,17.3,2582,82.7,54.0,1.73,2.09,2528,80.97,97.91,F,JOLY,Eva,46,1.47,1.82,F,LE PEN,Marine,464,14.86,18.35,M,SARKOZY,Nicolas,557,17.84,22.03,M,MÉLENCHON,Jean-Luc,295,9.45,11.67,M,POUTOU,Philippe,35,1.12,1.38,F,ARTHAUD,Nathalie,19,0.61,0.75,M,CHEMINADE,Jacques,2,0.06,0.08,M,BAYROU,François,210,6.73,8.31,M,DUPONT-AIGNAN,Nicolas,57,1.83,2.25,M,HOLLANDE,François,843,27.0,33.35,HOLLANDE,843,2012,1,,,,,,,,,,,,,,,,,,,,,,,
23,CREUSE,11,CHENERAILLES,3317,629,18.96,2688,81.04,73.0,2.2,2.72,2615,78.84,97.28,F,JOLY,Eva,37,1.12,1.41,F,LE PEN,Marine,481,14.5,18.39,M,SARKOZY,Nicolas,713,21.5,27.27,M,MÉLENCHON,Jean-Luc,249,7.51,9.52,M,POUTOU,Philippe,46,1.39,1.76,F,ARTHAUD,Nathalie,22,0.66,0.84,M,CHEMINADE,Jacques,8,0.24,0.31,M,BAYROU,François,234,7.05,8.95,M,DUPONT-AIGNAN,Nicolas,80,2.41,3.06,M,HOLLANDE,François,745,22.46,28.49,HOLLANDE,745,2012,1,,,,,,,,,,,,,,,,,,,,,,,
23,CREUSE,12,LA COURTINE,1474,253,17.16,1221,82.84,25.0,1.7,2.05,1196,81.14,97.95,F,JOLY,Eva,19,1.29,1.59,F,LE PEN,Marine,190,12.89,15.89,M,SARKOZY,Nicolas,245,16.62,20.48,M,MÉLENCHON,Jean-Luc,160,10.85,13.38,M,POUTOU,Philippe,26,1.76,2.17,F,ARTHAUD,Nathalie,3,0.2,0.25,M,CHEMINADE,Jacques,3,0.2,0.25,M,BAYROU,François,95,6.45,7.94,M,DUPONT-AIGNAN,Nicolas,30,2.04,2.51,M,HOLLANDE,François,425,28.83,35.54,HOLLANDE,425,2012,1,,,,,,,,,,,,,,,,,,,,,,,
23,CREUSE,13,CROCQ,2739,568,20.74,2171,79.26,80.0,2.92,3.68,2091,76.34,96.32,F,JOLY,Eva,34,1.24,1.63,F,LE PEN,Marine,331,12.08,15.83,M,SARKOZY,Nicolas,549,20.04,26.26,M,MÉLENCHON,Jean-Luc,235,8.58,11.24,M,POUTOU,Philippe,26,0.95,1.24,F,ARTHAUD,Nathalie,15,0.55,0.72,M,CHEMINADE,Jacques,6,0.22,0.29,M,BAYROU,François,220,8.03,10.52,M,DUPONT-AIGNAN,Nicolas,35,1.28,1.67,M,HOLLANDE,François,640,23.37,30.61,HOLLANDE,640,2012,1,,,,,,,,,,,,,,,,,,,,,,,
23,CREUSE,14,DUN-LE-PALESTEL,5509,1133,20.57,4376,79.43,125.0,2.27,2.86,4251,77.16,97.14,F,JOLY,Eva,70,1.27,1.65,F,LE PEN,Marine,651,11.82,15.31,M,SARKOZY,Nicolas,1144,20.77,26.91,M,MÉLENCHON,Jean-Luc,500,9.08,11.76,M,POUTOU,Philippe,72,1.31,1.69,F,ARTHAUD,Nathalie,39,0.71,0.92,M,CHEMINADE,Jacques,16,0.29,0.38,M,BAYROU,François,317,5.75,7.46,M,DUPONT-AIGNAN,Nicolas,105,1.91,2.47,M,HOLLANDE,François,1337,24.27,31.45,HOLLANDE,1337,2012,1,,,,,,,,,,,,,,,,,,,,,,,
23,CREUSE,15,EVAUX-LES-BAINS,2430,400,16.46,2030,83.54,51.0,2.1,2.51,1979,81.44,97.49,F,JOLY,Eva,28,1.15,1.41,F,LE PEN,Marine,322,13.25,16.27,M,SARKOZY,Nicolas,498,20.49,25.16,M,MÉLENCHON,Jean-Luc,204,8.4,10.31,M,POUTOU,Philippe,24,0.99,1.21,F,ARTHAUD,Nathalie,19,0.78,0.96,M,CHEMINADE,Jacques,1,0.04,0.05,M,BAYROU,François,236,9.71,11.93,M,DUPONT-AIGNAN,Nicolas,53,2.18,2.68,M,HOLLANDE,François,594,24.44,30.02,HOLLANDE,594,2012,1,,,,,,,,,,,,,,,,,,,,,,,
23,CREUSE,16,FELLETIN,3300,545,16.52,2755,83.48,69.0,2.09,2.5,2686,81.39,97.5,F,JOLY,Eva,62,1.88,2.31,F,LE PEN,Marine,469,14.21,17.46,M,SARKOZY,Nicolas,709,21.48,26.4,M,MÉLENCHON,Jean-Luc,315,9.55,11.73,M,POUTOU,Philippe,33,1.0,1.23,F,ARTHAUD,Nathalie,14,0.42,0.52,M,CHEMINADE,Jacques,6,0.18,0.22,M,BAYROU,François,217,6.58,8.08,M,DUPONT-AIGNAN,Nicolas,57,1.73,2.12,M,HOLLANDE,François,804,24.36,29.93,HOLLANDE,804,2012,1,,,,,,,,,,,,,,,,,,,,,,,
23,CREUSE,17,GENTIOUX-PIGEROLLES,1274,233,18.29,1041,81.71,23.0,1.81,2.21,1018,79.91,97.79,F,JOLY,Eva,35,2.75,3.44,F,LE PEN,Marine,145,11.38,14.24,M,SARKOZY,Nicolas,161,12.64,15.82,M,MÉLENCHON,Jean-Luc,200,15.7,19.65,M,POUTOU,Philippe,20,1.57,1.96,F,ARTHAUD,Nathalie,7,0.55,0.69,M,CHEMINADE,Jacques,5,0.39,0.49,M,BAYROU,François,77,6.04,7.56,M,DUPONT-AIGNAN,Nicolas,20,1.57,1.96,M,HOLLANDE,François,348,27.32,34.18,HOLLANDE,348,2012,1,,,,,,,,,,,,,,,,,,,,,,,
23,CREUSE,18,LE GRAND-BOURG,3211,584,18.19,2627,81.81,71.0,2.21,2.7,2556,79.6,97.3,F,JOLY,Eva,44,1.37,1.72,F,LE PEN,Marine,407,12.68,15.92,M,SARKOZY,Nicolas,512,15.95,20.03,M,MÉLENCHON,Jean-Luc,418,13.02,16.35,M,POUTOU,Philippe,35,1.09,1.37,F,ARTHAUD,Nathalie,11,0.34,0.43,M,CHEMINADE,Jacques,6,0.19,0.23,M,BAYROU,François,216,6.73,8.45,M,DUPONT-AIGNAN,Nicolas,47,1.46,1.84,M,HOLLANDE,François,860,26.78,33.65,HOLLANDE,860,2012,1,,,,,,,,,,,,,,,,,,,,,,,
23,CREUSE,19,GUERET-NORD,6238,1126,18.05,5112,81.95,123.0,1.97,2.41,4989,79.98,97.59,F,JOLY,Eva,70,1.12,1.4,F,LE PEN,Marine,793,12.71,15.89,M,SARKOZY,Nicolas,960,15.39,19.24,M,MÉLENCHON,Jean-Luc,656,10.52,13.15,M,POUTOU,Philippe,61,0.98,1.22,F,ARTHAUD,Nathalie,32,0.51,0.64,M,CHEMINADE,Jacques,18,0.29,0.36,M,BAYROU,François,402,6.44,8.06,M,DUPONT-AIGNAN,Nicolas,91,1.46,1.82,M,HOLLANDE,François,1906,30.55,38.2,HOLLANDE,1906,2012,1,,,,,,,,,,,,,,,,,,,,,,,
23,CREUSE,20,JARNAGES,2860,421,14.72,2439,85.28,65.0,2.27,2.67,2374,83.01,97.33,F,JOLY,Eva,18,0.63,0.76,F,LE PEN,Marine,425,14.86,17.9,M,SARKOZY,Nicolas,616,21.54,25.95,M,MÉLENCHON,Jean-Luc,281,9.83,11.84,M,POUTOU,Philippe,38,1.33,1.6,F,ARTHAUD,Nathalie,9,0.31,0.38,M,CHEMINADE,Jacques,6,0.21,0.25,M,BAYROU,François,225,7.87,9.48,M,DUPONT-AIGNAN,Nicolas,51,1.78,2.15,M,HOLLANDE,François,705,24.65,29.7,HOLLANDE,705,2012,1,,,,,,,,,,,,,,,,,,,,,,,
23,CREUSE,21,PONTARION,2397,427,17.81,1970,82.19,54.0,2.25,2.74,1916,79.93,97.26,F,JOLY,Eva,43,1.79,2.24,F,LE PEN,Marine,347,14.48,18.11,M,SARKOZY,Nicolas,386,16.1,20.15,M,MÉLENCHON,Jean-Luc,296,12.35,15.45,M,POUTOU,Philippe,30,1.25,1.57,F,ARTHAUD,Nathalie,21,0.88,1.1,M,CHEMINADE,Jacques,5,0.21,0.26,M,BAYROU,François,151,6.3,7.88,M,DUPONT-AIGNAN,Nicolas,22,0.92,1.15,M,HOLLANDE,François,615,25.66,32.1,HOLLANDE,615,2012,1,,,,,,,,,,,,,,,,,,,,,,,
23,CREUSE,22,ROYÈRE-DE-VASSIVIÈRE,1581,267,16.89,1314,83.11,22.0,1.39,1.67,1292,81.72,98.33,F,JOLY,Eva,27,1.71,2.09,F,LE PEN,Marine,196,12.4,15.17,M,SARKOZY,Nicolas,282,17.84,21.83,M,MÉLENCHON,Jean-Luc,200,12.65,15.48,M,POUTOU,Philippe,26,1.64,2.01,F,ARTHAUD,Nathalie,12,0.76,0.93,M,CHEMINADE,Jacques,3,0.19,0.23,M,BAYROU,François,98,6.2,7.59,M,DUPONT-AIGNAN,Nicolas,19,1.2,1.47,M,HOLLANDE,François,429,27.13,33.2,HOLLANDE,429,2012,1,,,,,,,,,,,,,,,,,,,,,,,
23,CREUSE,23,SAINT-SULPICE-LES-CHAMPS,1772,258,14.56,1514,85.44,38.0,2.14,2.51,1476,83.3,97.49,F,JOLY,Eva,43,2.43,2.91,F,LE PEN,Marine,244,13.77,16.53,M,SARKOZY,Nicolas,321,18.12,21.75,M,MÉLENCHON,Jean-Luc,194,10.95,13.14,M,POUTOU,Philippe,20,1.13,1.36,F,ARTHAUD,Nathalie,7,0.4,0.47,M,CHEMINADE,Jacques,4,0.23,0.27,M,BAYROU,François,110,6.21,7.45,M,DUPONT-AIGNAN,Nicolas,30,1.69,2.03,M,HOLLANDE,François,503,28.39,34.08,HOLLANDE,503,2012,1,,,,,,,,,,,,,,,,,,,,,,,
23,CREUSE,24,SAINT-VAURY,5582,908,16.27,4674,83.73,118.0,2.11,2.52,4556,81.62,97.48,F,JOLY,Eva,74,1.33,1.62,F,LE PEN,Marine,680,12.18,14.93,M,SARKOZY,Nicolas,879,15.75,19.29,M,MÉLENCHON,Jean-Luc,624,11.18,13.7,M,POUTOU,Philippe,86,1.54,1.89,F,ARTHAUD,Nathalie,41,0.73,0.9,M,CHEMINADE,Jacques,8,0.14,0.18,M,BAYROU,François,339,6.07,7.44,M,DUPONT-AIGNAN,Nicolas,88,1.58,1.93,M,HOLLANDE,François,1737,31.12,38.13,HOLLANDE,1737,2012,1,,,,,,,,,,,,,,,,,,,,,,,
23,CREUSE,25,LA SOUTERRAINE,8544,1601,18.74,6943,81.26,140.0,1.64,2.02,6803,79.62,97.98,F,JOLY,Eva,136,1.59,2.0,F,LE PEN,Marine,1032,12.08,15.17,M,SARKOZY,Nicolas,1456,17.04,21.4,M,MÉLENCHON,Jean-Luc,1051,12.3,15.45,M,POUTOU,Philippe,83,0.97,1.22,F,ARTHAUD,Nathalie,41,0.48,0.6,M,CHEMINADE,Jacques,20,0.23,0.29,M,BAYROU,François,528,6.18,7.76,M,DUPONT-AIGNAN,Nicolas,123,1.44,1.81,M,HOLLANDE,François,2333,27.31,34.29,HOLLANDE,2333,2012,1,,,,,,,,,,,,,,,,,,,,,,,
23,CREUSE,26,GUÉRET-SUD-EST,5556,860,15.48,4696,84.52,85.0,1.53,1.81,4611,82.99,98.19,F,JOLY,Eva,91,1.64,1.97,F,LE PEN,Marine,573,10.31,12.43,M,SARKOZY,Nicolas,924,16.63,20.04,M,MÉLENCHON,Jean-Luc,641,11.54,13.9,M,POUTOU,Philippe,59,1.06,1.28,F,ARTHAUD,Nathalie,28,0.5,0.61,M,CHEMINADE,Jacques,17,0.31,0.37,M,BAYROU,François,393,7.07,8.52,M,DUPONT-AIGNAN,Nicolas,71,1.28,1.54,M,HOLLANDE,François,1814,32.65,39.34,HOLLANDE,1814,2012,1,,,,,,,,,,,,,,,,,,,,,,,
23,CREUSE,27,GUERET-SUD-OUEST,3463,680,19.64,2783,80.36,61.0,1.76,2.19,2722,78.6,97.81,F,JOLY,Eva,65,1.88,2.39,F,LE PEN,Marine,350,10.11,12.86,M,SARKOZY,Nicolas,521,15.04,19.14,M,MÉLENCHON,Jean-Luc,394,11.38,14.47,M,POUTOU,Philippe,34,0.98,1.25,F,ARTHAUD,Nathalie,14,0.4,0.51,M,CHEMINADE,Jacques,11,0.32,0.4,M,BAYROU,François,205,5.92,7.53,M,DUPONT-AIGNAN,Nicolas,42,1.21,1.54,M,HOLLANDE,François,1086,31.36,39.9,HOLLANDE,1086,2012,1,,,,,,,,,,,,,,,,,,,,,,,
24,DORDOGNE,1,BEAUMONT-DU-PÉRIGORD,2764,383,13.86,2381,86.14,60.0,2.17,2.52,2321,83.97,97.48,F,JOLY,Eva,53,1.92,2.28,F,LE PEN,Marine,384,13.89,16.54,M,SARKOZY,Nicolas,585,21.16,25.2,M,MÉLENCHON,Jean-Luc,286,10.35,12.32,M,POUTOU,Philippe,35,1.27,1.51,F,ARTHAUD,Nathalie,12,0.43,0.52,M,CHEMINADE,Jacques,12,0.43,0.52,M,BAYROU,François,267,9.66,11.5,M,DUPONT-AIGNAN,Nicolas,45,1.63,1.94,M,HOLLANDE,François,642,23.23,27.66,HOLLANDE,642,2012,1,,,,,,,,,,,,,,,,,,,,,,,
24,DORDOGNE,2,BELVES,3256,538,16.52,2718,83.48,39.0,1.2,1.43,2679,82.28,98.57,F,JOLY,Eva,65,2.0,2.43,F,LE PEN,Marine,397,12.19,14.82,M,SARKOZY,Nicolas,607,18.64,22.66,M,MÉLENCHON,Jean-Luc,389,11.95,14.52,M,POUTOU,Philippe,32,0.98,1.19,F,ARTHAUD,Nathalie,17,0.52,0.63,M,CHEMINADE,Jacques,14,0.43,0.52,M,BAYROU,François,233,7.16,8.7,M,DUPONT-AIGNAN,Nicolas,47,1.44,1.75,M,HOLLANDE,François,878,26.97,32.77,HOLLANDE,878,2012,1,,,,,,,,,,,,,,,,,,,,,,,
24,DORDOGNE,3,BERGERAC-1,15361,3328,21.67,12033,78.33,213.0,1.39,1.77,11820,76.95,98.23,F,JOLY,Eva,296,1.93,2.5,F,LE PEN,Marine,2180,14.19,18.44,M,SARKOZY,Nicolas,3042,19.8,25.74,M,MÉLENCHON,Jean-Luc,1358,8.84,11.49,M,POUTOU,Philippe,118,0.77,1.0,F,ARTHAUD,Nathalie,58,0.38,0.49,M,CHEMINADE,Jacques,19,0.12,0.16,M,BAYROU,François,1069,6.96,9.04,M,DUPONT-AIGNAN,Nicolas,183,1.19,1.55,M,HOLLANDE,François,3497,22.77,29.59,HOLLANDE,3497,2012,1,,,,,,,,,,,,,,,,,,,,,,,
24,DORDOGNE,4,BRANTÔME,5923,874,14.76,5049,85.24,120.0,2.03,2.38,4929,83.22,97.62,F,JOLY,Eva,93,1.57,1.89,F,LE PEN,Marine,812,13.71,16.47,M,SARKOZY,Nicolas,1160,19.58,23.53,M,MÉLENCHON,Jean-Luc,611,10.32,12.4,M,POUTOU,Philippe,84,1.42,1.7,F,ARTHAUD,Nathalie,32,0.54,0.65,M,CHEMINADE,Jacques,10,0.17,0.2,M,BAYROU,François,446,7.53,9.05,M,DUPONT-AIGNAN,Nicolas,102,1.72,2.07,M,HOLLANDE,François,1579,26.66,32.03,HOLLANDE,1579,2012,1,,,,,,,,,,,,,,,,,,,,,,,
24,DORDOGNE,5,LE BUGUE,3774,525,13.91,3249,86.09,70.0,1.85,2.15,3179,84.23,97.85,F,JOLY,Eva,72,1.91,2.26,F,LE PEN,Marine,539,14.28,16.96,M,SARKOZY,Nicolas,831,22.02,26.14,M,MÉLENCHON,Jean-Luc,369,9.78,11.61,M,POUTOU,Philippe,41,1.09,1.29,F,ARTHAUD,Nathalie,12,0.32,0.38,M,CHEMINADE,Jacques,14,0.37,0.44,M,BAYROU,François,259,6.86,8.15,M,DUPONT-AIGNAN,Nicolas,78,2.07,2.45,M,HOLLANDE,François,964,25.54,30.32,HOLLANDE,964,2012,1,,,,,,,,,,,,,,,,,,,,,,,
24,DORDOGNE,6,BUSSIÈRE-BADIL,2854,399,13.98,2455,86.02,60.0,2.1,2.44,2395,83.92,97.56,F,JOLY,Eva,46,1.61,1.92,F,LE PEN,Marine,393,13.77,16.41,M,SARKOZY,Nicolas,581,20.36,24.26,M,MÉLENCHON,Jean-Luc,300,10.51,12.53,M,POUTOU,Philippe,35,1.23,1.46,F,ARTHAUD,Nathalie,25,0.88,1.04,M,CHEMINADE,Jacques,7,0.25,0.29,M,BAYROU,François,177,6.2,7.39,M,DUPONT-AIGNAN,Nicolas,43,1.51,1.8,M,HOLLANDE,François,788,27.61,32.9,HOLLANDE,788,2012,1,,,,,,,,,,,,,,,,,,,,,,,
24,DORDOGNE,7,LE-BUISSON-DE-CADOUIN,3013,455,15.1,2558,84.9,63.0,2.09,2.46,2495,82.81,97.54,F,JOLY,Eva,69,2.29,2.77,F,LE PEN,Marine,365,12.11,14.63,M,SARKOZY,Nicolas,626,20.78,25.09,M,MÉLENCHON,Jean-Luc,325,10.79,13.03,M,POUTOU,Philippe,49,1.63,1.96,F,ARTHAUD,Nathalie,15,0.5,0.6,M,CHEMINADE,Jacques,10,0.33,0.4,M,BAYROU,François,238,7.9,9.54,M,DUPONT-AIGNAN,Nicolas,53,1.76,2.12,M,HOLLANDE,François,745,24.73,29.86,HOLLANDE,745,2012,1,,,,,,,,,,,,,,,,,,,,,,,
24,DORDOGNE,8,CARLUX,4323,537,12.42,3786,87.58,80.0,1.85,2.11,3706,85.73,97.89,F,JOLY,Eva,109,2.52,2.94,F,LE PEN,Marine,624,14.43,16.84,M,SARKOZY,Nicolas,720,16.66,19.43,M,MÉLENCHON,Jean-Luc,557,12.88,15.03,M,POUTOU,Philippe,52,1.2,1.4,F,ARTHAUD,Nathalie,23,0.53,0.62,M,CHEMINADE,Jacques,9,0.21,0.24,M,BAYROU,François,275,6.36,7.42,M,DUPONT-AIGNAN,Nicolas,74,1.71,2.0,M,HOLLANDE,François,1263,29.22,34.08,HOLLANDE,1263,2012,1,,,,,,,,,,,,,,,,,,,,,,,
24,DORDOGNE,9,CHAMPAGNAC-DE-BELAIR,2572,340,13.22,2232,86.78,52.0,2.02,2.33,2180,84.76,97.67,F,JOLY,Eva,33,1.28,1.51,F,LE PEN,Marine,347,13.49,15.92,M,SARKOZY,Nicolas,482,18.74,22.11,M,MÉLENCHON,Jean-Luc,281,10.93,12.89,M,POUTOU,Philippe,32,1.24,1.47,F,ARTHAUD,Nathalie,14,0.54,0.64,M,CHEMINADE,Jacques,6,0.23,0.28,M,BAYROU,François,174,6.77,7.98,M,DUPONT-AIGNAN,Nicolas,41,1.59,1.88,M,HOLLANDE,François,770,29.94,35.32,HOLLANDE,770,2012,1,,,,,,,,,,,,,,,,,,,,,,,
24,DORDOGNE,10,DOMME,5232,685,13.09,4547,86.91,85.0,1.62,1.87,4462,85.28,98.13,F,JOLY,Eva,111,2.12,2.49,F,LE PEN,Marine,639,12.21,14.32,M,SARKOZY,Nicolas,1114,21.29,24.97,M,MÉLENCHON,Jean-Luc,593,11.33,13.29,M,POUTOU,Philippe,62,1.19,1.39,F,ARTHAUD,Nathalie,17,0.32,0.38,M,CHEMINADE,Jacques,11,0.21,0.25,M,BAYROU,François,337,6.44,7.55,M,DUPONT-AIGNAN,Nicolas,89,1.7,1.99,M,HOLLANDE,François,1489,28.46,33.37,HOLLANDE,1489,2012,1,,,,,,,,,,,,,,,,,,,,,,,
24,DORDOGNE,11,EXCIDEUIL,4226,596,14.1,3630,85.9,84.0,1.99,2.31,3546,83.91,97.69,F,JOLY,Eva,75,1.77,2.12,F,LE PEN,Marine,490,11.59,13.82,M,SARKOZY,Nicolas,790,18.69,22.28,M,MÉLENCHON,Jean-Luc,449,10.62,12.66,M,POUTOU,Philippe,54,1.28,1.52,F,ARTHAUD,Nathalie,16,0.38,0.45,M,CHEMINADE,Jacques,16,0.38,0.45,M,BAYROU,François,283,6.7,7.98,M,DUPONT-AIGNAN,Nicolas,79,1.87,2.23,M,HOLLANDE,François,1294,30.62,36.49,HOLLANDE,1294,2012,1,,,,,,,,,,,,,,,,,,,,,,,
24,DORDOGNE,12,EYMET,3192,487,15.26,2705,84.74,49.0,1.54,1.81,2656,83.21,98.19,F,JOLY,Eva,53,1.66,2.0,F,LE PEN,Marine,538,16.85,20.26,M,SARKOZY,Nicolas,685,21.46,25.79,M,MÉLENCHON,Jean-Luc,348,10.9,13.1,M,POUTOU,Philippe,37,1.16,1.39,F,ARTHAUD,Nathalie,10,0.31,0.38,M,CHEMINADE,Jacques,10,0.31,0.38,M,BAYROU,François,260,8.15,9.79,M,DUPONT-AIGNAN,Nicolas,72,2.26,2.71,M,HOLLANDE,François,643,20.14,24.21,SARKOZY,685,2012,1,,,,,,,,,,,,,,,,,,,,,,,
24,DORDOGNE,13,HAUTEFORT,3290,452,13.74,2838,86.26,73.0,2.22,2.57,2765,84.04,97.43,F,JOLY,Eva,55,1.67,1.99,F,LE PEN,Marine,360,10.94,13.02,M,SARKOZY,Nicolas,692,21.03,25.03,M,MÉLENCHON,Jean-Luc,331,10.06,11.97,M,POUTOU,Philippe,30,0.91,1.08,F,ARTHAUD,Nathalie,18,0.55,0.65,M,CHEMINADE,Jacques,12,0.36,0.43,M,BAYROU,François,229,6.96,8.28,M,DUPONT-AIGNAN,Nicolas,42,1.28,1.52,M,HOLLANDE,François,996,30.27,36.02,HOLLANDE,996,2012,1,,,,,,,,,,,,,,,,,,,,,,,
24,DORDOGNE,14,ISSIGEAC,3499,460,13.15,3039,86.85,65.0,1.86,2.14,2974,85.0,97.86,F,JOLY,Eva,76,2.17,2.56,F,LE PEN,Marine,580,16.58,19.5,M,SARKOZY,Nicolas,782,22.35,26.29,M,MÉLENCHON,Jean-Luc,383,10.95,12.88,M,POUTOU,Philippe,32,0.91,1.08,F,ARTHAUD,Nathalie,15,0.43,0.5,M,CHEMINADE,Jacques,9,0.26,0.3,M,BAYROU,François,300,8.57,10.09,M,DUPONT-AIGNAN,Nicolas,48,1.37,1.61,M,HOLLANDE,François,749,21.41,25.18,SARKOZY,782,2012,1,,,,,,,,,,,,,,,,,,,,,,,
24,DORDOGNE,15,JUMILHAC-LE-GRAND,3840,551,14.35,3289,85.65,96.0,2.5,2.92,3193,83.15,97.08,F,JOLY,Eva,66,1.72,2.07,F,LE PEN,Marine,559,14.56,17.51,M,SARKOZY,Nicolas,722,18.8,22.61,M,MÉLENCHON,Jean-Luc,549,14.3,17.19,M,POUTOU,Philippe,40,1.04,1.25,F,ARTHAUD,Nathalie,17,0.44,0.53,M,CHEMINADE,Jacques,10,0.26,0.31,M,BAYROU,François,214,5.57,6.7,M,DUPONT-AIGNAN,Nicolas,56,1.46,1.75,M,HOLLANDE,François,960,25.0,30.07,HOLLANDE,960,2012,1,,,,,,,,,,,,,,,,,,,,,,,
24,DORDOGNE,16,LA FORCE,9435,1451,15.38,7984,84.62,181.0,1.92,2.27,7803,82.7,97.73,F,JOLY,Eva,157,1.66,2.01,F,LE PEN,Marine,1680,17.81,21.53,M,SARKOZY,Nicolas,1691,17.92,21.67,M,MÉLENCHON,Jean-Luc,1016,10.77,13.02,M,POUTOU,Philippe,128,1.36,1.64,F,ARTHAUD,Nathalie,49,0.52,0.63,M,CHEMINADE,Jacques,22,0.23,0.28,M,BAYROU,François,675,7.15,8.65,M,DUPONT-AIGNAN,Nicolas,143,1.52,1.83,M,HOLLANDE,François,2242,23.76,28.73,HOLLANDE,2242,2012,1,,,,,,,,,,,,,,,,,,,,,,,
24,DORDOGNE,17,LALINDE,6498,898,13.82,5600,86.18,116.0,1.79,2.07,5484,84.4,97.93,F,JOLY,Eva,128,1.97,2.33,F,LE PEN,Marine,984,15.14,17.94,M,SARKOZY,Nicolas,1158,17.82,21.12,M,MÉLENCHON,Jean-Luc,780,12.0,14.22,M,POUTOU,Philippe,74,1.14,1.35,F,ARTHAUD,Nathalie,28,0.43,0.51,M,CHEMINADE,Jacques,14,0.22,0.26,M,BAYROU,François,451,6.94,8.22,M,DUPONT-AIGNAN,Nicolas,90,1.39,1.64,M,HOLLANDE,François,1777,27.35,32.4,HOLLANDE,1777,2012,1,,,,,,,,,,,,,,,,,,,,,,,
24,DORDOGNE,18,LANOUAILLE,4356,545,12.51,3811,87.49,115.0,2.64,3.02,3696,84.85,96.98,F,JOLY,Eva,53,1.22,1.43,F,LE PEN,Marine,601,13.8,16.26,M,SARKOZY,Nicolas,861,19.77,23.3,M,MÉLENCHON,Jean-Luc,507,11.64,13.72,M,POUTOU,Philippe,31,0.71,0.84,F,ARTHAUD,Nathalie,23,0.53,0.62,M,CHEMINADE,Jacques,6,0.14,0.16,M,BAYROU,François,273,6.27,7.39,M,DUPONT-AIGNAN,Nicolas,84,1.93,2.27,M,HOLLANDE,François,1257,28.86,34.01,HOLLANDE,1257,2012,1,,,,,,,,,,,,,,,,,,,,,,,
24,DORDOGNE,19,MAREUIL,2642,396,14.99,2246,85.01,63.0,2.38,2.8,2183,82.63,97.2,F,JOLY,Eva,48,1.82,2.2,F,LE PEN,Marine,365,13.82,16.72,M,SARKOZY,Nicolas,563,21.31,25.79,M,MÉLENCHON,Jean-Luc,289,10.94,13.24,M,POUTOU,Philippe,28,1.06,1.28,F,ARTHAUD,Nathalie,8,0.3,0.37,M,CHEMINADE,Jacques,5,0.19,0.23,M,BAYROU,François,169,6.4,7.74,M,DUPONT-AIGNAN,Nicolas,51,1.93,2.34,M,HOLLANDE,François,657,24.87,30.1,HOLLANDE,657,2012,1,,,,,,,,,,,,,,,,,,,,,,,
24,DORDOGNE,20,MONPAZIER,1733,252,14.54,1481,85.46,29.0,1.67,1.96,1452,83.79,98.04,F,JOLY,Eva,37,2.14,2.55,F,LE PEN,Marine,246,14.2,16.94,M,SARKOZY,Nicolas,289,16.68,19.9,M,MÉLENCHON,Jean-Luc,224,12.93,15.43,M,POUTOU,Philippe,22,1.27,1.52,F,ARTHAUD,Nathalie,10,0.58,0.69,M,CHEMINADE,Jacques,6,0.35,0.41,M,BAYROU,François,163,9.41,11.23,M,DUPONT-AIGNAN,Nicolas,31,1.79,2.13,M,HOLLANDE,François,424,24.47,29.2,HOLLANDE,424,2012,1,,,,,,,,,,,,,,,,,,,,,,,
24,DORDOGNE,21,MONTAGRIER,3874,502,12.96,3372,87.04,84.0,2.17,2.49,3288,84.87,97.51,F,JOLY,Eva,72,1.86,2.19,F,LE PEN,Marine,523,13.5,15.91,M,SARKOZY,Nicolas,697,17.99,21.2,M,MÉLENCHON,Jean-Luc,450,11.62,13.69,M,POUTOU,Philippe,42,1.08,1.28,F,ARTHAUD,Nathalie,20,0.52,0.61,M,CHEMINADE,Jacques,9,0.23,0.27,M,BAYROU,François,240,6.2,7.3,M,DUPONT-AIGNAN,Nicolas,63,1.63,1.92,M,HOLLANDE,François,1172,30.25,35.64,HOLLANDE,1172,2012,1,,,,,,,,,,,,,,,,,,,,,,,
24,DORDOGNE,22,MONTIGNAC,7186,1057,14.71,6129,85.29,116.0,1.61,1.89,6013,83.68,98.11,F,JOLY,Eva,254,3.53,4.22,F,LE PEN,Marine,793,11.04,13.19,M,SARKOZY,Nicolas,1336,18.59,22.22,M,MÉLENCHON,Jean-Luc,959,13.35,15.95,M,POUTOU,Philippe,70,0.97,1.16,F,ARTHAUD,Nathalie,36,0.5,0.6,M,CHEMINADE,Jacques,14,0.19,0.23,M,BAYROU,François,379,5.27,6.3,M,DUPONT-AIGNAN,Nicolas,109,1.52,1.81,M,HOLLANDE,François,2063,28.71,34.31,HOLLANDE,2063,2012,1,,,,,,,,,,,,,,,,,,,,,,,
24,DORDOGNE,23,MONTPON-MÉNESTÉROL,8311,1329,15.99,6982,84.01,178.0,2.14,2.55,6804,81.87,97.45,F,JOLY,Eva,97,1.17,1.43,F,LE PEN,Marine,1444,17.37,21.22,M,SARKOZY,Nicolas,1646,19.81,24.19,M,MÉLENCHON,Jean-Luc,775,9.32,11.39,M,POUTOU,Philippe,108,1.3,1.59,F,ARTHAUD,Nathalie,44,0.53,0.65,M,CHEMINADE,Jacques,11,0.13,0.16,M,BAYROU,François,514,6.18,7.55,M,DUPONT-AIGNAN,Nicolas,123,1.48,1.81,M,HOLLANDE,François,2042,24.57,30.01,HOLLANDE,2042,2012,1,,,,,,,,,,,,,,,,,,,,,,,
24,DORDOGNE,24,MUSSIDAN,7327,1082,14.77,6245,85.23,137.0,1.87,2.19,6108,83.36,97.81,F,JOLY,Eva,91,1.24,1.49,F,LE PEN,Marine,1186,16.19,19.42,M,SARKOZY,Nicolas,1260,17.2,20.63,M,MÉLENCHON,Jean-Luc,984,13.43,16.11,M,POUTOU,Philippe,81,1.11,1.33,F,ARTHAUD,Nathalie,49,0.67,0.8,M,CHEMINADE,Jacques,11,0.15,0.18,M,BAYROU,François,397,5.42,6.5,M,DUPONT-AIGNAN,Nicolas,110,1.5,1.8,M,HOLLANDE,François,1939,26.46,31.75,HOLLANDE,1939,2012,1,,,,,,,,,,,,,,,,,,,,,,,
24,DORDOGNE,25,NEUVIC,5901,776,13.15,5125,86.85,113.0,1.91,2.2,5012,84.93,97.8,F,JOLY,Eva,118,2.0,2.35,F,LE PEN,Marine,913,15.47,18.22,M,SARKOZY,Nicolas,974,16.51,19.43,M,MÉLENCHON,Jean-Luc,831,14.08,16.58,M,POUTOU,Philippe,73,1.24,1.46,F,ARTHAUD,Nathalie,37,0.63,0.74,M,CHEMINADE,Jacques,9,0.15,0.18,M,BAYROU,François,306,5.19,6.11,M,DUPONT-AIGNAN,Nicolas,107,1.81,2.13,M,HOLLANDE,François,1644,27.86,32.8,HOLLANDE,1644,2012,1,,,,,,,,,,,,,,,,,,,,,,,
24,DORDOGNE,26,NONTRON,6878,1000,14.54,5878,85.46,180.0,2.62,3.06,5698,82.84,96.94,F,JOLY,Eva,96,1.4,1.68,F,LE PEN,Marine,1007,14.64,17.67,M,SARKOZY,Nicolas,1402,20.38,24.61,M,MÉLENCHON,Jean-Luc,769,11.18,13.5,M,POUTOU,Philippe,96,1.4,1.68,F,ARTHAUD,Nathalie,48,0.7,0.84,M,CHEMINADE,Jacques,7,0.1,0.12,M,BAYROU,François,414,6.02,7.27,M,DUPONT-AIGNAN,Nicolas,119,1.73,2.09,M,HOLLANDE,François,1740,25.3,30.54,HOLLANDE,1740,2012,1,,,,,,,,,,,,,,,,,,,,,,,
24,DORDOGNE,27,PERIGUEUX-CENTRE,10973,2133,19.44,8840,80.56,151.0,1.38,1.71,8689,79.19,98.29,F,JOLY,Eva,233,2.12,2.68,F,LE PEN,Marine,982,8.95,11.3,M,SARKOZY,Nicolas,2533,23.08,29.15,M,MÉLENCHON,Jean-Luc,1157,10.54,13.32,M,POUTOU,Philippe,88,0.8,1.01,F,ARTHAUD,Nathalie,41,0.37,0.47,M,CHEMINADE,Jacques,18,0.16,0.21,M,BAYROU,François,761,6.94,8.76,M,DUPONT-AIGNAN,Nicolas,138,1.26,1.59,M,HOLLANDE,François,2738,24.95,31.51,HOLLANDE,2738,2012,1,,,,,,,,,,,,,,,,,,,,,,,
24,DORDOGNE,28,RIBERAC,6441,1036,16.08,5405,83.92,157.0,2.44,2.9,5248,81.48,97.1,F,JOLY,Eva,92,1.43,1.75,F,LE PEN,Marine,849,13.18,16.18,M,SARKOZY,Nicolas,1273,19.76,24.26,M,MÉLENCHON,Jean-Luc,660,10.25,12.58,M,POUTOU,Philippe,70,1.09,1.33,F,ARTHAUD,Nathalie,33,0.51,0.63,M,CHEMINADE,Jacques,7,0.11,0.13,M,BAYROU,François,407,6.32,7.76,M,DUPONT-AIGNAN,Nicolas,80,1.24,1.52,M,HOLLANDE,François,1777,27.59,33.86,HOLLANDE,1777,2012,1,,,,,,,,,,,,,,,,,,,,,,,
24,DORDOGNE,29,SAINTE-ALVERE,2016,251,12.45,1765,87.55,34.0,1.69,1.93,1731,85.86,98.07,F,JOLY,Eva,47,2.33,2.72,F,LE PEN,Marine,292,14.48,16.87,M,SARKOZY,Nicolas,442,21.92,25.53,M,MÉLENCHON,Jean-Luc,228,11.31,13.17,M,POUTOU,Philippe,28,1.39,1.62,F,ARTHAUD,Nathalie,6,0.3,0.35,M,CHEMINADE,Jacques,2,0.1,0.12,M,BAYROU,François,169,8.38,9.76,M,DUPONT-AIGNAN,Nicolas,35,1.74,2.02,M,HOLLANDE,François,482,23.91,27.85,HOLLANDE,482,2012,1,,,,,,,,,,,,,,,,,,,,,,,
24,DORDOGNE,30,SAINT-ASTIER,14855,2190,14.74,12665,85.26,254.0,1.71,2.01,12411,83.55,97.99,F,JOLY,Eva,218,1.47,1.76,F,LE PEN,Marine,2219,14.94,17.88,M,SARKOZY,Nicolas,2350,15.82,18.93,M,MÉLENCHON,Jean-Luc,2155,14.51,17.36,M,POUTOU,Philippe,211,1.42,1.7,F,ARTHAUD,Nathalie,91,0.61,0.73,M,CHEMINADE,Jacques,31,0.21,0.25,M,BAYROU,François,922,6.21,7.43,M,DUPONT-AIGNAN,Nicolas,260,1.75,2.09,M,HOLLANDE,François,3954,26.62,31.86,HOLLANDE,3954,2012,1,,,,,,,,,,,,,,,,,,,,,,,
24,DORDOGNE,31,SAINT-AULAYE,5209,962,18.47,4247,81.53,91.0,1.75,2.14,4156,79.78,97.86,F,JOLY,Eva,60,1.15,1.44,F,LE PEN,Marine,877,16.84,21.1,M,SARKOZY,Nicolas,1042,20.0,25.07,M,MÉLENCHON,Jean-Luc,397,7.62,9.55,M,POUTOU,Philippe,66,1.27,1.59,F,ARTHAUD,Nathalie,28,0.54,0.67,M,CHEMINADE,Jacques,9,0.17,0.22,M,BAYROU,François,296,5.68,7.12,M,DUPONT-AIGNAN,Nicolas,63,1.21,1.52,M,HOLLANDE,François,1318,25.3,31.71,HOLLANDE,1318,2012,1,,,,,,,,,,,,,,,,,,,,,,,
24,DORDOGNE,32,SAINT-CYPRIEN,5716,838,14.66,4878,85.34,118.0,2.06,2.42,4760,83.28,97.58,F,JOLY,Eva,158,2.76,3.32,F,LE PEN,Marine,653,11.42,13.72,M,SARKOZY,Nicolas,1036,18.12,21.76,M,MÉLENCHON,Jean-Luc,718,12.56,15.08,M,POUTOU,Philippe,100,1.75,2.1,F,ARTHAUD,Nathalie,36,0.63,0.76,M,CHEMINADE,Jacques,9,0.16,0.19,M,BAYROU,François,414,7.24,8.7,M,DUPONT-AIGNAN,Nicolas,75,1.31,1.58,M,HOLLANDE,François,1561,27.31,32.79,HOLLANDE,1561,2012,1,,,,,,,,,,,,,,,,,,,,,,,
24,DORDOGNE,33,SAINT-PARDOUX-LA-RIVIERE,3703,609,16.45,3094,83.55,99.0,2.67,3.2,2995,80.88,96.8,F,JOLY,Eva,42,1.13,1.4,F,LE PEN,Marine,520,14.04,17.36,M,SARKOZY,Nicolas,726,19.61,24.24,M,MÉLENCHON,Jean-Luc,401,10.83,13.39,M,POUTOU,Philippe,43,1.16,1.44,F,ARTHAUD,Nathalie,29,0.78,0.97,M,CHEMINADE,Jacques,4,0.11,0.13,M,BAYROU,François,224,6.05,7.48,M,DUPONT-AIGNAN,Nicolas,65,1.76,2.17,M,HOLLANDE,François,941,25.41,31.42,HOLLANDE,941,2012,1,,,,,,,,,,,,,,,,,,,,,,,
24,DORDOGNE,34,SAINT-PIERRE-DE-CHIGNAC,15390,2162,14.05,13228,85.95,282.0,1.83,2.13,12946,84.12,97.87,F,JOLY,Eva,259,1.68,2.0,F,LE PEN,Marine,1970,12.8,15.22,M,SARKOZY,Nicolas,2657,17.26,20.52,M,MÉLENCHON,Jean-Luc,2039,13.25,15.75,M,POUTOU,Philippe,173,1.12,1.34,F,ARTHAUD,Nathalie,49,0.32,0.38,M,CHEMINADE,Jacques,25,0.16,0.19,M,BAYROU,François,1019,6.62,7.87,M,DUPONT-AIGNAN,Nicolas,209,1.36,1.61,M,HOLLANDE,François,4546,29.54,35.12,HOLLANDE,4546,2012,1,,,,,,,,,,,,,,,,,,,,,,,
24,DORDOGNE,35,SALIGNAC-EYVIGUES,3250,426,13.11,2824,86.89,74.0,2.28,2.62,2750,84.62,97.38,F,JOLY,Eva,53,1.63,1.93,F,LE PEN,Marine,425,13.08,15.45,M,SARKOZY,Nicolas,745,22.92,27.09,M,MÉLENCHON,Jean-Luc,333,10.25,12.11,M,POUTOU,Philippe,30,0.92,1.09,F,ARTHAUD,Nathalie,16,0.49,0.58,M,CHEMINADE,Jacques,10,0.31,0.36,M,BAYROU,François,235,7.23,8.55,M,DUPONT-AIGNAN,Nicolas,64,1.97,2.33,M,HOLLANDE,François,839,25.82,30.51,HOLLANDE,839,2012,1,,,,,,,,,,,,,,,,,,,,,,,
24,DORDOGNE,36,SARLAT-LA-CANÉDA,12423,1766,14.22,10657,85.78,218.0,1.75,2.05,10439,84.03,97.95,F,JOLY,Eva,261,2.1,2.5,F,LE PEN,Marine,1372,11.04,13.14,M,SARKOZY,Nicolas,2520,20.28,24.14,M,MÉLENCHON,Jean-Luc,1466,11.8,14.04,M,POUTOU,Philippe,122,0.98,1.17,F,ARTHAUD,Nathalie,52,0.42,0.5,M,CHEMINADE,Jacques,33,0.27,0.32,M,BAYROU,François,927,7.46,8.88,M,DUPONT-AIGNAN,Nicolas,206,1.66,1.97,M,HOLLANDE,François,3480,28.01,33.34,HOLLANDE,3480,2012,1,,,,,,,,,,,,,,,,,,,,,,,
24,DORDOGNE,37,SAVIGNAC-LES-EGLISES,7337,865,11.79,6472,88.21,150.0,2.04,2.32,6322,86.17,97.68,F,JOLY,Eva,120,1.64,1.9,F,LE PEN,Marine,926,12.62,14.65,M,SARKOZY,Nicolas,1363,18.58,21.56,M,MÉLENCHON,Jean-Luc,1039,14.16,16.43,M,POUTOU,Philippe,93,1.27,1.47,F,ARTHAUD,Nathalie,36,0.49,0.57,M,CHEMINADE,Jacques,14,0.19,0.22,M,BAYROU,François,456,6.22,7.21,M,DUPONT-AIGNAN,Nicolas,132,1.8,2.09,M,HOLLANDE,François,2143,29.21,33.9,HOLLANDE,2143,2012,1,,,,,,,,,,,,,,,,,,,,,,,
24,DORDOGNE,38,SIGOULES,7323,1107,15.12,6216,84.88,125.0,1.71,2.01,6091,83.18,97.99,F,JOLY,Eva,129,1.76,2.12,F,LE PEN,Marine,1332,18.19,21.87,M,SARKOZY,Nicolas,1593,21.75,26.15,M,MÉLENCHON,Jean-Luc,655,8.94,10.75,M,POUTOU,Philippe,85,1.16,1.4,F,ARTHAUD,Nathalie,28,0.38,0.46,M,CHEMINADE,Jacques,14,0.19,0.23,M,BAYROU,François,576,7.87,9.46,M,DUPONT-AIGNAN,Nicolas,112,1.53,1.84,M,HOLLANDE,François,1567,21.4,25.73,SARKOZY,1593,2012,1,,,,,,,,,,,,,,,,,,,,,,,
24,DORDOGNE,39,TERRASSON-LA-VILLEDIEU,10758,1477,13.73,9281,86.27,190.0,1.77,2.05,9091,84.5,97.95,F,JOLY,Eva,124,1.15,1.36,F,LE PEN,Marine,1598,14.85,17.58,M,SARKOZY,Nicolas,1694,15.75,18.63,M,MÉLENCHON,Jean-Luc,1254,11.66,13.79,M,POUTOU,Philippe,132,1.23,1.45,F,ARTHAUD,Nathalie,55,0.51,0.6,M,CHEMINADE,Jacques,17,0.16,0.19,M,BAYROU,François,609,5.66,6.7,M,DUPONT-AIGNAN,Nicolas,142,1.32,1.56,M,HOLLANDE,François,3466,32.22,38.13,HOLLANDE,3466,2012,1,,,,,,,,,,,,,,,,,,,,,,,
24,DORDOGNE,40,THENON,3500,508,14.51,2992,85.49,71.0,2.03,2.37,2921,83.46,97.63,F,JOLY,Eva,70,2.0,2.4,F,LE PEN,Marine,506,14.46,17.32,M,SARKOZY,Nicolas,651,18.6,22.29,M,MÉLENCHON,Jean-Luc,358,10.23,12.26,M,POUTOU,Philippe,44,1.26,1.51,F,ARTHAUD,Nathalie,19,0.54,0.65,M,CHEMINADE,Jacques,0,0.0,0.0,M,BAYROU,François,209,5.97,7.16,M,DUPONT-AIGNAN,Nicolas,63,1.8,2.16,M,HOLLANDE,François,1001,28.6,34.27,HOLLANDE,1001,2012,1,,,,,,,,,,,,,,,,,,,,,,,
24,DORDOGNE,41,THIVIERS,5761,808,14.03,4953,85.97,124.0,2.15,2.5,4829,83.82,97.5,F,JOLY,Eva,81,1.41,1.68,F,LE PEN,Marine,686,11.91,14.21,M,SARKOZY,Nicolas,1184,20.55,24.52,M,MÉLENCHON,Jean-Luc,666,11.56,13.79,M,POUTOU,Philippe,50,0.87,1.04,F,ARTHAUD,Nathalie,34,0.59,0.7,M,CHEMINADE,Jacques,8,0.14,0.17,M,BAYROU,François,369,6.41,7.64,M,DUPONT-AIGNAN,Nicolas,100,1.74,2.07,M,HOLLANDE,François,1651,28.66,34.19,HOLLANDE,1651,2012,1,,,,,,,,,,,,,,,,,,,,,,,
24,DORDOGNE,42,VELINES,7706,1192,15.47,6514,84.53,119.0,1.54,1.83,6395,82.99,98.17,F,JOLY,Eva,135,1.75,2.11,F,LE PEN,Marine,1639,21.27,25.63,M,SARKOZY,Nicolas,1571,20.39,24.57,M,MÉLENCHON,Jean-Luc,651,8.45,10.18,M,POUTOU,Philippe,73,0.95,1.14,F,ARTHAUD,Nathalie,28,0.36,0.44,M,CHEMINADE,Jacques,21,0.27,0.33,M,BAYROU,François,462,6.0,7.22,M,DUPONT-AIGNAN,Nicolas,113,1.47,1.77,M,HOLLANDE,François,1702,22.09,26.61,HOLLANDE,1702,2012,1,,,,,,,,,,,,,,,,,,,,,,,
24,DORDOGNE,43,VERGT,4785,683,14.27,4102,85.73,100.0,2.09,2.44,4002,83.64,97.56,F,JOLY,Eva,74,1.55,1.85,F,LE PEN,Marine,732,15.3,18.29,M,SARKOZY,Nicolas,996,20.82,24.89,M,MÉLENCHON,Jean-Luc,519,10.85,12.97,M,POUTOU,Philippe,56,1.17,1.4,F,ARTHAUD,Nathalie,28,0.59,0.7,M,CHEMINADE,Jacques,14,0.29,0.35,M,BAYROU,François,364,7.61,9.1,M,DUPONT-AIGNAN,Nicolas,91,1.9,2.27,M,HOLLANDE,François,1128,23.57,28.19,HOLLANDE,1128,2012,1,,,,,,,,,,,,,,,,,,,,,,,
24,DORDOGNE,44,VERTEILLAC,3447,458,13.29,2989,86.71,82.0,2.38,2.74,2907,84.33,97.26,F,JOLY,Eva,52,1.51,1.79,F,LE PEN,Marine,537,15.58,18.47,M,SARKOZY,Nicolas,745,21.61,25.63,M,MÉLENCHON,Jean-Luc,276,8.01,9.49,M,POUTOU,Philippe,38,1.1,1.31,F,ARTHAUD,Nathalie,13,0.38,0.45,M,CHEMINADE,Jacques,2,0.06,0.07,M,BAYROU,François,235,6.82,8.08,M,DUPONT-AIGNAN,Nicolas,62,1.8,2.13,M,HOLLANDE,François,947,27.47,32.58,HOLLANDE,947,2012,1,,,,,,,,,,,,,,,,,,,,,,,
24,DORDOGNE,45,VILLAMBLARD,4365,588,13.47,3777,86.53,81.0,1.86,2.14,3696,84.67,97.86,F,JOLY,Eva,116,2.66,3.14,F,LE PEN,Marine,658,15.07,17.8,M,SARKOZY,Nicolas,876,20.07,23.7,M,MÉLENCHON,Jean-Luc,553,12.67,14.96,M,POUTOU,Philippe,56,1.28,1.52,F,ARTHAUD,Nathalie,10,0.23,0.27,M,CHEMINADE,Jacques,9,0.21,0.24,M,BAYROU,François,326,7.47,8.82,M,DUPONT-AIGNAN,Nicolas,63,1.44,1.7,M,HOLLANDE,François,1029,23.57,27.84,HOLLANDE,1029,2012,1,,,,,,,,,,,,,,,,,,,,,,,
24,DORDOGNE,46,VILLEFRANCHE-DE-LONCHAT,3733,586,15.7,3147,84.3,73.0,1.96,2.32,3074,82.35,97.68,F,JOLY,Eva,57,1.53,1.85,F,LE PEN,Marine,733,19.64,23.85,M,SARKOZY,Nicolas,713,19.1,23.19,M,MÉLENCHON,Jean-Luc,332,8.89,10.8,M,POUTOU,Philippe,37,0.99,1.2,F,ARTHAUD,Nathalie,24,0.64,0.78,M,CHEMINADE,Jacques,7,0.19,0.23,M,BAYROU,François,252,6.75,8.2,M,DUPONT-AIGNAN,Nicolas,60,1.61,1.95,M,HOLLANDE,François,859,23.01,27.94,HOLLANDE,859,2012,1,,,,,,,,,,,,,,,,,,,,,,,
24,DORDOGNE,47,VILLEFRANCHE-DU-PÉRIGORD,1829,246,13.45,1583,86.55,50.0,2.73,3.16,1533,83.82,96.84,F,JOLY,Eva,24,1.31,1.57,F,LE PEN,Marine,239,13.07,15.59,M,SARKOZY,Nicolas,361,19.74,23.55,M,MÉLENCHON,Jean-Luc,227,12.41,14.81,M,POUTOU,Philippe,25,1.37,1.63,F,ARTHAUD,Nathalie,11,0.6,0.72,M,CHEMINADE,Jacques,4,0.22,0.26,M,BAYROU,François,148,8.09,9.65,M,DUPONT-AIGNAN,Nicolas,39,2.13,2.54,M,HOLLANDE,François,455,24.88,29.68,HOLLANDE,455,2012,1,,,,,,,,,,,,,,,,,,,,,,,
24,DORDOGNE,48,BERGERAC-2,12496,2091,16.73,10405,83.27,211.0,1.69,2.03,10194,81.58,97.97,F,JOLY,Eva,200,1.6,1.96,F,LE PEN,Marine,2207,17.66,21.65,M,SARKOZY,Nicolas,2244,17.96,22.01,M,MÉLENCHON,Jean-Luc,1243,9.95,12.19,M,POUTOU,Philippe,132,1.06,1.29,F,ARTHAUD,Nathalie,53,0.42,0.52,M,CHEMINADE,Jacques,26,0.21,0.26,M,BAYROU,François,920,7.36,9.02,M,DUPONT-AIGNAN,Nicolas,195,1.56,1.91,M,HOLLANDE,François,2974,23.8,29.17,HOLLANDE,2974,2012,1,,,,,,,,,,,,,,,,,,,,,,,
24,DORDOGNE,49,PÉRIGUEUX-NORD-EST,12555,1818,14.48,10737,85.52,199.0,1.59,1.85,10538,83.93,98.15,F,JOLY,Eva,237,1.89,2.25,F,LE PEN,Marine,1396,11.12,13.25,M,SARKOZY,Nicolas,2311,18.41,21.93,M,MÉLENCHON,Jean-Luc,1575,12.54,14.95,M,POUTOU,Philippe,131,1.04,1.24,F,ARTHAUD,Nathalie,57,0.45,0.54,M,CHEMINADE,Jacques,19,0.15,0.18,M,BAYROU,François,956,7.61,9.07,M,DUPONT-AIGNAN,Nicolas,183,1.46,1.74,M,HOLLANDE,François,3673,29.26,34.85,HOLLANDE,3673,2012,1,,,,,,,,,,,,,,,,,,,,,,,
24,DORDOGNE,50,PÉRIGUEUX-OUEST,15102,2588,17.14,12514,82.86,259.0,1.72,2.07,12255,81.15,97.93,F,JOLY,Eva,260,1.72,2.12,F,LE PEN,Marine,1738,11.51,14.18,M,SARKOZY,Nicolas,2425,16.06,19.79,M,MÉLENCHON,Jean-Luc,1874,12.41,15.29,M,POUTOU,Philippe,164,1.09,1.34,F,ARTHAUD,Nathalie,50,0.33,0.41,M,CHEMINADE,Jacques,24,0.16,0.2,M,BAYROU,François,900,5.96,7.34,M,DUPONT-AIGNAN,Nicolas,215,1.42,1.75,M,HOLLANDE,François,4605,30.49,37.58,HOLLANDE,4605,2012,1,,,,,,,,,,,,,,,,,,,,,,,
33,GIRONDE,1,ARCACHON,10328,2049,19.84,8279,80.16,92.0,0.89,1.11,8187,79.27,98.89,F,JOLY,Eva,188,1.82,2.3,F,LE PEN,Marine,908,8.79,11.09,M,SARKOZY,Nicolas,4089,39.59,49.95,M,MÉLENCHON,Jean-Luc,482,4.67,5.89,M,POUTOU,Philippe,62,0.6,0.76,F,ARTHAUD,Nathalie,19,0.18,0.23,M,CHEMINADE,Jacques,15,0.15,0.18,M,BAYROU,François,760,7.36,9.28,M,DUPONT-AIGNAN,Nicolas,118,1.14,1.44,M,HOLLANDE,François,1546,14.97,18.88,SARKOZY,4089,2012,1,,,,,,,,,,,,,,,,,,,,,,,
33,GIRONDE,2,AUDENGE,48203,7907,16.4,40296,83.6,703.0,1.46,1.74,39593,82.14,98.26,F,JOLY,Eva,852,1.77,2.15,F,LE PEN,Marine,6574,13.64,16.6,M,SARKOZY,Nicolas,11963,24.82,30.21,M,MÉLENCHON,Jean-Luc,4106,8.52,10.37,M,POUTOU,Philippe,670,1.39,1.69,F,ARTHAUD,Nathalie,165,0.34,0.42,M,CHEMINADE,Jacques,89,0.18,0.22,M,BAYROU,François,3911,8.11,9.88,M,DUPONT-AIGNAN,Nicolas,741,1.54,1.87,M,HOLLANDE,François,10522,21.83,26.58,SARKOZY,11963,2012,1,,,,,,,,,,,,,,,,,,,,,,,
33,GIRONDE,3,AUROS,4316,485,11.24,3831,88.76,79.0,1.83,2.06,3752,86.93,97.94,F,JOLY,Eva,85,1.97,2.27,F,LE PEN,Marine,665,15.41,17.72,M,SARKOZY,Nicolas,936,21.69,24.95,M,MÉLENCHON,Jean-Luc,498,11.54,13.27,M,POUTOU,Philippe,62,1.44,1.65,F,ARTHAUD,Nathalie,29,0.67,0.77,M,CHEMINADE,Jacques,7,0.16,0.19,M,BAYROU,François,322,7.46,8.58,M,DUPONT-AIGNAN,Nicolas,64,1.48,1.71,M,HOLLANDE,François,1084,25.12,28.89,HOLLANDE,1084,2012,1,,,,,,,,,,,,,,,,,,,,,,,
33,GIRONDE,4,BAZAS,6981,985,14.11,5996,85.89,120.0,1.72,2.0,5876,84.17,98.0,F,JOLY,Eva,112,1.6,1.91,F,LE PEN,Marine,945,13.54,16.08,M,SARKOZY,Nicolas,1398,20.03,23.79,M,MÉLENCHON,Jean-Luc,730,10.46,12.42,M,POUTOU,Philippe,108,1.55,1.84,F,ARTHAUD,Nathalie,30,0.43,0.51,M,CHEMINADE,Jacques,25,0.36,0.43,M,BAYROU,François,581,8.32,9.89,M,DUPONT-AIGNAN,Nicolas,84,1.2,1.43,M,HOLLANDE,François,1863,26.69,31.71,HOLLANDE,1863,2012,1,,,,,,,,,,,,,,,,,,,,,,,
33,GIRONDE,5,BELIN-BÉLIET,11939,1801,15.09,10138,84.91,208.0,1.74,2.05,9930,83.17,97.95,F,JOLY,Eva,216,1.81,2.18,F,LE PEN,Marine,1840,15.41,18.53,M,SARKOZY,Nicolas,2344,19.63,23.61,M,MÉLENCHON,Jean-Luc,1225,10.26,12.34,M,POUTOU,Philippe,207,1.73,2.08,F,ARTHAUD,Nathalie,43,0.36,0.43,M,CHEMINADE,Jacques,25,0.21,0.25,M,BAYROU,François,958,8.02,9.65,M,DUPONT-AIGNAN,Nicolas,190,1.59,1.91,M,HOLLANDE,François,2882,24.14,29.02,HOLLANDE,2882,2012,1,,,,,,,,,,,,,,,,,,,,,,,
33,GIRONDE,6,BLANQUEFORT,39669,6096,15.37,33573,84.63,550.0,1.39,1.64,33023,83.25,98.36,F,JOLY,Eva,699,1.76,2.12,F,LE PEN,Marine,5118,12.9,15.5,M,SARKOZY,Nicolas,7391,18.63,22.38,M,MÉLENCHON,Jean-Luc,3831,9.66,11.6,M,POUTOU,Philippe,789,1.99,2.39,F,ARTHAUD,Nathalie,147,0.37,0.45,M,CHEMINADE,Jacques,60,0.15,0.18,M,BAYROU,François,3383,8.53,10.24,M,DUPONT-AIGNAN,Nicolas,551,1.39,1.67,M,HOLLANDE,François,11054,27.87,33.47,HOLLANDE,11054,2012,1,,,,,,,,,,,,,,,,,,,,,,,
33,GIRONDE,7,BLAYE,10560,1850,17.52,8710,82.48,190.0,1.8,2.18,8520,80.68,97.82,F,JOLY,Eva,111,1.05,1.3,F,LE PEN,Marine,1748,16.55,20.52,M,SARKOZY,Nicolas,2024,19.17,23.76,M,MÉLENCHON,Jean-Luc,989,9.37,11.61,M,POUTOU,Philippe,149,1.41,1.75,F,ARTHAUD,Nathalie,59,0.56,0.69,M,CHEMINADE,Jacques,32,0.3,0.38,M,BAYROU,François,723,6.85,8.49,M,DUPONT-AIGNAN,Nicolas,178,1.69,2.09,M,HOLLANDE,François,2507,23.74,29.42,HOLLANDE,2507,2012,1,,,,,,,,,,,,,,,,,,,,,,,
33,GIRONDE,8,BORDEAUX-1,15376,3419,22.24,11957,77.76,196.0,1.27,1.64,11761,76.49,98.36,F,JOLY,Eva,403,2.62,3.43,F,LE PEN,Marine,1316,8.56,11.19,M,SARKOZY,Nicolas,2290,14.89,19.47,M,MÉLENCHON,Jean-Luc,1808,11.76,15.37,M,POUTOU,Philippe,198,1.29,1.68,F,ARTHAUD,Nathalie,53,0.34,0.45,M,CHEMINADE,Jacques,28,0.18,0.24,M,BAYROU,François,1016,6.61,8.64,M,DUPONT-AIGNAN,Nicolas,152,0.99,1.29,M,HOLLANDE,François,4497,29.25,38.24,HOLLANDE,4497,2012,1,,,,,,,,,,,,,,,,,,,,,,,
33,GIRONDE,9,BORDEAUX-2,15776,3419,21.67,12357,78.33,144.0,0.91,1.17,12213,77.42,98.83,F,JOLY,Eva,410,2.6,3.36,F,LE PEN,Marine,1014,6.43,8.3,M,SARKOZY,Nicolas,3708,23.5,30.36,M,MÉLENCHON,Jean-Luc,1277,8.09,10.46,M,POUTOU,Philippe,186,1.18,1.52,F,ARTHAUD,Nathalie,31,0.2,0.25,M,CHEMINADE,Jacques,23,0.15,0.19,M,BAYROU,François,1321,8.37,10.82,M,DUPONT-AIGNAN,Nicolas,141,0.89,1.15,M,HOLLANDE,François,4102,26.0,33.59,HOLLANDE,4102,2012,1,,,,,,,,,,,,,,,,,,,,,,,
33,GIRONDE,10,BORDEAUX-3,21589,4305,19.94,17284,80.06,194.0,0.9,1.12,17090,79.16,98.88,F,JOLY,Eva,804,3.72,4.7,F,LE PEN,Marine,1105,5.12,6.47,M,SARKOZY,Nicolas,6059,28.07,35.45,M,MÉLENCHON,Jean-Luc,1672,7.74,9.78,M,POUTOU,Philippe,173,0.8,1.01,F,ARTHAUD,Nathalie,44,0.2,0.26,M,CHEMINADE,Jacques,27,0.13,0.16,M,BAYROU,François,2122,9.83,12.42,M,DUPONT-AIGNAN,Nicolas,198,0.92,1.16,M,HOLLANDE,François,4886,22.63,28.59,SARKOZY,6059,2012,1,,,,,,,,,,,,,,,,,,,,,,,
33,GIRONDE,11,BORDEAUX-4,18704,4059,21.7,14645,78.3,183.0,0.98,1.25,14462,77.32,98.75,F,JOLY,Eva,689,3.68,4.76,F,LE PEN,Marine,1041,5.57,7.2,M,SARKOZY,Nicolas,3755,20.08,25.96,M,MÉLENCHON,Jean-Luc,1885,10.08,13.03,M,POUTOU,Philippe,196,1.05,1.36,F,ARTHAUD,Nathalie,36,0.19,0.25,M,CHEMINADE,Jacques,37,0.2,0.26,M,BAYROU,François,1673,8.94,11.57,M,DUPONT-AIGNAN,Nicolas,150,0.8,1.04,M,HOLLANDE,François,5000,26.73,34.57,HOLLANDE,5000,2012,1,,,,,,,,,,,,,,,,,,,,,,,
33,GIRONDE,12,BORDEAUX-5,13116,2822,21.52,10294,78.48,139.0,1.06,1.35,10155,77.42,98.65,F,JOLY,Eva,570,4.35,5.61,F,LE PEN,Marine,586,4.47,5.77,M,SARKOZY,Nicolas,2273,17.33,22.38,M,MÉLENCHON,Jean-Luc,1627,12.4,16.02,M,POUTOU,Philippe,135,1.03,1.33,F,ARTHAUD,Nathalie,33,0.25,0.32,M,CHEMINADE,Jacques,24,0.18,0.24,M,BAYROU,François,1076,8.2,10.6,M,DUPONT-AIGNAN,Nicolas,84,0.64,0.83,M,HOLLANDE,François,3747,28.57,36.9,HOLLANDE,3747,2012,1,,,,,,,,,,,,,,,,,,,,,,,
33,GIRONDE,13,BORDEAUX-6,14867,3433,23.09,11434,76.91,176.0,1.18,1.54,11258,75.72,98.46,F,JOLY,Eva,553,3.72,4.91,F,LE PEN,Marine,976,6.56,8.67,M,SARKOZY,Nicolas,1973,13.27,17.53,M,MÉLENCHON,Jean-Luc,2018,13.57,17.93,M,POUTOU,Philippe,194,1.3,1.72,F,ARTHAUD,Nathalie,44,0.3,0.39,M,CHEMINADE,Jacques,25,0.17,0.22,M,BAYROU,François,1004,6.75,8.92,M,DUPONT-AIGNAN,Nicolas,120,0.81,1.07,M,HOLLANDE,François,4351,29.27,38.65,HOLLANDE,4351,2012,1,,,,,,,,,,,,,,,,,,,,,,,
33,GIRONDE,14,BORDEAUX-7,8728,1773,20.31,6955,79.69,92.0,1.05,1.32,6863,78.63,98.68,F,JOLY,Eva,257,2.94,3.74,F,LE PEN,Marine,761,8.72,11.09,M,SARKOZY,Nicolas,1263,14.47,18.4,M,MÉLENCHON,Jean-Luc,1062,12.17,15.47,M,POUTOU,Philippe,102,1.17,1.49,F,ARTHAUD,Nathalie,31,0.36,0.45,M,CHEMINADE,Jacques,20,0.23,0.29,M,BAYROU,François,587,6.73,8.55,M,DUPONT-AIGNAN,Nicolas,75,0.86,1.09,M,HOLLANDE,François,2705,30.99,39.41,HOLLANDE,2705,2012,1,,,,,,,,,,,,,,,,,,,,,,,
33,GIRONDE,15,BOURG,9737,1545,15.87,8192,84.13,150.0,1.54,1.83,8042,82.59,98.17,F,JOLY,Eva,166,1.7,2.06,F,LE PEN,Marine,1800,18.49,22.38,M,SARKOZY,Nicolas,1696,17.42,21.09,M,MÉLENCHON,Jean-Luc,990,10.17,12.31,M,POUTOU,Philippe,164,1.68,2.04,F,ARTHAUD,Nathalie,40,0.41,0.5,M,CHEMINADE,Jacques,19,0.2,0.24,M,BAYROU,François,694,7.13,8.63,M,DUPONT-AIGNAN,Nicolas,158,1.62,1.96,M,HOLLANDE,François,2315,23.78,28.79,HOLLANDE,2315,2012,1,,,,,,,,,,,,,,,,,,,,,,,
33,GIRONDE,16,BRANNE,10784,1552,14.39,9232,85.61,188.0,1.74,2.04,9044,83.86,97.96,F,JOLY,Eva,197,1.83,2.18,F,LE PEN,Marine,1868,17.32,20.65,M,SARKOZY,Nicolas,2151,19.95,23.78,M,MÉLENCHON,Jean-Luc,1094,10.14,12.1,M,POUTOU,Philippe,149,1.38,1.65,F,ARTHAUD,Nathalie,48,0.45,0.53,M,CHEMINADE,Jacques,22,0.2,0.24,M,BAYROU,François,759,7.04,8.39,M,DUPONT-AIGNAN,Nicolas,145,1.34,1.6,M,HOLLANDE,François,2611,24.21,28.87,HOLLANDE,2611,2012,1,,,,,,,,,,,,,,,,,,,,,,,
33,GIRONDE,17,CADILLAC,9358,1339,14.31,8019,85.69,131.0,1.4,1.63,7888,84.29,98.37,F,JOLY,Eva,191,2.04,2.42,F,LE PEN,Marine,1359,14.52,17.23,M,SARKOZY,Nicolas,1739,18.58,22.05,M,MÉLENCHON,Jean-Luc,1111,11.87,14.08,M,POUTOU,Philippe,141,1.51,1.79,F,ARTHAUD,Nathalie,59,0.63,0.75,M,CHEMINADE,Jacques,26,0.28,0.33,M,BAYROU,François,725,7.75,9.19,M,DUPONT-AIGNAN,Nicolas,139,1.49,1.76,M,HOLLANDE,François,2398,25.63,30.4,HOLLANDE,2398,2012,1,,,,,,,,,,,,,,,,,,,,,,,
33,GIRONDE,18,CAPTIEUX,1659,217,13.08,1442,86.92,37.0,2.23,2.57,1405,84.69,97.43,F,JOLY,Eva,26,1.57,1.85,F,LE PEN,Marine,223,13.44,15.87,M,SARKOZY,Nicolas,286,17.24,20.36,M,MÉLENCHON,Jean-Luc,169,10.19,12.03,M,POUTOU,Philippe,24,1.45,1.71,F,ARTHAUD,Nathalie,6,0.36,0.43,M,CHEMINADE,Jacques,5,0.3,0.36,M,BAYROU,François,114,6.87,8.11,M,DUPONT-AIGNAN,Nicolas,20,1.21,1.42,M,HOLLANDE,François,532,32.07,37.86,HOLLANDE,532,2012,1,,,,,,,,,,,,,,,,,,,,,,,
33,GIRONDE,19,CARBON-BLANC,27638,4918,17.79,22720,82.21,370.0,1.34,1.63,22350,80.87,98.37,F,JOLY,Eva,332,1.2,1.49,F,LE PEN,Marine,4140,14.98,18.52,M,SARKOZY,Nicolas,4742,17.16,21.22,M,MÉLENCHON,Jean-Luc,2716,9.83,12.15,M,POUTOU,Philippe,387,1.4,1.73,F,ARTHAUD,Nathalie,126,0.46,0.56,M,CHEMINADE,Jacques,58,0.21,0.26,M,BAYROU,François,1945,7.04,8.7,M,DUPONT-AIGNAN,Nicolas,361,1.31,1.62,M,HOLLANDE,François,7543,27.29,33.75,HOLLANDE,7543,2012,1,,,,,,,,,,,,,,,,,,,,,,,
33,GIRONDE,20,CASTELNAU-DE-MÉDOC,24961,3803,15.24,21158,84.76,383.0,1.53,1.81,20775,83.23,98.19,F,JOLY,Eva,408,1.63,1.96,F,LE PEN,Marine,4003,16.04,19.27,M,SARKOZY,Nicolas,4872,19.52,23.45,M,MÉLENCHON,Jean-Luc,2386,9.56,11.48,M,POUTOU,Philippe,466,1.87,2.24,F,ARTHAUD,Nathalie,105,0.42,0.51,M,CHEMINADE,Jacques,41,0.16,0.2,M,BAYROU,François,2063,8.26,9.93,M,DUPONT-AIGNAN,Nicolas,393,1.57,1.89,M,HOLLANDE,François,6038,24.19,29.06,HOLLANDE,6038,2012,1,,,,,,,,,,,,,,,,,,,,,,,
33,GIRONDE,21,CASTILLON-LA-BATAILLE,7417,1321,17.81,6096,82.19,112.0,1.51,1.84,5984,80.68,98.16,F,JOLY,Eva,96,1.29,1.6,F,LE PEN,Marine,1589,21.42,26.55,M,SARKOZY,Nicolas,1721,23.2,28.76,M,MÉLENCHON,Jean-Luc,518,6.98,8.66,M,POUTOU,Philippe,66,0.89,1.1,F,ARTHAUD,Nathalie,30,0.4,0.5,M,CHEMINADE,Jacques,15,0.2,0.25,M,BAYROU,François,460,6.2,7.69,M,DUPONT-AIGNAN,Nicolas,100,1.35,1.67,M,HOLLANDE,François,1389,18.73,23.21,SARKOZY,1721,2012,1,,,,,,,,,,,,,,,,,,,,,,,
33,GIRONDE,22,COUTRAS,16705,3112,18.63,13593,81.37,253.0,1.51,1.86,13340,79.86,98.14,F,JOLY,Eva,182,1.09,1.36,F,LE PEN,Marine,3372,20.19,25.28,M,SARKOZY,Nicolas,2890,17.3,21.66,M,MÉLENCHON,Jean-Luc,1372,8.21,10.28,M,POUTOU,Philippe,232,1.39,1.74,F,ARTHAUD,Nathalie,82,0.49,0.61,M,CHEMINADE,Jacques,35,0.21,0.26,M,BAYROU,François,915,5.48,6.86,M,DUPONT-AIGNAN,Nicolas,209,1.25,1.57,M,HOLLANDE,François,4051,24.25,30.37,HOLLANDE,4051,2012,1,,,,,,,,,,,,,,,,,,,,,,,
33,GIRONDE,23,CREON,32830,4625,14.09,28205,85.91,447.0,1.36,1.58,27758,84.55,98.42,F,JOLY,Eva,706,2.15,2.54,F,LE PEN,Marine,4177,12.72,15.05,M,SARKOZY,Nicolas,6807,20.73,24.52,M,MÉLENCHON,Jean-Luc,3458,10.53,12.46,M,POUTOU,Philippe,411,1.25,1.48,F,ARTHAUD,Nathalie,125,0.38,0.45,M,CHEMINADE,Jacques,84,0.26,0.3,M,BAYROU,François,2904,8.85,10.46,M,DUPONT-AIGNAN,Nicolas,508,1.55,1.83,M,HOLLANDE,François,8578,26.13,30.9,HOLLANDE,8578,2012,1,,,,,,,,,,,,,,,,,,,,,,,
33,GIRONDE,24,FRONSAC,11534,1596,13.84,9938,86.16,187.0,1.62,1.88,9751,84.54,98.12,F,JOLY,Eva,167,1.45,1.71,F,LE PEN,Marine,2061,17.87,21.14,M,SARKOZY,Nicolas,2302,19.96,23.61,M,MÉLENCHON,Jean-Luc,1062,9.21,10.89,M,POUTOU,Philippe,166,1.44,1.7,F,ARTHAUD,Nathalie,59,0.51,0.61,M,CHEMINADE,Jacques,13,0.11,0.13,M,BAYROU,François,889,7.71,9.12,M,DUPONT-AIGNAN,Nicolas,197,1.71,2.02,M,HOLLANDE,François,2835,24.58,29.07,HOLLANDE,2835,2012,1,,,,,,,,,,,,,,,,,,,,,,,
33,GIRONDE,25,GRIGNOLS,2323,326,14.03,1997,85.97,53.0,2.28,2.65,1944,83.68,97.35,F,JOLY,Eva,32,1.38,1.65,F,LE PEN,Marine,379,16.32,19.5,M,SARKOZY,Nicolas,536,23.07,27.57,M,MÉLENCHON,Jean-Luc,284,12.23,14.61,M,POUTOU,Philippe,27,1.16,1.39,F,ARTHAUD,Nathalie,16,0.69,0.82,M,CHEMINADE,Jacques,5,0.22,0.26,M,BAYROU,François,158,6.8,8.13,M,DUPONT-AIGNAN,Nicolas,25,1.08,1.29,M,HOLLANDE,François,482,20.75,24.79,SARKOZY,536,2012,1,,,,,,,,,,,,,,,,,,,,,,,
33,GIRONDE,26,GUÎTRES,11579,1986,17.15,9593,82.85,218.0,1.88,2.27,9375,80.97,97.73,F,JOLY,Eva,156,1.35,1.66,F,LE PEN,Marine,2343,20.23,24.99,M,SARKOZY,Nicolas,2117,18.28,22.58,M,MÉLENCHON,Jean-Luc,926,8.0,9.88,M,POUTOU,Philippe,181,1.56,1.93,F,ARTHAUD,Nathalie,62,0.54,0.66,M,CHEMINADE,Jacques,18,0.16,0.19,M,BAYROU,François,765,6.61,8.16,M,DUPONT-AIGNAN,Nicolas,164,1.42,1.75,M,HOLLANDE,François,2643,22.83,28.19,HOLLANDE,2643,2012,1,,,,,,,,,,,,,,,,,,,,,,,
33,GIRONDE,27,LABRÈDE,28608,4161,14.54,24447,85.46,410.0,1.43,1.68,24037,84.02,98.32,F,JOLY,Eva,564,1.97,2.35,F,LE PEN,Marine,3437,12.01,14.3,M,SARKOZY,Nicolas,5719,19.99,23.79,M,MÉLENCHON,Jean-Luc,2926,10.23,12.17,M,POUTOU,Philippe,419,1.46,1.74,F,ARTHAUD,Nathalie,93,0.33,0.39,M,CHEMINADE,Jacques,56,0.2,0.23,M,BAYROU,François,2514,8.79,10.46,M,DUPONT-AIGNAN,Nicolas,370,1.29,1.54,M,HOLLANDE,François,7939,27.75,33.03,HOLLANDE,7939,2012,1,,,,,,,,,,,,,,,,,,,,,,,
33,GIRONDE,28,LANGON,12954,1899,14.66,11055,85.34,235.0,1.81,2.13,10820,83.53,97.87,F,JOLY,Eva,215,1.66,1.99,F,LE PEN,Marine,1779,13.73,16.44,M,SARKOZY,Nicolas,2343,18.09,21.65,M,MÉLENCHON,Jean-Luc,1314,10.14,12.14,M,POUTOU,Philippe,185,1.43,1.71,F,ARTHAUD,Nathalie,79,0.61,0.73,M,CHEMINADE,Jacques,25,0.19,0.23,M,BAYROU,François,1008,7.78,9.32,M,DUPONT-AIGNAN,Nicolas,211,1.63,1.95,M,HOLLANDE,François,3661,28.26,33.84,HOLLANDE,3661,2012,1,,,,,,,,,,,,,,,,,,,,,,,
33,GIRONDE,29,LESPARRE-MEDOC,13419,2587,19.28,10832,80.72,173.0,1.29,1.6,10659,79.43,98.4,F,JOLY,Eva,152,1.13,1.43,F,LE PEN,Marine,2802,20.88,26.29,M,SARKOZY,Nicolas,2797,20.84,26.24,M,MÉLENCHON,Jean-Luc,1016,7.57,9.53,M,POUTOU,Philippe,179,1.33,1.68,F,ARTHAUD,Nathalie,55,0.41,0.52,M,CHEMINADE,Jacques,22,0.16,0.21,M,BAYROU,François,773,5.76,7.25,M,DUPONT-AIGNAN,Nicolas,153,1.14,1.44,M,HOLLANDE,François,2710,20.2,25.42,LE PEN,2802,2012,1,,,,,,,,,,,,,,,,,,,,,,,
33,GIRONDE,30,LIBOURNE,28533,5313,18.62,23220,81.38,404.0,1.42,1.74,22816,79.96,98.26,F,JOLY,Eva,449,1.57,1.97,F,LE PEN,Marine,4259,14.93,18.67,M,SARKOZY,Nicolas,5997,21.02,26.28,M,MÉLENCHON,Jean-Luc,2371,8.31,10.39,M,POUTOU,Philippe,373,1.31,1.63,F,ARTHAUD,Nathalie,112,0.39,0.49,M,CHEMINADE,Jacques,60,0.21,0.26,M,BAYROU,François,1988,6.97,8.71,M,DUPONT-AIGNAN,Nicolas,365,1.28,1.6,M,HOLLANDE,François,6842,23.98,29.99,HOLLANDE,6842,2012,1,,,,,,,,,,,,,,,,,,,,,,,
33,GIRONDE,31,LUSSAC,5795,862,14.87,4933,85.13,84.0,1.45,1.7,4849,83.68,98.3,F,JOLY,Eva,75,1.29,1.55,F,LE PEN,Marine,1084,18.71,22.36,M,SARKOZY,Nicolas,1478,25.5,30.48,M,MÉLENCHON,Jean-Luc,421,7.26,8.68,M,POUTOU,Philippe,72,1.24,1.48,F,ARTHAUD,Nathalie,31,0.53,0.64,M,CHEMINADE,Jacques,3,0.05,0.06,M,BAYROU,François,430,7.42,8.87,M,DUPONT-AIGNAN,Nicolas,75,1.29,1.55,M,HOLLANDE,François,1180,20.36,24.33,SARKOZY,1478,2012,1,,,,,,,,,,,,,,,,,,,,,,,
33,GIRONDE,32,MONSÉGUR,3379,558,16.51,2821,83.49,60.0,1.78,2.13,2761,81.71,97.87,F,JOLY,Eva,68,2.01,2.46,F,LE PEN,Marine,497,14.71,18.0,M,SARKOZY,Nicolas,682,20.18,24.7,M,MÉLENCHON,Jean-Luc,319,9.44,11.55,M,POUTOU,Philippe,58,1.72,2.1,F,ARTHAUD,Nathalie,17,0.5,0.62,M,CHEMINADE,Jacques,8,0.24,0.29,M,BAYROU,François,256,7.58,9.27,M,DUPONT-AIGNAN,Nicolas,50,1.48,1.81,M,HOLLANDE,François,806,23.85,29.19,HOLLANDE,806,2012,1,,,,,,,,,,,,,,,,,,,,,,,
33,GIRONDE,33,PAUILLAC,8509,1722,20.24,6787,79.76,118.0,1.39,1.74,6669,78.38,98.26,F,JOLY,Eva,91,1.07,1.36,F,LE PEN,Marine,1849,21.73,27.73,M,SARKOZY,Nicolas,1631,19.17,24.46,M,MÉLENCHON,Jean-Luc,595,6.99,8.92,M,POUTOU,Philippe,124,1.46,1.86,F,ARTHAUD,Nathalie,40,0.47,0.6,M,CHEMINADE,Jacques,5,0.06,0.07,M,BAYROU,François,438,5.15,6.57,M,DUPONT-AIGNAN,Nicolas,85,1.0,1.27,M,HOLLANDE,François,1811,21.28,27.16,LE PEN,1849,2012,1,,,,,,,,,,,,,,,,,,,,,,,
33,GIRONDE,34,PELLEGRUE,2025,346,17.09,1679,82.91,47.0,2.32,2.8,1632,80.59,97.2,F,JOLY,Eva,33,1.63,2.02,F,LE PEN,Marine,427,21.09,26.16,M,SARKOZY,Nicolas,401,19.8,24.57,M,MÉLENCHON,Jean-Luc,142,7.01,8.7,M,POUTOU,Philippe,33,1.63,2.02,F,ARTHAUD,Nathalie,19,0.94,1.16,M,CHEMINADE,Jacques,2,0.1,0.12,M,BAYROU,François,145,7.16,8.88,M,DUPONT-AIGNAN,Nicolas,27,1.33,1.65,M,HOLLANDE,François,403,19.9,24.69,LE PEN,427,2012,1,,,,,,,,,,,,,,,,,,,,,,,
33,GIRONDE,35,PESSAC-1,19256,3685,19.14,15571,80.86,244.0,1.27,1.57,15327,79.6,98.43,F,JOLY,Eva,509,2.64,3.32,F,LE PEN,Marine,1572,8.16,10.26,M,SARKOZY,Nicolas,3174,16.48,20.71,M,MÉLENCHON,Jean-Luc,2039,10.59,13.3,M,POUTOU,Philippe,253,1.31,1.65,F,ARTHAUD,Nathalie,55,0.29,0.36,M,CHEMINADE,Jacques,37,0.19,0.24,M,BAYROU,François,1670,8.67,10.9,M,DUPONT-AIGNAN,Nicolas,233,1.21,1.52,M,HOLLANDE,François,5785,30.04,37.74,HOLLANDE,5785,2012,1,,,,,,,,,,,,,,,,,,,,,,,
33,GIRONDE,36,PODENSAC,13834,2143,15.49,11691,84.51,227.0,1.64,1.94,11464,82.87,98.06,F,JOLY,Eva,219,1.58,1.91,F,LE PEN,Marine,2146,15.51,18.72,M,SARKOZY,Nicolas,2457,17.76,21.43,M,MÉLENCHON,Jean-Luc,1456,10.52,12.7,M,POUTOU,Philippe,203,1.47,1.77,F,ARTHAUD,Nathalie,67,0.48,0.58,M,CHEMINADE,Jacques,18,0.13,0.16,M,BAYROU,François,1135,8.2,9.9,M,DUPONT-AIGNAN,Nicolas,216,1.56,1.88,M,HOLLANDE,François,3547,25.64,30.94,HOLLANDE,3547,2012,1,,,,,,,,,,,,,,,,,,,,,,,
33,GIRONDE,37,PUJOLS,5784,881,15.23,4903,84.77,89.0,1.54,1.82,4814,83.23,98.18,F,JOLY,Eva,81,1.4,1.68,F,LE PEN,Marine,1189,20.56,24.7,M,SARKOZY,Nicolas,1196,20.68,24.84,M,MÉLENCHON,Jean-Luc,475,8.21,9.87,M,POUTOU,Philippe,62,1.07,1.29,F,ARTHAUD,Nathalie,33,0.57,0.69,M,CHEMINADE,Jacques,11,0.19,0.23,M,BAYROU,François,371,6.41,7.71,M,DUPONT-AIGNAN,Nicolas,64,1.11,1.33,M,HOLLANDE,François,1332,23.03,27.67,HOLLANDE,1332,2012,1,,,,,,,,,,,,,,,,,,,,,,,
33,GIRONDE,38,LA REOLE,9587,1788,18.65,7799,81.35,210.0,2.19,2.69,7589,79.16,97.31,F,JOLY,Eva,187,1.95,2.46,F,LE PEN,Marine,1587,16.55,20.91,M,SARKOZY,Nicolas,1812,18.9,23.88,M,MÉLENCHON,Jean-Luc,920,9.6,12.12,M,POUTOU,Philippe,153,1.6,2.02,F,ARTHAUD,Nathalie,57,0.59,0.75,M,CHEMINADE,Jacques,22,0.23,0.29,M,BAYROU,François,594,6.2,7.83,M,DUPONT-AIGNAN,Nicolas,127,1.32,1.67,M,HOLLANDE,François,2130,22.22,28.07,HOLLANDE,2130,2012,1,,,,,,,,,,,,,,,,,,,,,,,
33,GIRONDE,39,SAINT-ANDRE-DE-CUBZAC,15314,2529,16.51,12785,83.49,234.0,1.53,1.83,12551,81.96,98.17,F,JOLY,Eva,201,1.31,1.6,F,LE PEN,Marine,2587,16.89,20.61,M,SARKOZY,Nicolas,2451,16.0,19.53,M,MÉLENCHON,Jean-Luc,1617,10.56,12.88,M,POUTOU,Philippe,261,1.7,2.08,F,ARTHAUD,Nathalie,66,0.43,0.53,M,CHEMINADE,Jacques,37,0.24,0.29,M,BAYROU,François,1112,7.26,8.86,M,DUPONT-AIGNAN,Nicolas,216,1.41,1.72,M,HOLLANDE,François,4003,26.14,31.89,HOLLANDE,4003,2012,1,,,,,,,,,,,,,,,,,,,,,,,
33,GIRONDE,40,SAINT-CIERS-SUR-GIRONDE,9293,1617,17.4,7676,82.6,172.0,1.85,2.24,7504,80.75,97.76,F,JOLY,Eva,81,0.87,1.08,F,LE PEN,Marine,1919,20.65,25.57,M,SARKOZY,Nicolas,1821,19.6,24.27,M,MÉLENCHON,Jean-Luc,782,8.41,10.42,M,POUTOU,Philippe,123,1.32,1.64,F,ARTHAUD,Nathalie,47,0.51,0.63,M,CHEMINADE,Jacques,27,0.29,0.36,M,BAYROU,François,560,6.03,7.46,M,DUPONT-AIGNAN,Nicolas,145,1.56,1.93,M,HOLLANDE,François,1999,21.51,26.64,HOLLANDE,1999,2012,1,,,,,,,,,,,,,,,,,,,,,,,
33,GIRONDE,41,SAINTE-FOY-LA-GRANDE,8653,1512,17.47,7141,82.53,131.0,1.51,1.83,7010,81.01,98.17,F,JOLY,Eva,140,1.62,2.0,F,LE PEN,Marine,1540,17.8,21.97,M,SARKOZY,Nicolas,1878,21.7,26.79,M,MÉLENCHON,Jean-Luc,702,8.11,10.01,M,POUTOU,Philippe,101,1.17,1.44,F,ARTHAUD,Nathalie,29,0.34,0.41,M,CHEMINADE,Jacques,17,0.2,0.24,M,BAYROU,François,520,6.01,7.42,M,DUPONT-AIGNAN,Nicolas,129,1.49,1.84,M,HOLLANDE,François,1954,22.58,27.87,HOLLANDE,1954,2012,1,,,,,,,,,,,,,,,,,,,,,,,
33,GIRONDE,42,SAINT-LAURENT-MÉDOC,7631,1209,15.84,6422,84.16,87.0,1.14,1.35,6335,83.02,98.65,F,JOLY,Eva,110,1.44,1.74,F,LE PEN,Marine,1355,17.76,21.39,M,SARKOZY,Nicolas,1551,20.32,24.48,M,MÉLENCHON,Jean-Luc,692,9.07,10.92,M,POUTOU,Philippe,117,1.53,1.85,F,ARTHAUD,Nathalie,30,0.39,0.47,M,CHEMINADE,Jacques,13,0.17,0.21,M,BAYROU,François,552,7.23,8.71,M,DUPONT-AIGNAN,Nicolas,107,1.4,1.69,M,HOLLANDE,François,1808,23.69,28.54,HOLLANDE,1808,2012,1,,,,,,,,,,,,,,,,,,,,,,,
33,GIRONDE,43,SAINT-MACAIRE,6834,1074,15.72,5760,84.28,92.0,1.35,1.6,5668,82.94,98.4,F,JOLY,Eva,109,1.59,1.92,F,LE PEN,Marine,1013,14.82,17.87,M,SARKOZY,Nicolas,1214,17.76,21.42,M,MÉLENCHON,Jean-Luc,935,13.68,16.5,M,POUTOU,Philippe,89,1.3,1.57,F,ARTHAUD,Nathalie,37,0.54,0.65,M,CHEMINADE,Jacques,13,0.19,0.23,M,BAYROU,François,517,7.57,9.12,M,DUPONT-AIGNAN,Nicolas,83,1.21,1.46,M,HOLLANDE,François,1658,24.26,29.25,HOLLANDE,1658,2012,1,,,,,,,,,,,,,,,,,,,,,,,
33,GIRONDE,44,SAINT-SAVIN,14905,2497,16.75,12408,83.25,219.0,1.47,1.76,12189,81.78,98.24,F,JOLY,Eva,163,1.09,1.34,F,LE PEN,Marine,3286,22.05,26.96,M,SARKOZY,Nicolas,2614,17.54,21.45,M,MÉLENCHON,Jean-Luc,1370,9.19,11.24,M,POUTOU,Philippe,258,1.73,2.12,F,ARTHAUD,Nathalie,93,0.62,0.76,M,CHEMINADE,Jacques,35,0.23,0.29,M,BAYROU,François,943,6.33,7.74,M,DUPONT-AIGNAN,Nicolas,238,1.6,1.95,M,HOLLANDE,François,3189,21.4,26.16,LE PEN,3286,2012,1,,,,,,,,,,,,,,,,,,,,,,,
33,GIRONDE,45,SAINT-SYMPHORIEN,3609,562,15.57,3047,84.43,61.0,1.69,2.0,2986,82.74,98.0,F,JOLY,Eva,86,2.38,2.88,F,LE PEN,Marine,590,16.35,19.76,M,SARKOZY,Nicolas,596,16.51,19.96,M,MÉLENCHON,Jean-Luc,397,11.0,13.3,M,POUTOU,Philippe,72,2.0,2.41,F,ARTHAUD,Nathalie,24,0.67,0.8,M,CHEMINADE,Jacques,5,0.14,0.17,M,BAYROU,François,221,6.12,7.4,M,DUPONT-AIGNAN,Nicolas,73,2.02,2.44,M,HOLLANDE,François,922,25.55,30.88,HOLLANDE,922,2012,1,,,,,,,,,,,,,,,,,,,,,,,
33,GIRONDE,46,SAINT-VIVIEN-DE-MEDOC,8239,1432,17.38,6807,82.62,102.0,1.24,1.5,6705,81.38,98.5,F,JOLY,Eva,110,1.34,1.64,F,LE PEN,Marine,1519,18.44,22.65,M,SARKOZY,Nicolas,1903,23.1,28.38,M,MÉLENCHON,Jean-Luc,703,8.53,10.48,M,POUTOU,Philippe,103,1.25,1.54,F,ARTHAUD,Nathalie,27,0.33,0.4,M,CHEMINADE,Jacques,9,0.11,0.13,M,BAYROU,François,458,5.56,6.83,M,DUPONT-AIGNAN,Nicolas,98,1.19,1.46,M,HOLLANDE,François,1775,21.54,26.47,SARKOZY,1903,2012,1,,,,,,,,,,,,,,,,,,,,,,,
33,GIRONDE,47,SAUVETERRE-DE-GUYENNE,5042,796,15.79,4246,84.21,86.0,1.71,2.03,4160,82.51,97.97,F,JOLY,Eva,71,1.41,1.71,F,LE PEN,Marine,899,17.83,21.61,M,SARKOZY,Nicolas,1061,21.04,25.5,M,MÉLENCHON,Jean-Luc,489,9.7,11.75,M,POUTOU,Philippe,67,1.33,1.61,F,ARTHAUD,Nathalie,19,0.38,0.46,M,CHEMINADE,Jacques,12,0.24,0.29,M,BAYROU,François,340,6.74,8.17,M,DUPONT-AIGNAN,Nicolas,60,1.19,1.44,M,HOLLANDE,François,1142,22.65,27.45,HOLLANDE,1142,2012,1,,,,,,,,,,,,,,,,,,,,,,,
33,GIRONDE,48,TARGON,5203,820,15.76,4383,84.24,57.0,1.1,1.3,4326,83.14,98.7,F,JOLY,Eva,88,1.69,2.03,F,LE PEN,Marine,937,18.01,21.66,M,SARKOZY,Nicolas,1010,19.41,23.35,M,MÉLENCHON,Jean-Luc,520,9.99,12.02,M,POUTOU,Philippe,86,1.65,1.99,F,ARTHAUD,Nathalie,21,0.4,0.49,M,CHEMINADE,Jacques,5,0.1,0.12,M,BAYROU,François,375,7.21,8.67,M,DUPONT-AIGNAN,Nicolas,91,1.75,2.1,M,HOLLANDE,François,1193,22.93,27.58,HOLLANDE,1193,2012,1,,,,,,,,,,,,,,,,,,,,,,,
33,GIRONDE,49,LA TESTE,39283,6843,17.42,32440,82.58,623.0,1.59,1.92,31817,80.99,98.08,F,JOLY,Eva,648,1.65,2.04,F,LE PEN,Marine,5197,13.23,16.33,M,SARKOZY,Nicolas,10798,27.49,33.94,M,MÉLENCHON,Jean-Luc,2952,7.51,9.28,M,POUTOU,Philippe,478,1.22,1.5,F,ARTHAUD,Nathalie,118,0.3,0.37,M,CHEMINADE,Jacques,82,0.21,0.26,M,BAYROU,François,3115,7.93,9.79,M,DUPONT-AIGNAN,Nicolas,651,1.66,2.05,M,HOLLANDE,François,7778,19.8,24.45,SARKOZY,10798,2012,1,,,,,,,,,,,,,,,,,,,,,,,
33,GIRONDE,50,VILLANDRAUT,3673,500,13.61,3173,86.39,41.0,1.12,1.29,3132,85.27,98.71,F,JOLY,Eva,88,2.4,2.81,F,LE PEN,Marine,499,13.59,15.93,M,SARKOZY,Nicolas,666,18.13,21.26,M,MÉLENCHON,Jean-Luc,451,12.28,14.4,M,POUTOU,Philippe,55,1.5,1.76,F,ARTHAUD,Nathalie,19,0.52,0.61,M,CHEMINADE,Jacques,9,0.25,0.29,M,BAYROU,François,248,6.75,7.92,M,DUPONT-AIGNAN,Nicolas,49,1.33,1.56,M,HOLLANDE,François,1048,28.53,33.46,HOLLANDE,1048,2012,1,,,,,,,,,,,,,,,,,,,,,,,
33,GIRONDE,51,MERIGNAC-1,24404,4599,18.85,19805,81.15,327.0,1.34,1.65,19478,79.81,98.35,F,JOLY,Eva,510,2.09,2.62,F,LE PEN,Marine,2339,9.58,12.01,M,SARKOZY,Nicolas,4504,18.46,23.12,M,MÉLENCHON,Jean-Luc,2279,9.34,11.7,M,POUTOU,Philippe,291,1.19,1.49,F,ARTHAUD,Nathalie,70,0.29,0.36,M,CHEMINADE,Jacques,32,0.13,0.16,M,BAYROU,François,2144,8.79,11.01,M,DUPONT-AIGNAN,Nicolas,285,1.17,1.46,M,HOLLANDE,François,7024,28.78,36.06,HOLLANDE,7024,2012,1,,,,,,,,,,,,,,,,,,,,,,,
33,GIRONDE,52,BÈGLES,17002,3519,20.7,13483,79.3,222.0,1.31,1.65,13261,78.0,98.35,F,JOLY,Eva,476,2.8,3.59,F,LE PEN,Marine,1610,9.47,12.14,M,SARKOZY,Nicolas,1917,11.28,14.46,M,MÉLENCHON,Jean-Luc,2710,15.94,20.44,M,POUTOU,Philippe,207,1.22,1.56,F,ARTHAUD,Nathalie,54,0.32,0.41,M,CHEMINADE,Jacques,25,0.15,0.19,M,BAYROU,François,990,5.82,7.47,M,DUPONT-AIGNAN,Nicolas,167,0.98,1.26,M,HOLLANDE,François,5105,30.03,38.5,HOLLANDE,5105,2012,1,,,,,,,,,,,,,,,,,,,,,,,
33,GIRONDE,53,BORDEAUX-8,28021,5029,17.95,22992,82.05,295.0,1.05,1.28,22697,81.0,98.72,F,JOLY,Eva,575,2.05,2.53,F,LE PEN,Marine,1958,6.99,8.63,M,SARKOZY,Nicolas,9224,32.92,40.64,M,MÉLENCHON,Jean-Luc,1606,5.73,7.08,M,POUTOU,Philippe,209,0.75,0.92,F,ARTHAUD,Nathalie,51,0.18,0.22,M,CHEMINADE,Jacques,41,0.15,0.18,M,BAYROU,François,2820,10.06,12.42,M,DUPONT-AIGNAN,Nicolas,298,1.06,1.31,M,HOLLANDE,François,5915,21.11,26.06,SARKOZY,9224,2012,1,,,,,,,,,,,,,,,,,,,,,,,
33,GIRONDE,54,LE BOUSCAT,26752,4592,17.17,22160,82.83,359.0,1.34,1.62,21801,81.49,98.38,F,JOLY,Eva,575,2.15,2.64,F,LE PEN,Marine,2473,9.24,11.34,M,SARKOZY,Nicolas,6914,25.84,31.71,M,MÉLENCHON,Jean-Luc,2142,8.01,9.83,M,POUTOU,Philippe,321,1.2,1.47,F,ARTHAUD,Nathalie,60,0.22,0.28,M,CHEMINADE,Jacques,46,0.17,0.21,M,BAYROU,François,2405,8.99,11.03,M,DUPONT-AIGNAN,Nicolas,340,1.27,1.56,M,HOLLANDE,François,6525,24.39,29.93,SARKOZY,6914,2012,1,,,,,,,,,,,,,,,,,,,,,,,
33,GIRONDE,55,CENON,23576,4706,19.96,18870,80.04,319.0,1.35,1.69,18551,78.69,98.31,F,JOLY,Eva,320,1.36,1.72,F,LE PEN,Marine,2904,12.32,15.65,M,SARKOZY,Nicolas,3482,14.77,18.77,M,MÉLENCHON,Jean-Luc,2290,9.71,12.34,M,POUTOU,Philippe,299,1.27,1.61,F,ARTHAUD,Nathalie,81,0.34,0.44,M,CHEMINADE,Jacques,36,0.15,0.19,M,BAYROU,François,1539,6.53,8.3,M,DUPONT-AIGNAN,Nicolas,295,1.25,1.59,M,HOLLANDE,François,7305,30.98,39.38,HOLLANDE,7305,2012,1,,,,,,,,,,,,,,,,,,,,,,,
33,GIRONDE,56,TALENCE,21872,3863,17.66,18009,82.34,254.0,1.16,1.41,17755,81.18,98.59,F,JOLY,Eva,729,3.33,4.11,F,LE PEN,Marine,1552,7.1,8.74,M,SARKOZY,Nicolas,3810,17.42,21.46,M,MÉLENCHON,Jean-Luc,2309,10.56,13.0,M,POUTOU,Philippe,273,1.25,1.54,F,ARTHAUD,Nathalie,66,0.3,0.37,M,CHEMINADE,Jacques,39,0.18,0.22,M,BAYROU,François,2166,9.9,12.2,M,DUPONT-AIGNAN,Nicolas,221,1.01,1.24,M,HOLLANDE,François,6590,30.13,37.12,HOLLANDE,6590,2012,1,,,,,,,,,,,,,,,,,,,,,,,
33,GIRONDE,57,VILLENAVE-D'ORNON,20437,3521,17.23,16916,82.77,302.0,1.48,1.79,16614,81.29,98.21,F,JOLY,Eva,383,1.87,2.31,F,LE PEN,Marine,2051,10.04,12.35,M,SARKOZY,Nicolas,3384,16.56,20.37,M,MÉLENCHON,Jean-Luc,2399,11.74,14.44,M,POUTOU,Philippe,299,1.46,1.8,F,ARTHAUD,Nathalie,73,0.36,0.44,M,CHEMINADE,Jacques,49,0.24,0.29,M,BAYROU,François,1590,7.78,9.57,M,DUPONT-AIGNAN,Nicolas,242,1.18,1.46,M,HOLLANDE,François,6144,30.06,36.98,HOLLANDE,6144,2012,1,,,,,,,,,,,,,,,,,,,,,,,
33,GIRONDE,58,FLOIRAC,16702,3824,22.9,12878,77.1,214.0,1.28,1.66,12664,75.82,98.34,F,JOLY,Eva,252,1.51,1.99,F,LE PEN,Marine,1943,11.63,15.34,M,SARKOZY,Nicolas,2396,14.35,18.92,M,MÉLENCHON,Jean-Luc,1701,10.18,13.43,M,POUTOU,Philippe,209,1.25,1.65,F,ARTHAUD,Nathalie,53,0.32,0.42,M,CHEMINADE,Jacques,29,0.17,0.23,M,BAYROU,François,1058,6.33,8.35,M,DUPONT-AIGNAN,Nicolas,191,1.14,1.51,M,HOLLANDE,François,4832,28.93,38.16,HOLLANDE,4832,2012,1,,,,,,,,,,,,,,,,,,,,,,,
33,GIRONDE,59,GRADIGNAN,33383,4667,13.98,28716,86.02,491.0,1.47,1.71,28225,84.55,98.29,F,JOLY,Eva,825,2.47,2.92,F,LE PEN,Marine,3047,9.13,10.8,M,SARKOZY,Nicolas,6569,19.68,23.27,M,MÉLENCHON,Jean-Luc,3353,10.04,11.88,M,POUTOU,Philippe,398,1.19,1.41,F,ARTHAUD,Nathalie,113,0.34,0.4,M,CHEMINADE,Jacques,68,0.2,0.24,M,BAYROU,François,3311,9.92,11.73,M,DUPONT-AIGNAN,Nicolas,441,1.32,1.56,M,HOLLANDE,François,10100,30.25,35.78,HOLLANDE,10100,2012,1,,,,,,,,,,,,,,,,,,,,,,,
33,GIRONDE,60,LORMONT,18715,3946,21.08,14769,78.92,222.0,1.19,1.5,14547,77.73,98.5,F,JOLY,Eva,218,1.16,1.5,F,LE PEN,Marine,2722,14.54,18.71,M,SARKOZY,Nicolas,2213,11.82,15.21,M,MÉLENCHON,Jean-Luc,2141,11.44,14.72,M,POUTOU,Philippe,296,1.58,2.03,F,ARTHAUD,Nathalie,62,0.33,0.43,M,CHEMINADE,Jacques,21,0.11,0.14,M,BAYROU,François,868,4.64,5.97,M,DUPONT-AIGNAN,Nicolas,172,0.92,1.18,M,HOLLANDE,François,5834,31.17,40.1,HOLLANDE,5834,2012,1,,,,,,,,,,,,,,,,,,,,,,,
33,GIRONDE,61,MÉRIGNAC-2,30817,5253,17.05,25564,82.95,381.0,1.24,1.49,25183,81.72,98.51,F,JOLY,Eva,704,2.28,2.8,F,LE PEN,Marine,3203,10.39,12.72,M,SARKOZY,Nicolas,6142,19.93,24.39,M,MÉLENCHON,Jean-Luc,2884,9.36,11.45,M,POUTOU,Philippe,383,1.24,1.52,F,ARTHAUD,Nathalie,85,0.28,0.34,M,CHEMINADE,Jacques,69,0.22,0.27,M,BAYROU,François,2676,8.68,10.63,M,DUPONT-AIGNAN,Nicolas,421,1.37,1.67,M,HOLLANDE,François,8616,27.96,34.21,HOLLANDE,8616,2012,1,,,,,,,,,,,,,,,,,,,,,,,
33,GIRONDE,62,PESSAC-2,19981,3589,17.96,16392,82.04,290.0,1.45,1.77,16102,80.59,98.23,F,JOLY,Eva,428,2.14,2.66,F,LE PEN,Marine,1805,9.03,11.21,M,SARKOZY,Nicolas,3659,18.31,22.72,M,MÉLENCHON,Jean-Luc,1815,9.08,11.27,M,POUTOU,Philippe,290,1.45,1.8,F,ARTHAUD,Nathalie,67,0.34,0.42,M,CHEMINADE,Jacques,34,0.17,0.21,M,BAYROU,François,1783,8.92,11.07,M,DUPONT-AIGNAN,Nicolas,243,1.22,1.51,M,HOLLANDE,François,5978,29.92,37.13,HOLLANDE,5978,2012,1,,,,,,,,,,,,,,,,,,,,,,,
33,GIRONDE,63,SAINT-MEDARD-EN-JALLES,39962,5530,13.84,34432,86.16,563.0,1.41,1.64,33869,84.75,98.36,F,JOLY,Eva,799,2.0,2.36,F,LE PEN,Marine,4324,10.82,12.77,M,SARKOZY,Nicolas,8607,21.54,25.41,M,MÉLENCHON,Jean-Luc,3636,9.1,10.74,M,POUTOU,Philippe,582,1.46,1.72,F,ARTHAUD,Nathalie,126,0.32,0.37,M,CHEMINADE,Jacques,95,0.24,0.28,M,BAYROU,François,3816,9.55,11.27,M,DUPONT-AIGNAN,Nicolas,585,1.46,1.73,M,HOLLANDE,François,11299,28.27,33.36,HOLLANDE,11299,2012,1,,,,,,,,,,,,,,,,,,,,,,,
40,LANDES,1,AIRE-SUR-L'ADOUR,7613,1197,15.72,6416,84.28,133.0,1.75,2.07,6283,82.53,97.93,F,JOLY,Eva,87,1.14,1.38,F,LE PEN,Marine,873,11.47,13.89,M,SARKOZY,Nicolas,1657,21.77,26.37,M,MÉLENCHON,Jean-Luc,597,7.84,9.5,M,POUTOU,Philippe,98,1.29,1.56,F,ARTHAUD,Nathalie,35,0.46,0.56,M,CHEMINADE,Jacques,17,0.22,0.27,M,BAYROU,François,759,9.97,12.08,M,DUPONT-AIGNAN,Nicolas,99,1.3,1.58,M,HOLLANDE,François,2061,27.07,32.8,HOLLANDE,2061,2012,1,,,,,,,,,,,,,,,,,,,,,,,
40,LANDES,2,AMOU,5867,736,12.54,5131,87.46,99.0,1.69,1.93,5032,85.77,98.07,F,JOLY,Eva,70,1.19,1.39,F,LE PEN,Marine,602,10.26,11.96,M,SARKOZY,Nicolas,1113,18.97,22.12,M,MÉLENCHON,Jean-Luc,644,10.98,12.8,M,POUTOU,Philippe,71,1.21,1.41,F,ARTHAUD,Nathalie,33,0.56,0.66,M,CHEMINADE,Jacques,11,0.19,0.22,M,BAYROU,François,623,10.62,12.38,M,DUPONT-AIGNAN,Nicolas,81,1.38,1.61,M,HOLLANDE,François,1784,30.41,35.45,HOLLANDE,1784,2012,1,,,,,,,,,,,,,,,,,,,,,,,
40,LANDES,3,CASTETS,8803,1158,13.15,7645,86.85,169.0,1.92,2.21,7476,84.93,97.79,F,JOLY,Eva,138,1.57,1.85,F,LE PEN,Marine,955,10.85,12.77,M,SARKOZY,Nicolas,1904,21.63,25.47,M,MÉLENCHON,Jean-Luc,914,10.38,12.23,M,POUTOU,Philippe,142,1.61,1.9,F,ARTHAUD,Nathalie,36,0.41,0.48,M,CHEMINADE,Jacques,16,0.18,0.21,M,BAYROU,François,661,7.51,8.84,M,DUPONT-AIGNAN,Nicolas,149,1.69,1.99,M,HOLLANDE,François,2561,29.09,34.26,HOLLANDE,2561,2012,1,,,,,,,,,,,,,,,,,,,,,,,
40,LANDES,4,DAX-NORD,16896,2587,15.31,14309,84.69,262.0,1.55,1.83,14047,83.14,98.17,F,JOLY,Eva,227,1.34,1.62,F,LE PEN,Marine,1967,11.64,14.0,M,SARKOZY,Nicolas,3267,19.34,23.26,M,MÉLENCHON,Jean-Luc,1816,10.75,12.93,M,POUTOU,Philippe,235,1.39,1.67,F,ARTHAUD,Nathalie,64,0.38,0.46,M,CHEMINADE,Jacques,25,0.15,0.18,M,BAYROU,François,1330,7.87,9.47,M,DUPONT-AIGNAN,Nicolas,246,1.46,1.75,M,HOLLANDE,François,4870,28.82,34.67,HOLLANDE,4870,2012,1,,,,,,,,,,,,,,,,,,,,,,,
40,LANDES,5,GABARRET,2939,384,13.07,2555,86.93,58.0,1.97,2.27,2497,84.96,97.73,F,JOLY,Eva,36,1.22,1.44,F,LE PEN,Marine,424,14.43,16.98,M,SARKOZY,Nicolas,619,21.06,24.79,M,MÉLENCHON,Jean-Luc,274,9.32,10.97,M,POUTOU,Philippe,31,1.05,1.24,F,ARTHAUD,Nathalie,31,1.05,1.24,M,CHEMINADE,Jacques,9,0.31,0.36,M,BAYROU,François,230,7.83,9.21,M,DUPONT-AIGNAN,Nicolas,63,2.14,2.52,M,HOLLANDE,François,780,26.54,31.24,HOLLANDE,780,2012,1,,,,,,,,,,,,,,,,,,,,,,,
40,LANDES,6,GEAUNE,3636,552,15.18,3084,84.82,76.0,2.09,2.46,3008,82.73,97.54,F,JOLY,Eva,38,1.05,1.26,F,LE PEN,Marine,398,10.95,13.23,M,SARKOZY,Nicolas,891,24.5,29.62,M,MÉLENCHON,Jean-Luc,245,6.74,8.14,M,POUTOU,Philippe,33,0.91,1.1,F,ARTHAUD,Nathalie,19,0.52,0.63,M,CHEMINADE,Jacques,8,0.22,0.27,M,BAYROU,François,402,11.06,13.36,M,DUPONT-AIGNAN,Nicolas,57,1.57,1.89,M,HOLLANDE,François,917,25.22,30.49,HOLLANDE,917,2012,1,,,,,,,,,,,,,,,,,,,,,,,
40,LANDES,7,GRENADE-SUR-L'ADOUR,5988,906,15.13,5082,84.87,113.0,1.89,2.22,4969,82.98,97.78,F,JOLY,Eva,69,1.15,1.39,F,LE PEN,Marine,813,13.58,16.36,M,SARKOZY,Nicolas,1405,23.46,28.28,M,MÉLENCHON,Jean-Luc,463,7.73,9.32,M,POUTOU,Philippe,79,1.32,1.59,F,ARTHAUD,Nathalie,27,0.45,0.54,M,CHEMINADE,Jacques,6,0.1,0.12,M,BAYROU,François,558,9.32,11.23,M,DUPONT-AIGNAN,Nicolas,70,1.17,1.41,M,HOLLANDE,François,1479,24.7,29.76,HOLLANDE,1479,2012,1,,,,,,,,,,,,,,,,,,,,,,,
40,LANDES,8,HAGETMAU,7864,972,12.36,6892,87.64,145.0,1.84,2.1,6747,85.8,97.9,F,JOLY,Eva,74,0.94,1.1,F,LE PEN,Marine,831,10.57,12.32,M,SARKOZY,Nicolas,1561,19.85,23.14,M,MÉLENCHON,Jean-Luc,620,7.88,9.19,M,POUTOU,Philippe,95,1.21,1.41,F,ARTHAUD,Nathalie,36,0.46,0.53,M,CHEMINADE,Jacques,12,0.15,0.18,M,BAYROU,François,823,10.47,12.2,M,DUPONT-AIGNAN,Nicolas,118,1.5,1.75,M,HOLLANDE,François,2577,32.77,38.19,HOLLANDE,2577,2012,1,,,,,,,,,,,,,,,,,,,,,,,
40,LANDES,9,LABRIT,2581,349,13.52,2232,86.48,42.0,1.63,1.88,2190,84.85,98.12,F,JOLY,Eva,33,1.28,1.51,F,LE PEN,Marine,355,13.75,16.21,M,SARKOZY,Nicolas,514,19.91,23.47,M,MÉLENCHON,Jean-Luc,296,11.47,13.52,M,POUTOU,Philippe,43,1.67,1.96,F,ARTHAUD,Nathalie,9,0.35,0.41,M,CHEMINADE,Jacques,11,0.43,0.5,M,BAYROU,François,220,8.52,10.05,M,DUPONT-AIGNAN,Nicolas,44,1.7,2.01,M,HOLLANDE,François,665,25.77,30.37,HOLLANDE,665,2012,1,,,,,,,,,,,,,,,,,,,,,,,
40,LANDES,10,MIMIZAN,9206,1442,15.66,7764,84.34,162.0,1.76,2.09,7602,82.58,97.91,F,JOLY,Eva,141,1.53,1.85,F,LE PEN,Marine,1015,11.03,13.35,M,SARKOZY,Nicolas,1780,19.34,23.41,M,MÉLENCHON,Jean-Luc,932,10.12,12.26,M,POUTOU,Philippe,99,1.08,1.3,F,ARTHAUD,Nathalie,42,0.46,0.55,M,CHEMINADE,Jacques,16,0.17,0.21,M,BAYROU,François,669,7.27,8.8,M,DUPONT-AIGNAN,Nicolas,117,1.27,1.54,M,HOLLANDE,François,2791,30.32,36.71,HOLLANDE,2791,2012,1,,,,,,,,,,,,,,,,,,,,,,,
40,LANDES,11,MONT-DE-MARSAN-NORD,13010,3022,23.23,9988,76.77,215.0,1.65,2.15,9773,75.12,97.85,F,JOLY,Eva,170,1.31,1.74,F,LE PEN,Marine,1606,12.34,16.43,M,SARKOZY,Nicolas,2397,18.42,24.53,M,MÉLENCHON,Jean-Luc,1038,7.98,10.62,M,POUTOU,Philippe,127,0.98,1.3,F,ARTHAUD,Nathalie,54,0.42,0.55,M,CHEMINADE,Jacques,22,0.17,0.23,M,BAYROU,François,1014,7.79,10.38,M,DUPONT-AIGNAN,Nicolas,162,1.25,1.66,M,HOLLANDE,François,3183,24.47,32.57,HOLLANDE,3183,2012,1,,,,,,,,,,,,,,,,,,,,,,,
40,LANDES,12,MONTFORT-EN-CHALOSSE,8985,1218,13.56,7767,86.44,139.0,1.55,1.79,7628,84.9,98.21,F,JOLY,Eva,122,1.36,1.6,F,LE PEN,Marine,1088,12.11,14.26,M,SARKOZY,Nicolas,1546,17.21,20.27,M,MÉLENCHON,Jean-Luc,1053,11.72,13.8,M,POUTOU,Philippe,128,1.42,1.68,F,ARTHAUD,Nathalie,35,0.39,0.46,M,CHEMINADE,Jacques,16,0.18,0.21,M,BAYROU,François,817,9.09,10.71,M,DUPONT-AIGNAN,Nicolas,115,1.28,1.51,M,HOLLANDE,François,2708,30.14,35.5,HOLLANDE,2708,2012,1,,,,,,,,,,,,,,,,,,,,,,,
40,LANDES,13,MORCENX,7375,1109,15.04,6266,84.96,161.0,2.18,2.57,6105,82.78,97.43,F,JOLY,Eva,64,0.87,1.05,F,LE PEN,Marine,786,10.66,12.87,M,SARKOZY,Nicolas,1123,15.23,18.39,M,MÉLENCHON,Jean-Luc,917,12.43,15.02,M,POUTOU,Philippe,99,1.34,1.62,F,ARTHAUD,Nathalie,38,0.52,0.62,M,CHEMINADE,Jacques,16,0.22,0.26,M,BAYROU,François,456,6.18,7.47,M,DUPONT-AIGNAN,Nicolas,82,1.11,1.34,M,HOLLANDE,François,2524,34.22,41.34,HOLLANDE,2524,2012,1,,,,,,,,,,,,,,,,,,,,,,,
40,LANDES,14,MUGRON,4490,530,11.8,3960,88.2,81.0,1.8,2.05,3879,86.39,97.95,F,JOLY,Eva,57,1.27,1.47,F,LE PEN,Marine,398,8.86,10.26,M,SARKOZY,Nicolas,705,15.7,18.17,M,MÉLENCHON,Jean-Luc,559,12.45,14.41,M,POUTOU,Philippe,48,1.07,1.24,F,ARTHAUD,Nathalie,15,0.33,0.39,M,CHEMINADE,Jacques,7,0.16,0.18,M,BAYROU,François,366,8.15,9.44,M,DUPONT-AIGNAN,Nicolas,50,1.11,1.29,M,HOLLANDE,François,1674,37.28,43.16,HOLLANDE,1674,2012,1,,,,,,,,,,,,,,,,,,,,,,,
40,LANDES,15,PARENTIS-EN-BORN,20614,3781,18.34,16833,81.66,292.0,1.42,1.73,16541,80.24,98.27,F,JOLY,Eva,316,1.53,1.91,F,LE PEN,Marine,3081,14.95,18.63,M,SARKOZY,Nicolas,4671,22.66,28.24,M,MÉLENCHON,Jean-Luc,1714,8.31,10.36,M,POUTOU,Philippe,241,1.17,1.46,F,ARTHAUD,Nathalie,68,0.33,0.41,M,CHEMINADE,Jacques,33,0.16,0.2,M,BAYROU,François,1734,8.41,10.48,M,DUPONT-AIGNAN,Nicolas,361,1.75,2.18,M,HOLLANDE,François,4322,20.97,26.13,SARKOZY,4671,2012,1,,,,,,,,,,,,,,,,,,,,,,,
40,LANDES,16,PEYREHORADE,8819,1322,14.99,7497,85.01,128.0,1.45,1.71,7369,83.56,98.29,F,JOLY,Eva,143,1.62,1.94,F,LE PEN,Marine,1067,12.1,14.48,M,SARKOZY,Nicolas,1660,18.82,22.53,M,MÉLENCHON,Jean-Luc,936,10.61,12.7,M,POUTOU,Philippe,116,1.32,1.57,F,ARTHAUD,Nathalie,39,0.44,0.53,M,CHEMINADE,Jacques,11,0.12,0.15,M,BAYROU,François,901,10.22,12.23,M,DUPONT-AIGNAN,Nicolas,118,1.34,1.6,M,HOLLANDE,François,2378,26.96,32.27,HOLLANDE,2378,2012,1,,,,,,,,,,,,,,,,,,,,,,,
40,LANDES,17,PISSOS,2773,465,16.77,2308,83.23,45.0,1.62,1.95,2263,81.61,98.05,F,JOLY,Eva,43,1.55,1.9,F,LE PEN,Marine,365,13.16,16.13,M,SARKOZY,Nicolas,522,18.82,23.07,M,MÉLENCHON,Jean-Luc,275,9.92,12.15,M,POUTOU,Philippe,51,1.84,2.25,F,ARTHAUD,Nathalie,16,0.58,0.71,M,CHEMINADE,Jacques,4,0.14,0.18,M,BAYROU,François,172,6.2,7.6,M,DUPONT-AIGNAN,Nicolas,38,1.37,1.68,M,HOLLANDE,François,777,28.02,34.33,HOLLANDE,777,2012,1,,,,,,,,,,,,,,,,,,,,,,,
40,LANDES,18,POUILLON,8439,1165,13.8,7274,86.2,146.0,1.73,2.01,7128,84.46,97.99,F,JOLY,Eva,127,1.5,1.78,F,LE PEN,Marine,981,11.62,13.76,M,SARKOZY,Nicolas,1536,18.2,21.55,M,MÉLENCHON,Jean-Luc,1280,15.17,17.96,M,POUTOU,Philippe,97,1.15,1.36,F,ARTHAUD,Nathalie,40,0.47,0.56,M,CHEMINADE,Jacques,19,0.23,0.27,M,BAYROU,François,775,9.18,10.87,M,DUPONT-AIGNAN,Nicolas,96,1.14,1.35,M,HOLLANDE,François,2177,25.8,30.54,HOLLANDE,2177,2012,1,,,,,,,,,,,,,,,,,,,,,,,
40,LANDES,19,ROQUEFORT,6207,937,15.1,5270,84.9,97.0,1.56,1.84,5173,83.34,98.16,F,JOLY,Eva,89,1.43,1.72,F,LE PEN,Marine,851,13.71,16.45,M,SARKOZY,Nicolas,1218,19.62,23.55,M,MÉLENCHON,Jean-Luc,648,10.44,12.53,M,POUTOU,Philippe,69,1.11,1.33,F,ARTHAUD,Nathalie,28,0.45,0.54,M,CHEMINADE,Jacques,12,0.19,0.23,M,BAYROU,François,486,7.83,9.39,M,DUPONT-AIGNAN,Nicolas,78,1.26,1.51,M,HOLLANDE,François,1694,27.29,32.75,HOLLANDE,1694,2012,1,,,,,,,,,,,,,,,,,,,,,,,
40,LANDES,20,SABRES,4645,752,16.19,3893,83.81,55.0,1.18,1.41,3838,82.63,98.59,F,JOLY,Eva,61,1.31,1.59,F,LE PEN,Marine,595,12.81,15.5,M,SARKOZY,Nicolas,780,16.79,20.32,M,MÉLENCHON,Jean-Luc,562,12.1,14.64,M,POUTOU,Philippe,69,1.49,1.8,F,ARTHAUD,Nathalie,23,0.5,0.6,M,CHEMINADE,Jacques,6,0.13,0.16,M,BAYROU,François,291,6.26,7.58,M,DUPONT-AIGNAN,Nicolas,68,1.46,1.77,M,HOLLANDE,François,1383,29.77,36.03,HOLLANDE,1383,2012,1,,,,,,,,,,,,,,,,,,,,,,,
40,LANDES,21,SAINT-MARTIN-DE-SEIGNANX,19480,3139,16.11,16341,83.89,289.0,1.48,1.77,16052,82.4,98.23,F,JOLY,Eva,383,1.97,2.39,F,LE PEN,Marine,2198,11.28,13.69,M,SARKOZY,Nicolas,3158,16.21,19.67,M,MÉLENCHON,Jean-Luc,2936,15.07,18.29,M,POUTOU,Philippe,252,1.29,1.57,F,ARTHAUD,Nathalie,75,0.39,0.47,M,CHEMINADE,Jacques,26,0.13,0.16,M,BAYROU,François,1692,8.69,10.54,M,DUPONT-AIGNAN,Nicolas,201,1.03,1.25,M,HOLLANDE,François,5131,26.34,31.96,HOLLANDE,5131,2012,1,,,,,,,,,,,,,,,,,,,,,,,
40,LANDES,22,SAINT-SEVER,8026,1147,14.29,6879,85.71,122.0,1.52,1.77,6757,84.19,98.23,F,JOLY,Eva,88,1.1,1.3,F,LE PEN,Marine,899,11.2,13.3,M,SARKOZY,Nicolas,1693,21.09,25.06,M,MÉLENCHON,Jean-Luc,715,8.91,10.58,M,POUTOU,Philippe,88,1.1,1.3,F,ARTHAUD,Nathalie,32,0.4,0.47,M,CHEMINADE,Jacques,11,0.14,0.16,M,BAYROU,François,774,9.64,11.45,M,DUPONT-AIGNAN,Nicolas,117,1.46,1.73,M,HOLLANDE,François,2340,29.16,34.63,HOLLANDE,2340,2012,1,,,,,,,,,,,,,,,,,,,,,,,
40,LANDES,23,SAINT-VINCENT-DE-TYROSSE,23705,3953,16.68,19752,83.32,368.0,1.55,1.86,19384,81.77,98.14,F,JOLY,Eva,454,1.92,2.34,F,LE PEN,Marine,2731,11.52,14.09,M,SARKOZY,Nicolas,5083,21.44,26.22,M,MÉLENCHON,Jean-Luc,2516,10.61,12.98,M,POUTOU,Philippe,255,1.08,1.32,F,ARTHAUD,Nathalie,95,0.4,0.49,M,CHEMINADE,Jacques,45,0.19,0.23,M,BAYROU,François,1981,8.36,10.22,M,DUPONT-AIGNAN,Nicolas,306,1.29,1.58,M,HOLLANDE,François,5918,24.97,30.53,HOLLANDE,5918,2012,1,,,,,,,,,,,,,,,,,,,,,,,
40,LANDES,24,SORE,1469,191,13.0,1278,87.0,32.0,2.18,2.5,1246,84.82,97.5,F,JOLY,Eva,18,1.23,1.44,F,LE PEN,Marine,160,10.89,12.84,M,SARKOZY,Nicolas,286,19.47,22.95,M,MÉLENCHON,Jean-Luc,177,12.05,14.21,M,POUTOU,Philippe,25,1.7,2.01,F,ARTHAUD,Nathalie,11,0.75,0.88,M,CHEMINADE,Jacques,2,0.14,0.16,M,BAYROU,François,126,8.58,10.11,M,DUPONT-AIGNAN,Nicolas,20,1.36,1.61,M,HOLLANDE,François,421,28.66,33.79,HOLLANDE,421,2012,1,,,,,,,,,,,,,,,,,,,,,,,
40,LANDES,25,SOUSTONS,22171,3579,16.14,18592,83.86,346.0,1.56,1.86,18246,82.3,98.14,F,JOLY,Eva,568,2.56,3.11,F,LE PEN,Marine,2088,9.42,11.44,M,SARKOZY,Nicolas,5595,25.24,30.66,M,MÉLENCHON,Jean-Luc,2047,9.23,11.22,M,POUTOU,Philippe,247,1.11,1.35,F,ARTHAUD,Nathalie,58,0.26,0.32,M,CHEMINADE,Jacques,40,0.18,0.22,M,BAYROU,François,1869,8.43,10.24,M,DUPONT-AIGNAN,Nicolas,325,1.47,1.78,M,HOLLANDE,François,5409,24.4,29.64,SARKOZY,5595,2012,1,,,,,,,,,,,,,,,,,,,,,,,
40,LANDES,26,TARTAS-EST,4480,645,14.4,3835,85.6,62.0,1.38,1.62,3773,84.22,98.38,F,JOLY,Eva,41,0.92,1.09,F,LE PEN,Marine,538,12.01,14.26,M,SARKOZY,Nicolas,779,17.39,20.65,M,MÉLENCHON,Jean-Luc,632,14.11,16.75,M,POUTOU,Philippe,62,1.38,1.64,F,ARTHAUD,Nathalie,14,0.31,0.37,M,CHEMINADE,Jacques,4,0.09,0.11,M,BAYROU,François,332,7.41,8.8,M,DUPONT-AIGNAN,Nicolas,84,1.88,2.23,M,HOLLANDE,François,1287,28.73,34.11,HOLLANDE,1287,2012,1,,,,,,,,,,,,,,,,,,,,,,,
40,LANDES,27,TARTAS-OUEST,8281,1227,14.82,7054,85.18,163.0,1.97,2.31,6891,83.21,97.69,F,JOLY,Eva,94,1.14,1.36,F,LE PEN,Marine,988,11.93,14.34,M,SARKOZY,Nicolas,1300,15.7,18.87,M,MÉLENCHON,Jean-Luc,1065,12.86,15.45,M,POUTOU,Philippe,133,1.61,1.93,F,ARTHAUD,Nathalie,29,0.35,0.42,M,CHEMINADE,Jacques,15,0.18,0.22,M,BAYROU,François,632,7.63,9.17,M,DUPONT-AIGNAN,Nicolas,112,1.35,1.63,M,HOLLANDE,François,2523,30.47,36.61,HOLLANDE,2523,2012,1,,,,,,,,,,,,,,,,,,,,,,,
40,LANDES,28,VILLENEUVE-DE-MARSAN,4694,718,15.3,3976,84.7,93.0,1.98,2.34,3883,82.72,97.66,F,JOLY,Eva,66,1.41,1.7,F,LE PEN,Marine,656,13.98,16.89,M,SARKOZY,Nicolas,961,20.47,24.75,M,MÉLENCHON,Jean-Luc,466,9.93,12.0,M,POUTOU,Philippe,55,1.17,1.42,F,ARTHAUD,Nathalie,15,0.32,0.39,M,CHEMINADE,Jacques,6,0.13,0.15,M,BAYROU,François,370,7.88,9.53,M,DUPONT-AIGNAN,Nicolas,65,1.38,1.67,M,HOLLANDE,François,1223,26.05,31.5,HOLLANDE,1223,2012,1,,,,,,,,,,,,,,,,,,,,,,,
40,LANDES,29,DAX-SUD,22304,4056,18.19,18248,81.81,371.0,1.66,2.03,17877,80.15,97.97,F,JOLY,Eva,307,1.38,1.72,F,LE PEN,Marine,2369,10.62,13.25,M,SARKOZY,Nicolas,5160,23.13,28.86,M,MÉLENCHON,Jean-Luc,1919,8.6,10.73,M,POUTOU,Philippe,239,1.07,1.34,F,ARTHAUD,Nathalie,72,0.32,0.4,M,CHEMINADE,Jacques,40,0.18,0.22,M,BAYROU,François,1929,8.65,10.79,M,DUPONT-AIGNAN,Nicolas,232,1.04,1.3,M,HOLLANDE,François,5610,25.15,31.38,HOLLANDE,5610,2012,1,,,,,,,,,,,,,,,,,,,,,,,
40,LANDES,30,MONT-DE-MARSAN-SUD,25380,4834,19.05,20546,80.95,373.0,1.47,1.82,20173,79.48,98.18,F,JOLY,Eva,342,1.35,1.7,F,LE PEN,Marine,2703,10.65,13.4,M,SARKOZY,Nicolas,5003,19.71,24.8,M,MÉLENCHON,Jean-Luc,2252,8.87,11.16,M,POUTOU,Philippe,278,1.1,1.38,F,ARTHAUD,Nathalie,72,0.28,0.36,M,CHEMINADE,Jacques,50,0.2,0.25,M,BAYROU,François,2445,9.63,12.12,M,DUPONT-AIGNAN,Nicolas,334,1.32,1.66,M,HOLLANDE,François,6694,26.38,33.18,HOLLANDE,6694,2012,1,,,,,,,,,,,,,,,,,,,,,,,
47,LOT ET GARONNE,1,AGEN-CENTRE,8637,1618,18.73,7019,81.27,148.0,1.71,2.11,6871,79.55,97.89,F,JOLY,Eva,162,1.88,2.36,F,LE PEN,Marine,1209,14.0,17.6,M,SARKOZY,Nicolas,1747,20.23,25.43,M,MÉLENCHON,Jean-Luc,783,9.07,11.4,M,POUTOU,Philippe,98,1.13,1.43,F,ARTHAUD,Nathalie,28,0.32,0.41,M,CHEMINADE,Jacques,11,0.13,0.16,M,BAYROU,François,607,7.03,8.83,M,DUPONT-AIGNAN,Nicolas,107,1.24,1.56,M,HOLLANDE,François,2119,24.53,30.84,HOLLANDE,2119,2012,1,,,,,,,,,,,,,,,,,,,,,,,
47,LOT ET GARONNE,2,AGEN-NORD-EST,7348,1260,17.15,6088,82.85,122.0,1.66,2.0,5966,81.19,98.0,F,JOLY,Eva,117,1.59,1.96,F,LE PEN,Marine,1315,17.9,22.04,M,SARKOZY,Nicolas,1253,17.05,21.0,M,MÉLENCHON,Jean-Luc,708,9.64,11.87,M,POUTOU,Philippe,67,0.91,1.12,F,ARTHAUD,Nathalie,19,0.26,0.32,M,CHEMINADE,Jacques,9,0.12,0.15,M,BAYROU,François,493,6.71,8.26,M,DUPONT-AIGNAN,Nicolas,91,1.24,1.53,M,HOLLANDE,François,1894,25.78,31.75,HOLLANDE,1894,2012,1,,,,,,,,,,,,,,,,,,,,,,,
47,LOT ET GARONNE,3,ASTAFFORT,6555,1028,15.68,5527,84.32,130.0,1.98,2.35,5397,82.33,97.65,F,JOLY,Eva,107,1.63,1.98,F,LE PEN,Marine,1245,18.99,23.07,M,SARKOZY,Nicolas,1382,21.08,25.61,M,MÉLENCHON,Jean-Luc,567,8.65,10.51,M,POUTOU,Philippe,72,1.1,1.33,F,ARTHAUD,Nathalie,25,0.38,0.46,M,CHEMINADE,Jacques,12,0.18,0.22,M,BAYROU,François,469,7.15,8.69,M,DUPONT-AIGNAN,Nicolas,90,1.37,1.67,M,HOLLANDE,François,1428,21.78,26.46,HOLLANDE,1428,2012,1,,,,,,,,,,,,,,,,,,,,,,,
47,LOT ET GARONNE,4,BEAUVILLE,2011,263,13.08,1748,86.92,28.0,1.39,1.6,1720,85.53,98.4,F,JOLY,Eva,44,2.19,2.56,F,LE PEN,Marine,379,18.85,22.03,M,SARKOZY,Nicolas,416,20.69,24.19,M,MÉLENCHON,Jean-Luc,199,9.9,11.57,M,POUTOU,Philippe,35,1.74,2.03,F,ARTHAUD,Nathalie,17,0.85,0.99,M,CHEMINADE,Jacques,8,0.4,0.47,M,BAYROU,François,168,8.35,9.77,M,DUPONT-AIGNAN,Nicolas,43,2.14,2.5,M,HOLLANDE,François,411,20.44,23.9,SARKOZY,416,2012,1,,,,,,,,,,,,,,,,,,,,,,,
47,LOT ET GARONNE,5,BOUGLON,2356,304,12.9,2052,87.1,32.0,1.36,1.56,2020,85.74,98.44,F,JOLY,Eva,48,2.04,2.38,F,LE PEN,Marine,444,18.85,21.98,M,SARKOZY,Nicolas,461,19.57,22.82,M,MÉLENCHON,Jean-Luc,346,14.69,17.13,M,POUTOU,Philippe,37,1.57,1.83,F,ARTHAUD,Nathalie,12,0.51,0.59,M,CHEMINADE,Jacques,6,0.25,0.3,M,BAYROU,François,200,8.49,9.9,M,DUPONT-AIGNAN,Nicolas,44,1.87,2.18,M,HOLLANDE,François,422,17.91,20.89,SARKOZY,461,2012,1,,,,,,,,,,,,,,,,,,,,,,,
47,LOT ET GARONNE,6,CANCON,4500,612,13.6,3888,86.4,68.0,1.51,1.75,3820,84.89,98.25,F,JOLY,Eva,75,1.67,1.96,F,LE PEN,Marine,865,19.22,22.64,M,SARKOZY,Nicolas,956,21.24,25.03,M,MÉLENCHON,Jean-Luc,414,9.2,10.84,M,POUTOU,Philippe,72,1.6,1.88,F,ARTHAUD,Nathalie,22,0.49,0.58,M,CHEMINADE,Jacques,10,0.22,0.26,M,BAYROU,François,384,8.53,10.05,M,DUPONT-AIGNAN,Nicolas,70,1.56,1.83,M,HOLLANDE,François,952,21.16,24.92,SARKOZY,956,2012,1,,,,,,,,,,,,,,,,,,,,,,,
47,LOT ET GARONNE,7,CASTELJALOUX,5195,909,17.5,4286,82.5,82.0,1.58,1.91,4204,80.92,98.09,F,JOLY,Eva,71,1.37,1.69,F,LE PEN,Marine,814,15.67,19.36,M,SARKOZY,Nicolas,1096,21.1,26.07,M,MÉLENCHON,Jean-Luc,589,11.34,14.01,M,POUTOU,Philippe,53,1.02,1.26,F,ARTHAUD,Nathalie,29,0.56,0.69,M,CHEMINADE,Jacques,8,0.15,0.19,M,BAYROU,François,338,6.51,8.04,M,DUPONT-AIGNAN,Nicolas,69,1.33,1.64,M,HOLLANDE,François,1137,21.89,27.05,HOLLANDE,1137,2012,1,,,,,,,,,,,,,,,,,,,,,,,
47,LOT ET GARONNE,8,CASTELMORON-SUR-LOT,2691,388,14.42,2303,85.58,29.0,1.08,1.26,2274,84.5,98.74,F,JOLY,Eva,48,1.78,2.11,F,LE PEN,Marine,526,19.55,23.13,M,SARKOZY,Nicolas,543,20.18,23.88,M,MÉLENCHON,Jean-Luc,265,9.85,11.65,M,POUTOU,Philippe,26,0.97,1.14,F,ARTHAUD,Nathalie,18,0.67,0.79,M,CHEMINADE,Jacques,6,0.22,0.26,M,BAYROU,François,242,8.99,10.64,M,DUPONT-AIGNAN,Nicolas,50,1.86,2.2,M,HOLLANDE,François,550,20.44,24.19,HOLLANDE,550,2012,1,,,,,,,,,,,,,,,,,,,,,,,
47,LOT ET GARONNE,9,CASTILLONNES,2573,394,15.31,2179,84.69,42.0,1.63,1.93,2137,83.05,98.07,F,JOLY,Eva,39,1.52,1.82,F,LE PEN,Marine,455,17.68,21.29,M,SARKOZY,Nicolas,588,22.85,27.52,M,MÉLENCHON,Jean-Luc,211,8.2,9.87,M,POUTOU,Philippe,27,1.05,1.26,F,ARTHAUD,Nathalie,13,0.51,0.61,M,CHEMINADE,Jacques,9,0.35,0.42,M,BAYROU,François,218,8.47,10.2,M,DUPONT-AIGNAN,Nicolas,53,2.06,2.48,M,HOLLANDE,François,524,20.37,24.52,SARKOZY,588,2012,1,,,,,,,,,,,,,,,,,,,,,,,
47,LOT ET GARONNE,10,DAMAZAN,3924,601,15.32,3323,84.68,57.0,1.45,1.72,3266,83.23,98.28,F,JOLY,Eva,48,1.22,1.47,F,LE PEN,Marine,824,21.0,25.23,M,SARKOZY,Nicolas,843,21.48,25.81,M,MÉLENCHON,Jean-Luc,355,9.05,10.87,M,POUTOU,Philippe,38,0.97,1.16,F,ARTHAUD,Nathalie,22,0.56,0.67,M,CHEMINADE,Jacques,13,0.33,0.4,M,BAYROU,François,235,5.99,7.2,M,DUPONT-AIGNAN,Nicolas,58,1.48,1.78,M,HOLLANDE,François,830,21.15,25.41,SARKOZY,843,2012,1,,,,,,,,,,,,,,,,,,,,,,,
47,LOT ET GARONNE,11,DURAS,3575,542,15.16,3033,84.84,84.0,2.35,2.77,2949,82.49,97.23,F,JOLY,Eva,80,2.24,2.71,F,LE PEN,Marine,626,17.51,21.23,M,SARKOZY,Nicolas,909,25.43,30.82,M,MÉLENCHON,Jean-Luc,291,8.14,9.87,M,POUTOU,Philippe,34,0.95,1.15,F,ARTHAUD,Nathalie,18,0.5,0.61,M,CHEMINADE,Jacques,9,0.25,0.31,M,BAYROU,François,318,8.9,10.78,M,DUPONT-AIGNAN,Nicolas,47,1.31,1.59,M,HOLLANDE,François,617,17.26,20.92,SARKOZY,909,2012,1,,,,,,,,,,,,,,,,,,,,,,,
47,LOT ET GARONNE,12,FRANCESCAS,2302,337,14.64,1965,85.36,47.0,2.04,2.39,1918,83.32,97.61,F,JOLY,Eva,59,2.56,3.08,F,LE PEN,Marine,405,17.59,21.12,M,SARKOZY,Nicolas,579,25.15,30.19,M,MÉLENCHON,Jean-Luc,213,9.25,11.11,M,POUTOU,Philippe,28,1.22,1.46,F,ARTHAUD,Nathalie,14,0.61,0.73,M,CHEMINADE,Jacques,7,0.3,0.36,M,BAYROU,François,211,9.17,11.0,M,DUPONT-AIGNAN,Nicolas,33,1.43,1.72,M,HOLLANDE,François,369,16.03,19.24,SARKOZY,579,2012,1,,,,,,,,,,,,,,,,,,,,,,,
47,LOT ET GARONNE,13,FUMEL,8084,1374,17.0,6710,83.0,164.0,2.03,2.44,6546,80.97,97.56,F,JOLY,Eva,114,1.41,1.74,F,LE PEN,Marine,1221,15.1,18.65,M,SARKOZY,Nicolas,1446,17.89,22.09,M,MÉLENCHON,Jean-Luc,771,9.54,11.78,M,POUTOU,Philippe,116,1.43,1.77,F,ARTHAUD,Nathalie,26,0.32,0.4,M,CHEMINADE,Jacques,18,0.22,0.27,M,BAYROU,François,461,5.7,7.04,M,DUPONT-AIGNAN,Nicolas,140,1.73,2.14,M,HOLLANDE,François,2233,27.62,34.11,HOLLANDE,2233,2012,1,,,,,,,,,,,,,,,,,,,,,,,
47,LOT ET GARONNE,14,HOUEILLES,1328,189,14.23,1139,85.77,22.0,1.66,1.93,1117,84.11,98.07,F,JOLY,Eva,30,2.26,2.69,F,LE PEN,Marine,204,15.36,18.26,M,SARKOZY,Nicolas,253,19.05,22.65,M,MÉLENCHON,Jean-Luc,186,14.01,16.65,M,POUTOU,Philippe,21,1.58,1.88,F,ARTHAUD,Nathalie,11,0.83,0.98,M,CHEMINADE,Jacques,3,0.23,0.27,M,BAYROU,François,70,5.27,6.27,M,DUPONT-AIGNAN,Nicolas,21,1.58,1.88,M,HOLLANDE,François,318,23.95,28.47,HOLLANDE,318,2012,1,,,,,,,,,,,,,,,,,,,,,,,
47,LOT ET GARONNE,15,LAPLUME,9190,1168,12.71,8022,87.29,153.0,1.66,1.91,7869,85.63,98.09,F,JOLY,Eva,142,1.55,1.8,F,LE PEN,Marine,1775,19.31,22.56,M,SARKOZY,Nicolas,2062,22.44,26.2,M,MÉLENCHON,Jean-Luc,847,9.22,10.76,M,POUTOU,Philippe,84,0.91,1.07,F,ARTHAUD,Nathalie,29,0.32,0.37,M,CHEMINADE,Jacques,13,0.14,0.17,M,BAYROU,François,789,8.59,10.03,M,DUPONT-AIGNAN,Nicolas,166,1.81,2.11,M,HOLLANDE,François,1962,21.35,24.93,SARKOZY,2062,2012,1,,,,,,,,,,,,,,,,,,,,,,,
47,LOT ET GARONNE,16,LAROQUE-TIMBAUT,3364,413,12.28,2951,87.72,45.0,1.34,1.52,2906,86.39,98.48,F,JOLY,Eva,69,2.05,2.37,F,LE PEN,Marine,660,19.62,22.71,M,SARKOZY,Nicolas,678,20.15,23.33,M,MÉLENCHON,Jean-Luc,381,11.33,13.11,M,POUTOU,Philippe,39,1.16,1.34,F,ARTHAUD,Nathalie,11,0.33,0.38,M,CHEMINADE,Jacques,4,0.12,0.14,M,BAYROU,François,272,8.09,9.36,M,DUPONT-AIGNAN,Nicolas,57,1.69,1.96,M,HOLLANDE,François,735,21.85,25.29,HOLLANDE,735,2012,1,,,,,,,,,,,,,,,,,,,,,,,
47,LOT ET GARONNE,17,LAUZUN,6977,1082,15.51,5895,84.49,110.0,1.58,1.87,5785,82.92,98.13,F,JOLY,Eva,91,1.3,1.57,F,LE PEN,Marine,1257,18.02,21.73,M,SARKOZY,Nicolas,1479,21.2,25.57,M,MÉLENCHON,Jean-Luc,627,8.99,10.84,M,POUTOU,Philippe,81,1.16,1.4,F,ARTHAUD,Nathalie,35,0.5,0.61,M,CHEMINADE,Jacques,15,0.21,0.26,M,BAYROU,François,536,7.68,9.27,M,DUPONT-AIGNAN,Nicolas,105,1.5,1.82,M,HOLLANDE,François,1559,22.34,26.95,HOLLANDE,1559,2012,1,,,,,,,,,,,,,,,,,,,,,,,
47,LOT ET GARONNE,18,LAVARDAC,6590,1023,15.52,5567,84.48,132.0,2.0,2.37,5435,82.47,97.63,F,JOLY,Eva,78,1.18,1.44,F,LE PEN,Marine,1268,19.24,23.33,M,SARKOZY,Nicolas,1354,20.55,24.91,M,MÉLENCHON,Jean-Luc,654,9.92,12.03,M,POUTOU,Philippe,73,1.11,1.34,F,ARTHAUD,Nathalie,29,0.44,0.53,M,CHEMINADE,Jacques,13,0.2,0.24,M,BAYROU,François,460,6.98,8.46,M,DUPONT-AIGNAN,Nicolas,104,1.58,1.91,M,HOLLANDE,François,1402,21.27,25.8,HOLLANDE,1402,2012,1,,,,,,,,,,,,,,,,,,,,,,,
47,LOT ET GARONNE,19,MARMANDE-EST,11461,2258,19.7,9203,80.3,201.0,1.75,2.18,9002,78.54,97.82,F,JOLY,Eva,122,1.06,1.36,F,LE PEN,Marine,1997,17.42,22.18,M,SARKOZY,Nicolas,2418,21.1,26.86,M,MÉLENCHON,Jean-Luc,908,7.92,10.09,M,POUTOU,Philippe,111,0.97,1.23,F,ARTHAUD,Nathalie,48,0.42,0.53,M,CHEMINADE,Jacques,15,0.13,0.17,M,BAYROU,François,810,7.07,9.0,M,DUPONT-AIGNAN,Nicolas,164,1.43,1.82,M,HOLLANDE,François,2409,21.02,26.76,SARKOZY,2418,2012,1,,,,,,,,,,,,,,,,,,,,,,,
47,LOT ET GARONNE,20,LE-MAS-D'AGENAIS,4762,630,13.23,4132,86.77,90.0,1.89,2.18,4042,84.88,97.82,F,JOLY,Eva,67,1.41,1.66,F,LE PEN,Marine,913,19.17,22.59,M,SARKOZY,Nicolas,950,19.95,23.5,M,MÉLENCHON,Jean-Luc,564,11.84,13.95,M,POUTOU,Philippe,54,1.13,1.34,F,ARTHAUD,Nathalie,15,0.31,0.37,M,CHEMINADE,Jacques,8,0.17,0.2,M,BAYROU,François,302,6.34,7.47,M,DUPONT-AIGNAN,Nicolas,59,1.24,1.46,M,HOLLANDE,François,1110,23.31,27.46,HOLLANDE,1110,2012,1,,,,,,,,,,,,,,,,,,,,,,,
47,LOT ET GARONNE,21,MEILHAN-SUR-GARONNE,3825,472,12.34,3353,87.66,79.0,2.07,2.36,3274,85.59,97.64,F,JOLY,Eva,62,1.62,1.89,F,LE PEN,Marine,720,18.82,21.99,M,SARKOZY,Nicolas,795,20.78,24.28,M,MÉLENCHON,Jean-Luc,463,12.1,14.14,M,POUTOU,Philippe,63,1.65,1.92,F,ARTHAUD,Nathalie,15,0.39,0.46,M,CHEMINADE,Jacques,7,0.18,0.21,M,BAYROU,François,312,8.16,9.53,M,DUPONT-AIGNAN,Nicolas,59,1.54,1.8,M,HOLLANDE,François,778,20.34,23.76,SARKOZY,795,2012,1,,,,,,,,,,,,,,,,,,,,,,,
47,LOT ET GARONNE,22,MÉZIN,3060,410,13.4,2650,86.6,62.0,2.03,2.34,2588,84.58,97.66,F,JOLY,Eva,61,1.99,2.36,F,LE PEN,Marine,498,16.27,19.24,M,SARKOZY,Nicolas,715,23.37,27.63,M,MÉLENCHON,Jean-Luc,333,10.88,12.87,M,POUTOU,Philippe,33,1.08,1.28,F,ARTHAUD,Nathalie,6,0.2,0.23,M,CHEMINADE,Jacques,4,0.13,0.15,M,BAYROU,François,241,7.88,9.31,M,DUPONT-AIGNAN,Nicolas,52,1.7,2.01,M,HOLLANDE,François,645,21.08,24.92,SARKOZY,715,2012,1,,,,,,,,,,,,,,,,,,,,,,,
47,LOT ET GARONNE,23,MONCLAR,3148,488,15.5,2660,84.5,56.0,1.78,2.11,2604,82.72,97.89,F,JOLY,Eva,62,1.97,2.38,F,LE PEN,Marine,564,17.92,21.66,M,SARKOZY,Nicolas,731,23.22,28.07,M,MÉLENCHON,Jean-Luc,353,11.21,13.56,M,POUTOU,Philippe,50,1.59,1.92,F,ARTHAUD,Nathalie,13,0.41,0.5,M,CHEMINADE,Jacques,5,0.16,0.19,M,BAYROU,François,230,7.31,8.83,M,DUPONT-AIGNAN,Nicolas,43,1.37,1.65,M,HOLLANDE,François,553,17.57,21.24,SARKOZY,731,2012,1,,,,,,,,,,,,,,,,,,,,,,,
47,LOT ET GARONNE,24,MONFLANQUIN,4731,622,13.15,4109,86.85,89.0,1.88,2.17,4020,84.97,97.83,F,JOLY,Eva,86,1.82,2.14,F,LE PEN,Marine,801,16.93,19.93,M,SARKOZY,Nicolas,904,19.11,22.49,M,MÉLENCHON,Jean-Luc,504,10.65,12.54,M,POUTOU,Philippe,68,1.44,1.69,F,ARTHAUD,Nathalie,19,0.4,0.47,M,CHEMINADE,Jacques,8,0.17,0.2,M,BAYROU,François,443,9.36,11.02,M,DUPONT-AIGNAN,Nicolas,93,1.97,2.31,M,HOLLANDE,François,1094,23.12,27.21,HOLLANDE,1094,2012,1,,,,,,,,,,,,,,,,,,,,,,,
47,LOT ET GARONNE,25,NERAC,7595,1224,16.12,6371,83.88,152.0,2.0,2.39,6219,81.88,97.61,F,JOLY,Eva,122,1.61,1.96,F,LE PEN,Marine,1169,15.39,18.8,M,SARKOZY,Nicolas,1638,21.57,26.34,M,MÉLENCHON,Jean-Luc,802,10.56,12.9,M,POUTOU,Philippe,61,0.8,0.98,F,ARTHAUD,Nathalie,30,0.39,0.48,M,CHEMINADE,Jacques,15,0.2,0.24,M,BAYROU,François,596,7.85,9.58,M,DUPONT-AIGNAN,Nicolas,101,1.33,1.62,M,HOLLANDE,François,1685,22.19,27.09,HOLLANDE,1685,2012,1,,,,,,,,,,,,,,,,,,,,,,,
47,LOT ET GARONNE,26,PENNE-D'AGENAIS,6074,934,15.38,5140,84.62,97.0,1.6,1.89,5043,83.03,98.11,F,JOLY,Eva,106,1.75,2.1,F,LE PEN,Marine,1159,19.08,22.98,M,SARKOZY,Nicolas,1316,21.67,26.1,M,MÉLENCHON,Jean-Luc,575,9.47,11.4,M,POUTOU,Philippe,76,1.25,1.51,F,ARTHAUD,Nathalie,30,0.49,0.59,M,CHEMINADE,Jacques,17,0.28,0.34,M,BAYROU,François,484,7.97,9.6,M,DUPONT-AIGNAN,Nicolas,87,1.43,1.73,M,HOLLANDE,François,1193,19.64,23.66,SARKOZY,1316,2012,1,,,,,,,,,,,,,,,,,,,,,,,
47,LOT ET GARONNE,27,PORT-SAINTE-MARIE,6495,1168,17.98,5327,82.02,106.0,1.63,1.99,5221,80.38,98.01,F,JOLY,Eva,106,1.63,2.03,F,LE PEN,Marine,1213,18.68,23.23,M,SARKOZY,Nicolas,1342,20.66,25.7,M,MÉLENCHON,Jean-Luc,686,10.56,13.14,M,POUTOU,Philippe,65,1.0,1.24,F,ARTHAUD,Nathalie,21,0.32,0.4,M,CHEMINADE,Jacques,15,0.23,0.29,M,BAYROU,François,416,6.4,7.97,M,DUPONT-AIGNAN,Nicolas,77,1.19,1.47,M,HOLLANDE,François,1280,19.71,24.52,SARKOZY,1342,2012,1,,,,,,,,,,,,,,,,,,,,,,,
47,LOT ET GARONNE,28,PRAYSSAS,3485,456,13.08,3029,86.92,52.0,1.49,1.72,2977,85.42,98.28,F,JOLY,Eva,84,2.41,2.82,F,LE PEN,Marine,625,17.93,20.99,M,SARKOZY,Nicolas,823,23.62,27.65,M,MÉLENCHON,Jean-Luc,296,8.49,9.94,M,POUTOU,Philippe,37,1.06,1.24,F,ARTHAUD,Nathalie,13,0.37,0.44,M,CHEMINADE,Jacques,6,0.17,0.2,M,BAYROU,François,309,8.87,10.38,M,DUPONT-AIGNAN,Nicolas,59,1.69,1.98,M,HOLLANDE,François,725,20.8,24.35,SARKOZY,823,2012,1,,,,,,,,,,,,,,,,,,,,,,,
47,LOT ET GARONNE,29,PUYMIROL,5820,804,13.81,5016,86.19,103.0,1.77,2.05,4913,84.42,97.95,F,JOLY,Eva,76,1.31,1.55,F,LE PEN,Marine,1275,21.91,25.95,M,SARKOZY,Nicolas,1202,20.65,24.47,M,MÉLENCHON,Jean-Luc,549,9.43,11.17,M,POUTOU,Philippe,68,1.17,1.38,F,ARTHAUD,Nathalie,24,0.41,0.49,M,CHEMINADE,Jacques,11,0.19,0.22,M,BAYROU,François,424,7.29,8.63,M,DUPONT-AIGNAN,Nicolas,88,1.51,1.79,M,HOLLANDE,François,1196,20.55,24.34,LE PEN,1275,2012,1,,,,,,,,,,,,,,,,,,,,,,,
47,LOT ET GARONNE,30,SAINTE-LIVRADE-SUR-LOT,6116,1162,19.0,4954,81.0,71.0,1.16,1.43,4883,79.84,98.57,F,JOLY,Eva,75,1.23,1.54,F,LE PEN,Marine,1121,18.33,22.96,M,SARKOZY,Nicolas,1288,21.06,26.38,M,MÉLENCHON,Jean-Luc,522,8.53,10.69,M,POUTOU,Philippe,89,1.46,1.82,F,ARTHAUD,Nathalie,25,0.41,0.51,M,CHEMINADE,Jacques,13,0.21,0.27,M,BAYROU,François,327,5.35,6.7,M,DUPONT-AIGNAN,Nicolas,80,1.31,1.64,M,HOLLANDE,François,1343,21.96,27.5,HOLLANDE,1343,2012,1,,,,,,,,,,,,,,,,,,,,,,,
47,LOT ET GARONNE,31,SEYCHES,4746,604,12.73,4142,87.27,92.0,1.94,2.22,4050,85.34,97.78,F,JOLY,Eva,82,1.73,2.02,F,LE PEN,Marine,969,20.42,23.93,M,SARKOZY,Nicolas,1045,22.02,25.8,M,MÉLENCHON,Jean-Luc,489,10.3,12.07,M,POUTOU,Philippe,68,1.43,1.68,F,ARTHAUD,Nathalie,30,0.63,0.74,M,CHEMINADE,Jacques,8,0.17,0.2,M,BAYROU,François,379,7.99,9.36,M,DUPONT-AIGNAN,Nicolas,78,1.64,1.93,M,HOLLANDE,François,902,19.01,22.27,SARKOZY,1045,2012,1,,,,,,,,,,,,,,,,,,,,,,,
47,LOT ET GARONNE,32,TONNEINS,10022,1906,19.02,8116,80.98,170.0,1.7,2.09,7946,79.29,97.91,F,JOLY,Eva,123,1.23,1.55,F,LE PEN,Marine,1889,18.85,23.77,M,SARKOZY,Nicolas,1864,18.6,23.46,M,MÉLENCHON,Jean-Luc,952,9.5,11.98,M,POUTOU,Philippe,112,1.12,1.41,F,ARTHAUD,Nathalie,41,0.41,0.52,M,CHEMINADE,Jacques,16,0.16,0.2,M,BAYROU,François,642,6.41,8.08,M,DUPONT-AIGNAN,Nicolas,129,1.29,1.62,M,HOLLANDE,François,2178,21.73,27.41,HOLLANDE,2178,2012,1,,,,,,,,,,,,,,,,,,,,,,,
47,LOT ET GARONNE,33,TOURNON-D'AGENAIS,5074,794,15.65,4280,84.35,96.0,1.89,2.24,4184,82.46,97.76,F,JOLY,Eva,72,1.42,1.72,F,LE PEN,Marine,864,17.03,20.65,M,SARKOZY,Nicolas,916,18.05,21.89,M,MÉLENCHON,Jean-Luc,526,10.37,12.57,M,POUTOU,Philippe,64,1.26,1.53,F,ARTHAUD,Nathalie,22,0.43,0.53,M,CHEMINADE,Jacques,14,0.28,0.33,M,BAYROU,François,323,6.37,7.72,M,DUPONT-AIGNAN,Nicolas,65,1.28,1.55,M,HOLLANDE,François,1318,25.98,31.5,HOLLANDE,1318,2012,1,,,,,,,,,,,,,,,,,,,,,,,
47,LOT ET GARONNE,34,VILLENEUVE-SUR-LOT-NORD,12058,2625,21.77,9433,78.23,172.0,1.43,1.82,9261,76.8,98.18,F,JOLY,Eva,170,1.41,1.84,F,LE PEN,Marine,1799,14.92,19.43,M,SARKOZY,Nicolas,2507,20.79,27.07,M,MÉLENCHON,Jean-Luc,1055,8.75,11.39,M,POUTOU,Philippe,96,0.8,1.04,F,ARTHAUD,Nathalie,36,0.3,0.39,M,CHEMINADE,Jacques,19,0.16,0.21,M,BAYROU,François,771,6.39,8.33,M,DUPONT-AIGNAN,Nicolas,154,1.28,1.66,M,HOLLANDE,François,2654,22.01,28.66,HOLLANDE,2654,2012,1,,,,,,,,,,,,,,,,,,,,,,,
47,LOT ET GARONNE,35,VILLEREAL,2887,414,14.34,2473,85.66,52.0,1.8,2.1,2421,83.86,97.9,F,JOLY,Eva,67,2.32,2.77,F,LE PEN,Marine,508,17.6,20.98,M,SARKOZY,Nicolas,587,20.33,24.25,M,MÉLENCHON,Jean-Luc,246,8.52,10.16,M,POUTOU,Philippe,28,0.97,1.16,F,ARTHAUD,Nathalie,14,0.48,0.58,M,CHEMINADE,Jacques,5,0.17,0.21,M,BAYROU,François,283,9.8,11.69,M,DUPONT-AIGNAN,Nicolas,48,1.66,1.98,M,HOLLANDE,François,635,22.0,26.23,HOLLANDE,635,2012,1,,,,,,,,,,,,,,,,,,,,,,,
47,LOT ET GARONNE,36,AGEN-NORD,10767,1794,16.66,8973,83.34,181.0,1.68,2.02,8792,81.66,97.98,F,JOLY,Eva,252,2.34,2.87,F,LE PEN,Marine,1691,15.71,19.23,M,SARKOZY,Nicolas,2290,21.27,26.05,M,MÉLENCHON,Jean-Luc,995,9.24,11.32,M,POUTOU,Philippe,112,1.04,1.27,F,ARTHAUD,Nathalie,38,0.35,0.43,M,CHEMINADE,Jacques,13,0.12,0.15,M,BAYROU,François,829,7.7,9.43,M,DUPONT-AIGNAN,Nicolas,163,1.51,1.85,M,HOLLANDE,François,2409,22.37,27.4,HOLLANDE,2409,2012,1,,,,,,,,,,,,,,,,,,,,,,,
47,LOT ET GARONNE,37,AGEN-OUEST,8975,1823,20.31,7152,79.69,129.0,1.44,1.8,7023,78.25,98.2,F,JOLY,Eva,142,1.58,2.02,F,LE PEN,Marine,1386,15.44,19.74,M,SARKOZY,Nicolas,1832,20.41,26.09,M,MÉLENCHON,Jean-Luc,795,8.86,11.32,M,POUTOU,Philippe,111,1.24,1.58,F,ARTHAUD,Nathalie,29,0.32,0.41,M,CHEMINADE,Jacques,18,0.2,0.26,M,BAYROU,François,652,7.26,9.28,M,DUPONT-AIGNAN,Nicolas,133,1.48,1.89,M,HOLLANDE,François,1925,21.45,27.41,HOLLANDE,1925,2012,1,,,,,,,,,,,,,,,,,,,,,,,
47,LOT ET GARONNE,38,MARMANDE-OUEST,10354,2063,19.92,8291,80.08,169.0,1.63,2.04,8122,78.44,97.96,F,JOLY,Eva,121,1.17,1.49,F,LE PEN,Marine,1647,15.91,20.28,M,SARKOZY,Nicolas,2106,20.34,25.93,M,MÉLENCHON,Jean-Luc,953,9.2,11.73,M,POUTOU,Philippe,119,1.15,1.47,F,ARTHAUD,Nathalie,40,0.39,0.49,M,CHEMINADE,Jacques,22,0.21,0.27,M,BAYROU,François,695,6.71,8.56,M,DUPONT-AIGNAN,Nicolas,150,1.45,1.85,M,HOLLANDE,François,2269,21.91,27.94,HOLLANDE,2269,2012,1,,,,,,,,,,,,,,,,,,,,,,,
47,LOT ET GARONNE,39,VILLENEUVE-SUR-LOT-SUD,12420,2551,20.54,9869,79.46,226.0,1.82,2.29,9643,77.64,97.71,F,JOLY,Eva,163,1.31,1.69,F,LE PEN,Marine,2035,16.38,21.1,M,SARKOZY,Nicolas,2476,19.94,25.68,M,MÉLENCHON,Jean-Luc,1082,8.71,11.22,M,POUTOU,Philippe,110,0.89,1.14,F,ARTHAUD,Nathalie,43,0.35,0.45,M,CHEMINADE,Jacques,31,0.25,0.32,M,BAYROU,François,746,6.01,7.74,M,DUPONT-AIGNAN,Nicolas,167,1.34,1.73,M,HOLLANDE,François,2790,22.46,28.93,HOLLANDE,2790,2012,1,,,,,,,,,,,,,,,,,,,,,,,
47,LOT ET GARONNE,40,AGEN-SUD-EST,9851,1599,16.23,8252,83.77,148.0,1.5,1.79,8104,82.27,98.21,F,JOLY,Eva,132,1.34,1.63,F,LE PEN,Marine,1745,17.71,21.53,M,SARKOZY,Nicolas,1978,20.08,24.41,M,MÉLENCHON,Jean-Luc,911,9.25,11.24,M,POUTOU,Philippe,103,1.05,1.27,F,ARTHAUD,Nathalie,44,0.45,0.54,M,CHEMINADE,Jacques,17,0.17,0.21,M,BAYROU,François,709,7.2,8.75,M,DUPONT-AIGNAN,Nicolas,125,1.27,1.54,M,HOLLANDE,François,2340,23.75,28.87,HOLLANDE,2340,2012,1,,,,,,,,,,,,,,,,,,,,,,,
64,PYRENEES ATLANTIQUES,1,ACCOUS,2553,384,15.04,2169,84.96,41.0,1.61,1.89,2128,83.35,98.11,F,JOLY,Eva,52,2.04,2.44,F,LE PEN,Marine,178,6.97,8.36,M,SARKOZY,Nicolas,319,12.5,14.99,M,MÉLENCHON,Jean-Luc,409,16.02,19.22,M,POUTOU,Philippe,32,1.25,1.5,F,ARTHAUD,Nathalie,15,0.59,0.7,M,CHEMINADE,Jacques,1,0.04,0.05,M,BAYROU,François,442,17.31,20.77,M,DUPONT-AIGNAN,Nicolas,29,1.14,1.36,M,HOLLANDE,François,651,25.5,30.59,HOLLANDE,651,2012,1,,,,,,,,,,,,,,,,,,,,,,,
64,PYRENEES ATLANTIQUES,2,ARAMITS,2806,377,13.44,2429,86.56,44.0,1.57,1.81,2385,85.0,98.19,F,JOLY,Eva,68,2.42,2.85,F,LE PEN,Marine,292,10.41,12.24,M,SARKOZY,Nicolas,472,16.82,19.79,M,MÉLENCHON,Jean-Luc,321,11.44,13.46,M,POUTOU,Philippe,41,1.46,1.72,F,ARTHAUD,Nathalie,8,0.29,0.34,M,CHEMINADE,Jacques,8,0.29,0.34,M,BAYROU,François,520,18.53,21.8,M,DUPONT-AIGNAN,Nicolas,20,0.71,0.84,M,HOLLANDE,François,635,22.63,26.62,HOLLANDE,635,2012,1,,,,,,,,,,,,,,,,,,,,,,,
64,PYRENEES ATLANTIQUES,3,ARTHEZ-DE-BÉARN,8473,1097,12.95,7376,87.05,112.0,1.32,1.52,7264,85.73,98.48,F,JOLY,Eva,132,1.56,1.82,F,LE PEN,Marine,1073,12.66,14.77,M,SARKOZY,Nicolas,1359,16.04,18.71,M,MÉLENCHON,Jean-Luc,941,11.11,12.95,M,POUTOU,Philippe,130,1.53,1.79,F,ARTHAUD,Nathalie,48,0.57,0.66,M,CHEMINADE,Jacques,18,0.21,0.25,M,BAYROU,François,1084,12.79,14.92,M,DUPONT-AIGNAN,Nicolas,112,1.32,1.54,M,HOLLANDE,François,2367,27.94,32.59,HOLLANDE,2367,2012,1,,,,,,,,,,,,,,,,,,,,,,,
64,PYRENEES ATLANTIQUES,4,ARUDY,5893,916,15.54,4977,84.46,68.0,1.15,1.37,4909,83.3,98.63,F,JOLY,Eva,122,2.07,2.49,F,LE PEN,Marine,592,10.05,12.06,M,SARKOZY,Nicolas,867,14.71,17.66,M,MÉLENCHON,Jean-Luc,732,12.42,14.91,M,POUTOU,Philippe,74,1.26,1.51,F,ARTHAUD,Nathalie,34,0.58,0.69,M,CHEMINADE,Jacques,10,0.17,0.2,M,BAYROU,François,649,11.01,13.22,M,DUPONT-AIGNAN,Nicolas,59,1.0,1.2,M,HOLLANDE,François,1770,30.04,36.06,HOLLANDE,1770,2012,1,,,,,,,,,,,,,,,,,,,,,,,
64,PYRENEES ATLANTIQUES,5,ARZACQ-ARRAZIGUET,5116,750,14.66,4366,85.34,102.0,1.99,2.34,4264,83.35,97.66,F,JOLY,Eva,77,1.51,1.81,F,LE PEN,Marine,582,11.38,13.65,M,SARKOZY,Nicolas,970,18.96,22.75,M,MÉLENCHON,Jean-Luc,470,9.19,11.02,M,POUTOU,Philippe,58,1.13,1.36,F,ARTHAUD,Nathalie,14,0.27,0.33,M,CHEMINADE,Jacques,10,0.2,0.23,M,BAYROU,François,760,14.86,17.82,M,DUPONT-AIGNAN,Nicolas,65,1.27,1.52,M,HOLLANDE,François,1258,24.59,29.5,HOLLANDE,1258,2012,1,,,,,,,,,,,,,,,,,,,,,,,
64,PYRENEES ATLANTIQUES,6,BAYONNE-EST,7911,1859,23.5,6052,76.5,104.0,1.31,1.72,5948,75.19,98.28,F,JOLY,Eva,274,3.46,4.61,F,LE PEN,Marine,706,8.92,11.87,M,SARKOZY,Nicolas,1263,15.97,21.23,M,MÉLENCHON,Jean-Luc,886,11.2,14.9,M,POUTOU,Philippe,155,1.96,2.61,F,ARTHAUD,Nathalie,26,0.33,0.44,M,CHEMINADE,Jacques,12,0.15,0.2,M,BAYROU,François,684,8.65,11.5,M,DUPONT-AIGNAN,Nicolas,79,1.0,1.33,M,HOLLANDE,François,1863,23.55,31.32,HOLLANDE,1863,2012,1,,,,,,,,,,,,,,,,,,,,,,,
64,PYRENEES ATLANTIQUES,7,BAYONNE-NORD,13419,2935,21.87,10484,78.13,202.0,1.51,1.93,10282,76.62,98.07,F,JOLY,Eva,252,1.88,2.45,F,LE PEN,Marine,1434,10.69,13.95,M,SARKOZY,Nicolas,1872,13.95,18.21,M,MÉLENCHON,Jean-Luc,1885,14.05,18.33,M,POUTOU,Philippe,191,1.42,1.86,F,ARTHAUD,Nathalie,50,0.37,0.49,M,CHEMINADE,Jacques,18,0.13,0.18,M,BAYROU,François,1005,7.49,9.77,M,DUPONT-AIGNAN,Nicolas,153,1.14,1.49,M,HOLLANDE,François,3422,25.5,33.28,HOLLANDE,3422,2012,1,,,,,,,,,,,,,,,,,,,,,,,
64,PYRENEES ATLANTIQUES,8,BIARRITZ-EST,12358,2945,23.83,9413,76.17,142.0,1.15,1.51,9271,75.02,98.49,F,JOLY,Eva,302,2.44,3.26,F,LE PEN,Marine,949,7.68,10.24,M,SARKOZY,Nicolas,3128,25.31,33.74,M,MÉLENCHON,Jean-Luc,945,7.65,10.19,M,POUTOU,Philippe,139,1.12,1.5,F,ARTHAUD,Nathalie,42,0.34,0.45,M,CHEMINADE,Jacques,26,0.21,0.28,M,BAYROU,François,1189,9.62,12.82,M,DUPONT-AIGNAN,Nicolas,110,0.89,1.19,M,HOLLANDE,François,2441,19.75,26.33,SARKOZY,3128,2012,1,,,,,,,,,,,,,,,,,,,,,,,
64,PYRENEES ATLANTIQUES,9,BIDACHE,4198,580,13.82,3618,86.18,65.0,1.55,1.8,3553,84.64,98.2,F,JOLY,Eva,82,1.95,2.31,F,LE PEN,Marine,454,10.81,12.78,M,SARKOZY,Nicolas,899,21.41,25.3,M,MÉLENCHON,Jean-Luc,365,8.69,10.27,M,POUTOU,Philippe,48,1.14,1.35,F,ARTHAUD,Nathalie,16,0.38,0.45,M,CHEMINADE,Jacques,5,0.12,0.14,M,BAYROU,François,769,18.32,21.64,M,DUPONT-AIGNAN,Nicolas,68,1.62,1.91,M,HOLLANDE,François,847,20.18,23.84,SARKOZY,899,2012,1,,,,,,,,,,,,,,,,,,,,,,,
64,PYRENEES ATLANTIQUES,10,ESPELETTE,11649,2121,18.21,9528,81.79,259.0,2.22,2.72,9269,79.57,97.28,F,JOLY,Eva,376,3.23,4.06,F,LE PEN,Marine,1132,9.72,12.21,M,SARKOZY,Nicolas,2504,21.5,27.01,M,MÉLENCHON,Jean-Luc,978,8.4,10.55,M,POUTOU,Philippe,282,2.42,3.04,F,ARTHAUD,Nathalie,58,0.5,0.63,M,CHEMINADE,Jacques,25,0.21,0.27,M,BAYROU,François,1446,12.41,15.6,M,DUPONT-AIGNAN,Nicolas,161,1.38,1.74,M,HOLLANDE,François,2307,19.8,24.89,SARKOZY,2504,2012,1,,,,,,,,,,,,,,,,,,,,,,,
64,PYRENEES ATLANTIQUES,11,GARLIN,2921,405,13.87,2516,86.13,40.0,1.37,1.59,2476,84.77,98.41,F,JOLY,Eva,44,1.51,1.78,F,LE PEN,Marine,359,12.29,14.5,M,SARKOZY,Nicolas,582,19.92,23.51,M,MÉLENCHON,Jean-Luc,254,8.7,10.26,M,POUTOU,Philippe,38,1.3,1.53,F,ARTHAUD,Nathalie,10,0.34,0.4,M,CHEMINADE,Jacques,3,0.1,0.12,M,BAYROU,François,428,14.65,17.29,M,DUPONT-AIGNAN,Nicolas,44,1.51,1.78,M,HOLLANDE,François,714,24.44,28.84,HOLLANDE,714,2012,1,,,,,,,,,,,,,,,,,,,,,,,
64,PYRENEES ATLANTIQUES,12,HASPARREN,6984,1044,14.95,5940,85.05,127.0,1.82,2.14,5813,83.23,97.86,F,JOLY,Eva,256,3.67,4.4,F,LE PEN,Marine,728,10.42,12.52,M,SARKOZY,Nicolas,1356,19.42,23.33,M,MÉLENCHON,Jean-Luc,537,7.69,9.24,M,POUTOU,Philippe,178,2.55,3.06,F,ARTHAUD,Nathalie,47,0.67,0.81,M,CHEMINADE,Jacques,15,0.21,0.26,M,BAYROU,François,1164,16.67,20.02,M,DUPONT-AIGNAN,Nicolas,128,1.83,2.2,M,HOLLANDE,François,1404,20.1,24.15,HOLLANDE,1404,2012,1,,,,,,,,,,,,,,,,,,,,,,,
64,PYRENEES ATLANTIQUES,13,IHOLDY,3588,517,14.41,3071,85.59,79.0,2.2,2.57,2992,83.39,97.43,F,JOLY,Eva,163,4.54,5.45,F,LE PEN,Marine,294,8.19,9.83,M,SARKOZY,Nicolas,841,23.44,28.11,M,MÉLENCHON,Jean-Luc,245,6.83,8.19,M,POUTOU,Philippe,123,3.43,4.11,F,ARTHAUD,Nathalie,26,0.72,0.87,M,CHEMINADE,Jacques,5,0.14,0.17,M,BAYROU,François,622,17.34,20.79,M,DUPONT-AIGNAN,Nicolas,43,1.2,1.44,M,HOLLANDE,François,630,17.56,21.06,SARKOZY,841,2012,1,,,,,,,,,,,,,,,,,,,,,,,
64,PYRENEES ATLANTIQUES,14,LABASTIDE-CLAIRENCE,5306,775,14.61,4531,85.39,96.0,1.81,2.12,4435,83.58,97.88,F,JOLY,Eva,172,3.24,3.88,F,LE PEN,Marine,517,9.74,11.66,M,SARKOZY,Nicolas,1097,20.67,24.74,M,MÉLENCHON,Jean-Luc,495,9.33,11.16,M,POUTOU,Philippe,138,2.6,3.11,F,ARTHAUD,Nathalie,17,0.32,0.38,M,CHEMINADE,Jacques,11,0.21,0.25,M,BAYROU,François,727,13.7,16.39,M,DUPONT-AIGNAN,Nicolas,83,1.56,1.87,M,HOLLANDE,François,1178,22.2,26.56,HOLLANDE,1178,2012,1,,,,,,,,,,,,,,,,,,,,,,,
64,PYRENEES ATLANTIQUES,15,LAGOR,10871,2066,19.0,8805,81.0,214.0,1.97,2.43,8591,79.03,97.57,F,JOLY,Eva,134,1.23,1.56,F,LE PEN,Marine,1408,12.95,16.39,M,SARKOZY,Nicolas,1370,12.6,15.95,M,MÉLENCHON,Jean-Luc,1064,9.79,12.39,M,POUTOU,Philippe,151,1.39,1.76,F,ARTHAUD,Nathalie,42,0.39,0.49,M,CHEMINADE,Jacques,20,0.18,0.23,M,BAYROU,François,960,8.83,11.17,M,DUPONT-AIGNAN,Nicolas,133,1.22,1.55,M,HOLLANDE,François,3309,30.44,38.52,HOLLANDE,3309,2012,1,,,,,,,,,,,,,,,,,,,,,,,
64,PYRENEES ATLANTIQUES,16,LARUNS,2917,488,16.73,2429,83.27,29.0,0.99,1.19,2400,82.28,98.81,F,JOLY,Eva,60,2.06,2.5,F,LE PEN,Marine,268,9.19,11.17,M,SARKOZY,Nicolas,432,14.81,18.0,M,MÉLENCHON,Jean-Luc,333,11.42,13.88,M,POUTOU,Philippe,34,1.17,1.42,F,ARTHAUD,Nathalie,12,0.41,0.5,M,CHEMINADE,Jacques,5,0.17,0.21,M,BAYROU,François,432,14.81,18.0,M,DUPONT-AIGNAN,Nicolas,29,0.99,1.21,M,HOLLANDE,François,795,27.25,33.13,HOLLANDE,795,2012,1,,,,,,,,,,,,,,,,,,,,,,,
64,PYRENEES ATLANTIQUES,17,LASSEUBE,2463,296,12.02,2167,87.98,36.0,1.46,1.66,2131,86.52,98.34,F,JOLY,Eva,84,3.41,3.94,F,LE PEN,Marine,287,11.65,13.47,M,SARKOZY,Nicolas,385,15.63,18.07,M,MÉLENCHON,Jean-Luc,263,10.68,12.34,M,POUTOU,Philippe,33,1.34,1.55,F,ARTHAUD,Nathalie,13,0.53,0.61,M,CHEMINADE,Jacques,3,0.12,0.14,M,BAYROU,François,428,17.38,20.08,M,DUPONT-AIGNAN,Nicolas,28,1.14,1.31,M,HOLLANDE,François,607,24.64,28.48,HOLLANDE,607,2012,1,,,,,,,,,,,,,,,,,,,,,,,
64,PYRENEES ATLANTIQUES,18,LEMBEYE,4303,675,15.69,3628,84.31,69.0,1.6,1.9,3559,82.71,98.1,F,JOLY,Eva,62,1.44,1.74,F,LE PEN,Marine,585,13.6,16.44,M,SARKOZY,Nicolas,673,15.64,18.91,M,MÉLENCHON,Jean-Luc,376,8.74,10.56,M,POUTOU,Philippe,66,1.53,1.85,F,ARTHAUD,Nathalie,19,0.44,0.53,M,CHEMINADE,Jacques,10,0.23,0.28,M,BAYROU,François,573,13.32,16.1,M,DUPONT-AIGNAN,Nicolas,67,1.56,1.88,M,HOLLANDE,François,1128,26.21,31.69,HOLLANDE,1128,2012,1,,,,,,,,,,,,,,,,,,,,,,,
64,PYRENEES ATLANTIQUES,19,LESCAR,26114,3853,14.75,22261,85.25,414.0,1.59,1.86,21847,83.66,98.14,F,JOLY,Eva,511,1.96,2.34,F,LE PEN,Marine,2880,11.03,13.18,M,SARKOZY,Nicolas,5199,19.91,23.8,M,MÉLENCHON,Jean-Luc,2283,8.74,10.45,M,POUTOU,Philippe,245,0.94,1.12,F,ARTHAUD,Nathalie,61,0.23,0.28,M,CHEMINADE,Jacques,55,0.21,0.25,M,BAYROU,François,3540,13.56,16.2,M,DUPONT-AIGNAN,Nicolas,361,1.38,1.65,M,HOLLANDE,François,6712,25.7,30.72,HOLLANDE,6712,2012,1,,,,,,,,,,,,,,,,,,,,,,,
64,PYRENEES ATLANTIQUES,20,MAULEON-LICHARRE,8157,1423,17.45,6734,82.55,157.0,1.92,2.33,6577,80.63,97.67,F,JOLY,Eva,209,2.56,3.18,F,LE PEN,Marine,608,7.45,9.24,M,SARKOZY,Nicolas,1340,16.43,20.37,M,MÉLENCHON,Jean-Luc,954,11.7,14.51,M,POUTOU,Philippe,144,1.77,2.19,F,ARTHAUD,Nathalie,33,0.4,0.5,M,CHEMINADE,Jacques,14,0.17,0.21,M,BAYROU,François,1075,13.18,16.34,M,DUPONT-AIGNAN,Nicolas,65,0.8,0.99,M,HOLLANDE,François,2135,26.17,32.46,HOLLANDE,2135,2012,1,,,,,,,,,,,,,,,,,,,,,,,
64,PYRENEES ATLANTIQUES,21,MONEIN,6867,896,13.05,5971,86.95,152.0,2.21,2.55,5819,84.74,97.45,F,JOLY,Eva,126,1.83,2.17,F,LE PEN,Marine,767,11.17,13.18,M,SARKOZY,Nicolas,1089,15.86,18.71,M,MÉLENCHON,Jean-Luc,737,10.73,12.67,M,POUTOU,Philippe,83,1.21,1.43,F,ARTHAUD,Nathalie,29,0.42,0.5,M,CHEMINADE,Jacques,14,0.2,0.24,M,BAYROU,François,1005,14.64,17.27,M,DUPONT-AIGNAN,Nicolas,111,1.62,1.91,M,HOLLANDE,François,1858,27.06,31.93,HOLLANDE,1858,2012,1,,,,,,,,,,,,,,,,,,,,,,,
64,PYRENEES ATLANTIQUES,22,MONTANER,2150,293,13.63,1857,86.37,30.0,1.4,1.62,1827,84.98,98.38,F,JOLY,Eva,31,1.44,1.7,F,LE PEN,Marine,286,13.3,15.65,M,SARKOZY,Nicolas,310,14.42,16.97,M,MÉLENCHON,Jean-Luc,189,8.79,10.34,M,POUTOU,Philippe,16,0.74,0.88,F,ARTHAUD,Nathalie,8,0.37,0.44,M,CHEMINADE,Jacques,7,0.33,0.38,M,BAYROU,François,472,21.95,25.83,M,DUPONT-AIGNAN,Nicolas,25,1.16,1.37,M,HOLLANDE,François,483,22.47,26.44,HOLLANDE,483,2012,1,,,,,,,,,,,,,,,,,,,,,,,
64,PYRENEES ATLANTIQUES,23,MORLAAS,17117,2460,14.37,14657,85.63,290.0,1.69,1.98,14367,83.93,98.02,F,JOLY,Eva,305,1.78,2.12,F,LE PEN,Marine,1890,11.04,13.16,M,SARKOZY,Nicolas,3217,18.79,22.39,M,MÉLENCHON,Jean-Luc,1442,8.42,10.04,M,POUTOU,Philippe,160,0.93,1.11,F,ARTHAUD,Nathalie,40,0.23,0.28,M,CHEMINADE,Jacques,26,0.15,0.18,M,BAYROU,François,2964,17.32,20.63,M,DUPONT-AIGNAN,Nicolas,199,1.16,1.39,M,HOLLANDE,François,4124,24.09,28.7,HOLLANDE,4124,2012,1,,,,,,,,,,,,,,,,,,,,,,,
64,PYRENEES ATLANTIQUES,24,NAVARRENX,4674,699,14.96,3975,85.04,89.0,1.9,2.24,3886,83.14,97.76,F,JOLY,Eva,73,1.56,1.88,F,LE PEN,Marine,523,11.19,13.46,M,SARKOZY,Nicolas,891,19.06,22.93,M,MÉLENCHON,Jean-Luc,375,8.02,9.65,M,POUTOU,Philippe,50,1.07,1.29,F,ARTHAUD,Nathalie,18,0.39,0.46,M,CHEMINADE,Jacques,11,0.24,0.28,M,BAYROU,François,860,18.4,22.13,M,DUPONT-AIGNAN,Nicolas,66,1.41,1.7,M,HOLLANDE,François,1019,21.8,26.22,HOLLANDE,1019,2012,1,,,,,,,,,,,,,,,,,,,,,,,
64,PYRENEES ATLANTIQUES,25,NAY-EST,12903,1902,14.74,11001,85.26,227.0,1.76,2.06,10774,83.5,97.94,F,JOLY,Eva,186,1.44,1.73,F,LE PEN,Marine,1540,11.94,14.29,M,SARKOZY,Nicolas,1839,14.25,17.07,M,MÉLENCHON,Jean-Luc,1223,9.48,11.35,M,POUTOU,Philippe,121,0.94,1.12,F,ARTHAUD,Nathalie,23,0.18,0.21,M,CHEMINADE,Jacques,15,0.12,0.14,M,BAYROU,François,2365,18.33,21.95,M,DUPONT-AIGNAN,Nicolas,160,1.24,1.49,M,HOLLANDE,François,3302,25.59,30.65,HOLLANDE,3302,2012,1,,,,,,,,,,,,,,,,,,,,,,,
64,PYRENEES ATLANTIQUES,26,NAY-OUEST,6234,831,13.33,5403,86.67,122.0,1.96,2.26,5281,84.71,97.74,F,JOLY,Eva,136,2.18,2.58,F,LE PEN,Marine,784,12.58,14.85,M,SARKOZY,Nicolas,901,14.45,17.06,M,MÉLENCHON,Jean-Luc,625,10.03,11.83,M,POUTOU,Philippe,74,1.19,1.4,F,ARTHAUD,Nathalie,25,0.4,0.47,M,CHEMINADE,Jacques,13,0.21,0.25,M,BAYROU,François,1241,19.91,23.5,M,DUPONT-AIGNAN,Nicolas,78,1.25,1.48,M,HOLLANDE,François,1404,22.52,26.59,HOLLANDE,1404,2012,1,,,,,,,,,,,,,,,,,,,,,,,
64,PYRENEES ATLANTIQUES,27,OLORON-SAINTE-MARIE-EST,9770,1411,14.44,8359,85.56,154.0,1.58,1.84,8205,83.98,98.16,F,JOLY,Eva,218,2.23,2.66,F,LE PEN,Marine,962,9.85,11.72,M,SARKOZY,Nicolas,1369,14.01,16.68,M,MÉLENCHON,Jean-Luc,1410,14.43,17.18,M,POUTOU,Philippe,124,1.27,1.51,F,ARTHAUD,Nathalie,59,0.6,0.72,M,CHEMINADE,Jacques,20,0.2,0.24,M,BAYROU,François,1229,12.58,14.98,M,DUPONT-AIGNAN,Nicolas,103,1.05,1.26,M,HOLLANDE,François,2711,27.75,33.04,HOLLANDE,2711,2012,1,,,,,,,,,,,,,,,,,,,,,,,
64,PYRENEES ATLANTIQUES,28,OLORON-SAINTE-MARIE-OUEST,9150,1417,15.49,7733,84.51,151.0,1.65,1.95,7582,82.86,98.05,F,JOLY,Eva,161,1.76,2.12,F,LE PEN,Marine,820,8.96,10.82,M,SARKOZY,Nicolas,1327,14.5,17.5,M,MÉLENCHON,Jean-Luc,1256,13.73,16.57,M,POUTOU,Philippe,98,1.07,1.29,F,ARTHAUD,Nathalie,33,0.36,0.44,M,CHEMINADE,Jacques,19,0.21,0.25,M,BAYROU,François,1072,11.72,14.14,M,DUPONT-AIGNAN,Nicolas,100,1.09,1.32,M,HOLLANDE,François,2696,29.46,35.56,HOLLANDE,2696,2012,1,,,,,,,,,,,,,,,,,,,,,,,
64,PYRENEES ATLANTIQUES,29,ORTHEZ,13413,2186,16.3,11227,83.7,242.0,1.8,2.16,10985,81.9,97.84,F,JOLY,Eva,257,1.92,2.34,F,LE PEN,Marine,1207,9.0,10.99,M,SARKOZY,Nicolas,2086,15.55,18.99,M,MÉLENCHON,Jean-Luc,1441,10.74,13.12,M,POUTOU,Philippe,186,1.39,1.69,F,ARTHAUD,Nathalie,49,0.37,0.45,M,CHEMINADE,Jacques,22,0.16,0.2,M,BAYROU,François,1601,11.94,14.57,M,DUPONT-AIGNAN,Nicolas,166,1.24,1.51,M,HOLLANDE,François,3970,29.6,36.14,HOLLANDE,3970,2012,1,,,,,,,,,,,,,,,,,,,,,,,
64,PYRENEES ATLANTIQUES,30,PAU-CENTRE,12809,3379,26.38,9430,73.62,149.0,1.16,1.58,9281,72.46,98.42,F,JOLY,Eva,282,2.2,3.04,F,LE PEN,Marine,1123,8.77,12.1,M,SARKOZY,Nicolas,2057,16.06,22.16,M,MÉLENCHON,Jean-Luc,1244,9.71,13.4,M,POUTOU,Philippe,118,0.92,1.27,F,ARTHAUD,Nathalie,41,0.32,0.44,M,CHEMINADE,Jacques,18,0.14,0.19,M,BAYROU,François,1272,9.93,13.71,M,DUPONT-AIGNAN,Nicolas,106,0.83,1.14,M,HOLLANDE,François,3020,23.58,32.54,HOLLANDE,3020,2012,1,,,,,,,,,,,,,,,,,,,,,,,
64,PYRENEES ATLANTIQUES,31,PAU-EST,18954,3653,19.27,15301,80.73,268.0,1.41,1.75,15033,79.31,98.25,F,JOLY,Eva,349,1.84,2.32,F,LE PEN,Marine,1778,9.38,11.83,M,SARKOZY,Nicolas,3351,17.68,22.29,M,MÉLENCHON,Jean-Luc,1628,8.59,10.83,M,POUTOU,Philippe,171,0.9,1.14,F,ARTHAUD,Nathalie,41,0.22,0.27,M,CHEMINADE,Jacques,19,0.1,0.13,M,BAYROU,François,2476,13.06,16.47,M,DUPONT-AIGNAN,Nicolas,182,0.96,1.21,M,HOLLANDE,François,5038,26.58,33.51,HOLLANDE,5038,2012,1,,,,,,,,,,,,,,,,,,,,,,,
64,PYRENEES ATLANTIQUES,32,PONTACQ,7505,960,12.79,6545,87.21,118.0,1.57,1.8,6427,85.64,98.2,F,JOLY,Eva,119,1.59,1.85,F,LE PEN,Marine,1006,13.4,15.65,M,SARKOZY,Nicolas,1274,16.98,19.82,M,MÉLENCHON,Jean-Luc,683,9.1,10.63,M,POUTOU,Philippe,82,1.09,1.28,F,ARTHAUD,Nathalie,20,0.27,0.31,M,CHEMINADE,Jacques,12,0.16,0.19,M,BAYROU,François,1330,17.72,20.69,M,DUPONT-AIGNAN,Nicolas,83,1.11,1.29,M,HOLLANDE,François,1818,24.22,28.29,HOLLANDE,1818,2012,1,,,,,,,,,,,,,,,,,,,,,,,
64,PYRENEES ATLANTIQUES,33,SAINT-ETIENNE-DE-BAIGORRY,4984,1133,22.73,3851,77.27,110.0,2.21,2.86,3741,75.06,97.14,F,JOLY,Eva,181,3.63,4.84,F,LE PEN,Marine,405,8.13,10.83,M,SARKOZY,Nicolas,1005,20.16,26.86,M,MÉLENCHON,Jean-Luc,348,6.98,9.3,M,POUTOU,Philippe,183,3.67,4.89,F,ARTHAUD,Nathalie,24,0.48,0.64,M,CHEMINADE,Jacques,11,0.22,0.29,M,BAYROU,François,632,12.68,16.89,M,DUPONT-AIGNAN,Nicolas,52,1.04,1.39,M,HOLLANDE,François,900,18.06,24.06,SARKOZY,1005,2012,1,,,,,,,,,,,,,,,,,,,,,,,
64,PYRENEES ATLANTIQUES,34,SAINT-JEAN-DE-LUZ,19979,3548,17.76,16431,82.24,334.0,1.67,2.03,16097,80.57,97.97,F,JOLY,Eva,557,2.79,3.46,F,LE PEN,Marine,1680,8.41,10.44,M,SARKOZY,Nicolas,5240,26.23,32.55,M,MÉLENCHON,Jean-Luc,1692,8.47,10.51,M,POUTOU,Philippe,310,1.55,1.93,F,ARTHAUD,Nathalie,88,0.44,0.55,M,CHEMINADE,Jacques,38,0.19,0.24,M,BAYROU,François,2129,10.66,13.23,M,DUPONT-AIGNAN,Nicolas,271,1.36,1.68,M,HOLLANDE,François,4092,20.48,25.42,SARKOZY,5240,2012,1,,,,,,,,,,,,,,,,,,,,,,,
64,PYRENEES ATLANTIQUES,35,SAINT-JEAN-PIED-DE-PORT,5326,908,17.05,4418,82.95,111.0,2.08,2.51,4307,80.87,97.49,F,JOLY,Eva,176,3.3,4.09,F,LE PEN,Marine,409,7.68,9.5,M,SARKOZY,Nicolas,1210,22.72,28.09,M,MÉLENCHON,Jean-Luc,345,6.48,8.01,M,POUTOU,Philippe,141,2.65,3.27,F,ARTHAUD,Nathalie,31,0.58,0.72,M,CHEMINADE,Jacques,14,0.26,0.33,M,BAYROU,François,764,14.34,17.74,M,DUPONT-AIGNAN,Nicolas,53,1.0,1.23,M,HOLLANDE,François,1164,21.86,27.03,SARKOZY,1210,2012,1,,,,,,,,,,,,,,,,,,,,,,,
64,PYRENEES ATLANTIQUES,36,SAINT-PALAIS,7432,1163,15.65,6269,84.35,145.0,1.95,2.31,6124,82.4,97.69,F,JOLY,Eva,199,2.68,3.25,F,LE PEN,Marine,630,8.48,10.29,M,SARKOZY,Nicolas,1561,21.0,25.49,M,MÉLENCHON,Jean-Luc,565,7.6,9.23,M,POUTOU,Philippe,198,2.66,3.23,F,ARTHAUD,Nathalie,55,0.74,0.9,M,CHEMINADE,Jacques,15,0.2,0.24,M,BAYROU,François,1269,17.07,20.72,M,DUPONT-AIGNAN,Nicolas,112,1.51,1.83,M,HOLLANDE,François,1520,20.45,24.82,SARKOZY,1561,2012,1,,,,,,,,,,,,,,,,,,,,,,,
64,PYRENEES ATLANTIQUES,37,SALIES-DE-BEARN,6979,1214,17.4,5765,82.6,99.0,1.42,1.72,5666,81.19,98.28,F,JOLY,Eva,110,1.58,1.94,F,LE PEN,Marine,756,10.83,13.34,M,SARKOZY,Nicolas,1233,17.67,21.76,M,MÉLENCHON,Jean-Luc,649,9.3,11.45,M,POUTOU,Philippe,91,1.3,1.61,F,ARTHAUD,Nathalie,33,0.47,0.58,M,CHEMINADE,Jacques,23,0.33,0.41,M,BAYROU,François,913,13.08,16.11,M,DUPONT-AIGNAN,Nicolas,115,1.65,2.03,M,HOLLANDE,François,1743,24.97,30.76,HOLLANDE,1743,2012,1,,,,,,,,,,,,,,,,,,,,,,,
64,PYRENEES ATLANTIQUES,38,SAUVETERRE-DE-BEARN,3297,523,15.86,2774,84.14,75.0,2.27,2.7,2699,81.86,97.3,F,JOLY,Eva,55,1.67,2.04,F,LE PEN,Marine,411,12.47,15.23,M,SARKOZY,Nicolas,591,17.93,21.9,M,MÉLENCHON,Jean-Luc,261,7.92,9.67,M,POUTOU,Philippe,53,1.61,1.96,F,ARTHAUD,Nathalie,27,0.82,1.0,M,CHEMINADE,Jacques,7,0.21,0.26,M,BAYROU,François,603,18.29,22.34,M,DUPONT-AIGNAN,Nicolas,39,1.18,1.44,M,HOLLANDE,François,652,19.78,24.16,HOLLANDE,652,2012,1,,,,,,,,,,,,,,,,,,,,,,,
64,PYRENEES ATLANTIQUES,39,TARDETS-SORHOLUS,2828,523,18.49,2305,81.51,60.0,2.12,2.6,2245,79.38,97.4,F,JOLY,Eva,76,2.69,3.39,F,LE PEN,Marine,213,7.53,9.49,M,SARKOZY,Nicolas,363,12.84,16.17,M,MÉLENCHON,Jean-Luc,279,9.87,12.43,M,POUTOU,Philippe,76,2.69,3.39,F,ARTHAUD,Nathalie,18,0.64,0.8,M,CHEMINADE,Jacques,7,0.25,0.31,M,BAYROU,François,418,14.78,18.62,M,DUPONT-AIGNAN,Nicolas,28,0.99,1.25,M,HOLLANDE,François,767,27.12,34.16,HOLLANDE,767,2012,1,,,,,,,,,,,,,,,,,,,,,,,
64,PYRENEES ATLANTIQUES,40,THEZE,5026,687,13.67,4339,86.33,75.0,1.49,1.73,4264,84.84,98.27,F,JOLY,Eva,72,1.43,1.69,F,LE PEN,Marine,645,12.83,15.13,M,SARKOZY,Nicolas,867,17.25,20.33,M,MÉLENCHON,Jean-Luc,419,8.34,9.83,M,POUTOU,Philippe,58,1.15,1.36,F,ARTHAUD,Nathalie,21,0.42,0.49,M,CHEMINADE,Jacques,11,0.22,0.26,M,BAYROU,François,791,15.74,18.55,M,DUPONT-AIGNAN,Nicolas,66,1.31,1.55,M,HOLLANDE,François,1314,26.14,30.82,HOLLANDE,1314,2012,1,,,,,,,,,,,,,,,,,,,,,,,
64,PYRENEES ATLANTIQUES,41,USTARITZ,19044,3100,16.28,15944,83.72,349.0,1.83,2.19,15595,81.89,97.81,F,JOLY,Eva,568,2.98,3.64,F,LE PEN,Marine,1897,9.96,12.16,M,SARKOZY,Nicolas,4407,23.14,28.26,M,MÉLENCHON,Jean-Luc,1775,9.32,11.38,M,POUTOU,Philippe,384,2.02,2.46,F,ARTHAUD,Nathalie,85,0.45,0.55,M,CHEMINADE,Jacques,40,0.21,0.26,M,BAYROU,François,2289,12.02,14.68,M,DUPONT-AIGNAN,Nicolas,235,1.23,1.51,M,HOLLANDE,François,3915,20.56,25.1,SARKOZY,4407,2012,1,,,,,,,,,,,,,,,,,,,,,,,
64,PYRENEES ATLANTIQUES,42,ANGLET-NORD,12817,2423,18.9,10394,81.1,969.0,7.56,9.32,9425,73.54,90.68,F,JOLY,Eva,322,2.51,3.42,F,LE PEN,Marine,936,7.3,9.93,M,SARKOZY,Nicolas,2929,22.85,31.08,M,MÉLENCHON,Jean-Luc,949,7.4,10.07,M,POUTOU,Philippe,127,0.99,1.35,F,ARTHAUD,Nathalie,41,0.32,0.44,M,CHEMINADE,Jacques,24,0.19,0.25,M,BAYROU,François,1185,9.25,12.57,M,DUPONT-AIGNAN,Nicolas,123,0.96,1.31,M,HOLLANDE,François,2789,21.76,29.59,SARKOZY,2929,2012,1,,,,,,,,,,,,,,,,,,,,,,,
64,PYRENEES ATLANTIQUES,43,BAYONNE-OUEST,12906,2889,22.38,10017,77.62,164.0,1.27,1.64,9853,76.34,98.36,F,JOLY,Eva,417,3.23,4.23,F,LE PEN,Marine,941,7.29,9.55,M,SARKOZY,Nicolas,2957,22.91,30.01,M,MÉLENCHON,Jean-Luc,1142,8.85,11.59,M,POUTOU,Philippe,167,1.29,1.69,F,ARTHAUD,Nathalie,51,0.4,0.52,M,CHEMINADE,Jacques,23,0.18,0.23,M,BAYROU,François,1164,9.02,11.81,M,DUPONT-AIGNAN,Nicolas,96,0.74,0.97,M,HOLLANDE,François,2895,22.43,29.38,SARKOZY,2957,2012,1,,,,,,,,,,,,,,,,,,,,,,,
64,PYRENEES ATLANTIQUES,44,BIARRITZ-OUEST,10124,2637,26.05,7487,73.95,83.0,0.82,1.11,7404,73.13,98.89,F,JOLY,Eva,304,3.0,4.11,F,LE PEN,Marine,712,7.03,9.62,M,SARKOZY,Nicolas,3099,30.61,41.86,M,MÉLENCHON,Jean-Luc,576,5.69,7.78,M,POUTOU,Philippe,70,0.69,0.95,F,ARTHAUD,Nathalie,24,0.24,0.32,M,CHEMINADE,Jacques,13,0.13,0.18,M,BAYROU,François,812,8.02,10.97,M,DUPONT-AIGNAN,Nicolas,86,0.85,1.16,M,HOLLANDE,François,1708,16.87,23.07,SARKOZY,3099,2012,1,,,,,,,,,,,,,,,,,,,,,,,
64,PYRENEES ATLANTIQUES,45,HENDAYE,21502,4196,19.51,17306,80.49,325.0,1.51,1.88,16981,78.97,98.12,F,JOLY,Eva,642,2.99,3.78,F,LE PEN,Marine,1908,8.87,11.24,M,SARKOZY,Nicolas,4051,18.84,23.86,M,MÉLENCHON,Jean-Luc,2458,11.43,14.48,M,POUTOU,Philippe,418,1.94,2.46,F,ARTHAUD,Nathalie,105,0.49,0.62,M,CHEMINADE,Jacques,30,0.14,0.18,M,BAYROU,François,1798,8.36,10.59,M,DUPONT-AIGNAN,Nicolas,231,1.07,1.36,M,HOLLANDE,François,5340,24.83,31.45,HOLLANDE,5340,2012,1,,,,,,,,,,,,,,,,,,,,,,,
64,PYRENEES ATLANTIQUES,46,JURANÇON,15500,2683,17.31,12817,82.69,201.0,1.3,1.57,12616,81.39,98.43,F,JOLY,Eva,369,2.38,2.92,F,LE PEN,Marine,1563,10.08,12.39,M,SARKOZY,Nicolas,2766,17.85,21.92,M,MÉLENCHON,Jean-Luc,1654,10.67,13.11,M,POUTOU,Philippe,167,1.08,1.32,F,ARTHAUD,Nathalie,52,0.34,0.41,M,CHEMINADE,Jacques,36,0.23,0.29,M,BAYROU,François,2098,13.54,16.63,M,DUPONT-AIGNAN,Nicolas,210,1.35,1.66,M,HOLLANDE,François,3701,23.88,29.34,HOLLANDE,3701,2012,1,,,,,,,,,,,,,,,,,,,,,,,
64,PYRENEES ATLANTIQUES,47,PAU-SUD,12792,2367,18.5,10425,81.5,174.0,1.36,1.67,10251,80.14,98.33,F,JOLY,Eva,256,2.0,2.5,F,LE PEN,Marine,1123,8.78,10.96,M,SARKOZY,Nicolas,2854,22.31,27.84,M,MÉLENCHON,Jean-Luc,967,7.56,9.43,M,POUTOU,Philippe,90,0.7,0.88,F,ARTHAUD,Nathalie,25,0.2,0.24,M,CHEMINADE,Jacques,20,0.16,0.2,M,BAYROU,François,1857,14.52,18.12,M,DUPONT-AIGNAN,Nicolas,153,1.2,1.49,M,HOLLANDE,François,2906,22.72,28.35,HOLLANDE,2906,2012,1,,,,,,,,,,,,,,,,,,,,,,,
64,PYRENEES ATLANTIQUES,48,PAU-OUEST,10672,2046,19.17,8626,80.83,139.0,1.3,1.61,8487,79.53,98.39,F,JOLY,Eva,250,2.34,2.95,F,LE PEN,Marine,986,9.24,11.62,M,SARKOZY,Nicolas,1976,18.52,23.28,M,MÉLENCHON,Jean-Luc,1076,10.08,12.68,M,POUTOU,Philippe,86,0.81,1.01,F,ARTHAUD,Nathalie,20,0.19,0.24,M,CHEMINADE,Jacques,16,0.15,0.19,M,BAYROU,François,1403,13.15,16.53,M,DUPONT-AIGNAN,Nicolas,104,0.97,1.23,M,HOLLANDE,François,2570,24.08,30.28,HOLLANDE,2570,2012,1,,,,,,,,,,,,,,,,,,,,,,,
64,PYRENEES ATLANTIQUES,49,PAU-NORD,10531,2104,19.98,8427,80.02,133.0,1.26,1.58,8294,78.76,98.42,F,JOLY,Eva,254,2.41,3.06,F,LE PEN,Marine,909,8.63,10.96,M,SARKOZY,Nicolas,1790,17.0,21.58,M,MÉLENCHON,Jean-Luc,1042,9.89,12.56,M,POUTOU,Philippe,115,1.09,1.39,F,ARTHAUD,Nathalie,23,0.22,0.28,M,CHEMINADE,Jacques,16,0.15,0.19,M,BAYROU,François,1168,11.09,14.08,M,DUPONT-AIGNAN,Nicolas,112,1.06,1.35,M,HOLLANDE,François,2865,27.21,34.54,HOLLANDE,2865,2012,1,,,,,,,,,,,,,,,,,,,,,,,
64,PYRENEES ATLANTIQUES,50,ANGLET-SUD,15994,2999,18.75,12995,81.25,215.0,1.34,1.65,12780,79.9,98.35,F,JOLY,Eva,385,2.41,3.01,F,LE PEN,Marine,1382,8.64,10.81,M,SARKOZY,Nicolas,3612,22.58,28.26,M,MÉLENCHON,Jean-Luc,1395,8.72,10.92,M,POUTOU,Philippe,201,1.26,1.57,F,ARTHAUD,Nathalie,56,0.35,0.44,M,CHEMINADE,Jacques,33,0.21,0.26,M,BAYROU,François,1654,10.34,12.94,M,DUPONT-AIGNAN,Nicolas,172,1.08,1.35,M,HOLLANDE,François,3890,24.32,30.44,HOLLANDE,3890,2012,1,,,,,,,,,,,,,,,,,,,,,,,
64,PYRENEES ATLANTIQUES,51,BILLERE,8746,1851,21.16,6895,78.84,117.0,1.34,1.7,6778,77.5,98.3,F,JOLY,Eva,154,1.76,2.27,F,LE PEN,Marine,854,9.76,12.6,M,SARKOZY,Nicolas,1495,17.09,22.06,M,MÉLENCHON,Jean-Luc,855,9.78,12.61,M,POUTOU,Philippe,85,0.97,1.25,F,ARTHAUD,Nathalie,27,0.31,0.4,M,CHEMINADE,Jacques,14,0.16,0.21,M,BAYROU,François,1057,12.09,15.59,M,DUPONT-AIGNAN,Nicolas,89,1.02,1.31,M,HOLLANDE,François,2148,24.56,31.69,HOLLANDE,2148,2012,1,,,,,,,,,,,,,,,,,,,,,,,
64,PYRENEES ATLANTIQUES,52,SAINT-PIERRE-D'IRUBE,12921,2201,17.03,10720,82.97,231.0,1.79,2.15,10489,81.18,97.85,F,JOLY,Eva,323,2.5,3.08,F,LE PEN,Marine,1472,11.39,14.03,M,SARKOZY,Nicolas,2322,17.97,22.14,M,MÉLENCHON,Jean-Luc,1313,10.16,12.52,M,POUTOU,Philippe,209,1.62,1.99,F,ARTHAUD,Nathalie,43,0.33,0.41,M,CHEMINADE,Jacques,21,0.16,0.2,M,BAYROU,François,1293,10.01,12.33,M,DUPONT-AIGNAN,Nicolas,165,1.28,1.57,M,HOLLANDE,François,3328,25.76,31.73,HOLLANDE,3328,2012,1,,,,,,,,,,,,,,,,,,,,,,,
79,DEUX SEVRES,1,AIRVAULT,3971,611,15.39,3360,84.61,98.0,2.47,2.92,3262,82.15,97.08,F,JOLY,Eva,43,1.08,1.32,F,LE PEN,Marine,544,13.7,16.68,M,SARKOZY,Nicolas,883,22.24,27.07,M,MÉLENCHON,Jean-Luc,343,8.64,10.52,M,POUTOU,Philippe,44,1.11,1.35,F,ARTHAUD,Nathalie,31,0.78,0.95,M,CHEMINADE,Jacques,6,0.15,0.18,M,BAYROU,François,331,8.34,10.15,M,DUPONT-AIGNAN,Nicolas,65,1.64,1.99,M,HOLLANDE,François,972,24.48,29.8,HOLLANDE,972,2012,1,,,,,,,,,,,,,,,,,,,,,,,
79,DEUX SEVRES,2,ARGENTON LES VALLEES,7532,1248,16.57,6284,83.43,163.0,2.16,2.59,6121,81.27,97.41,F,JOLY,Eva,99,1.31,1.62,F,LE PEN,Marine,992,13.17,16.21,M,SARKOZY,Nicolas,1943,25.8,31.74,M,MÉLENCHON,Jean-Luc,521,6.92,8.51,M,POUTOU,Philippe,94,1.25,1.54,F,ARTHAUD,Nathalie,62,0.82,1.01,M,CHEMINADE,Jacques,20,0.27,0.33,M,BAYROU,François,764,10.14,12.48,M,DUPONT-AIGNAN,Nicolas,149,1.98,2.43,M,HOLLANDE,François,1477,19.61,24.13,SARKOZY,1943,2012,1,,,,,,,,,,,,,,,,,,,,,,,
79,DEUX SEVRES,3,BEAUVOIR-SUR-NIORT,4016,569,14.17,3447,85.83,63.0,1.57,1.83,3384,84.26,98.17,F,JOLY,Eva,57,1.42,1.68,F,LE PEN,Marine,495,12.33,14.63,M,SARKOZY,Nicolas,750,18.68,22.16,M,MÉLENCHON,Jean-Luc,347,8.64,10.25,M,POUTOU,Philippe,85,2.12,2.51,F,ARTHAUD,Nathalie,33,0.82,0.98,M,CHEMINADE,Jacques,7,0.17,0.21,M,BAYROU,François,369,9.19,10.9,M,DUPONT-AIGNAN,Nicolas,85,2.12,2.51,M,HOLLANDE,François,1156,28.78,34.16,HOLLANDE,1156,2012,1,,,,,,,,,,,,,,,,,,,,,,,
79,DEUX SEVRES,4,BRESSUIRE,16389,2706,16.51,13683,83.49,346.0,2.11,2.53,13337,81.38,97.47,F,JOLY,Eva,267,1.63,2.0,F,LE PEN,Marine,1633,9.96,12.24,M,SARKOZY,Nicolas,3763,22.96,28.21,M,MÉLENCHON,Jean-Luc,1128,6.88,8.46,M,POUTOU,Philippe,207,1.26,1.55,F,ARTHAUD,Nathalie,108,0.66,0.81,M,CHEMINADE,Jacques,32,0.2,0.24,M,BAYROU,François,1850,11.29,13.87,M,DUPONT-AIGNAN,Nicolas,280,1.71,2.1,M,HOLLANDE,François,4069,24.83,30.51,HOLLANDE,4069,2012,1,,,,,,,,,,,,,,,,,,,,,,,
79,DEUX SEVRES,5,BRIOUX-SUR-BOUTONNE,5086,838,16.48,4248,83.52,103.0,2.03,2.42,4145,81.5,97.58,F,JOLY,Eva,92,1.81,2.22,F,LE PEN,Marine,625,12.29,15.08,M,SARKOZY,Nicolas,1047,20.59,25.26,M,MÉLENCHON,Jean-Luc,452,8.89,10.9,M,POUTOU,Philippe,90,1.77,2.17,F,ARTHAUD,Nathalie,29,0.57,0.7,M,CHEMINADE,Jacques,8,0.16,0.19,M,BAYROU,François,424,8.34,10.23,M,DUPONT-AIGNAN,Nicolas,102,2.01,2.46,M,HOLLANDE,François,1276,25.09,30.78,HOLLANDE,1276,2012,1,,,,,,,,,,,,,,,,,,,,,,,
79,DEUX SEVRES,6,CELLES-SUR-BELLE,8716,1286,14.75,7430,85.25,175.0,2.01,2.36,7255,83.24,97.64,F,JOLY,Eva,117,1.34,1.61,F,LE PEN,Marine,930,10.67,12.82,M,SARKOZY,Nicolas,1304,14.96,17.97,M,MÉLENCHON,Jean-Luc,921,10.57,12.69,M,POUTOU,Philippe,155,1.78,2.14,F,ARTHAUD,Nathalie,61,0.7,0.84,M,CHEMINADE,Jacques,17,0.2,0.23,M,BAYROU,François,668,7.66,9.21,M,DUPONT-AIGNAN,Nicolas,154,1.77,2.12,M,HOLLANDE,François,2928,33.59,40.36,HOLLANDE,2928,2012,1,,,,,,,,,,,,,,,,,,,,,,,
79,DEUX SEVRES,7,CERIZAY,10491,1542,14.7,8949,85.3,291.0,2.77,3.25,8658,82.53,96.75,F,JOLY,Eva,168,1.6,1.94,F,LE PEN,Marine,1085,10.34,12.53,M,SARKOZY,Nicolas,2283,21.76,26.37,M,MÉLENCHON,Jean-Luc,710,6.77,8.2,M,POUTOU,Philippe,144,1.37,1.66,F,ARTHAUD,Nathalie,77,0.73,0.89,M,CHEMINADE,Jacques,20,0.19,0.23,M,BAYROU,François,1076,10.26,12.43,M,DUPONT-AIGNAN,Nicolas,189,1.8,2.18,M,HOLLANDE,François,2906,27.7,33.56,HOLLANDE,2906,2012,1,,,,,,,,,,,,,,,,,,,,,,,
79,DEUX SEVRES,8,CHAMPDENIERS-SAINT-DENIS,4450,600,13.48,3850,86.52,90.0,2.02,2.34,3760,84.49,97.66,F,JOLY,Eva,94,2.11,2.5,F,LE PEN,Marine,495,11.12,13.16,M,SARKOZY,Nicolas,850,19.1,22.61,M,MÉLENCHON,Jean-Luc,389,8.74,10.35,M,POUTOU,Philippe,75,1.69,1.99,F,ARTHAUD,Nathalie,31,0.7,0.82,M,CHEMINADE,Jacques,7,0.16,0.19,M,BAYROU,François,435,9.78,11.57,M,DUPONT-AIGNAN,Nicolas,87,1.96,2.31,M,HOLLANDE,François,1297,29.15,34.49,HOLLANDE,1297,2012,1,,,,,,,,,,,,,,,,,,,,,,,
79,DEUX SEVRES,9,MAULEON,12155,1685,13.86,10470,86.14,268.0,2.2,2.56,10202,83.93,97.44,F,JOLY,Eva,137,1.13,1.34,F,LE PEN,Marine,1548,12.74,15.17,M,SARKOZY,Nicolas,3431,28.23,33.63,M,MÉLENCHON,Jean-Luc,753,6.19,7.38,M,POUTOU,Philippe,145,1.19,1.42,F,ARTHAUD,Nathalie,75,0.62,0.74,M,CHEMINADE,Jacques,19,0.16,0.19,M,BAYROU,François,1474,12.13,14.45,M,DUPONT-AIGNAN,Nicolas,283,2.33,2.77,M,HOLLANDE,François,2337,19.23,22.91,SARKOZY,3431,2012,1,,,,,,,,,,,,,,,,,,,,,,,
79,DEUX SEVRES,10,CHEF-BOUTONNE,4508,781,17.32,3727,82.68,108.0,2.4,2.9,3619,80.28,97.1,F,JOLY,Eva,51,1.13,1.41,F,LE PEN,Marine,607,13.46,16.77,M,SARKOZY,Nicolas,920,20.41,25.42,M,MÉLENCHON,Jean-Luc,327,7.25,9.04,M,POUTOU,Philippe,72,1.6,1.99,F,ARTHAUD,Nathalie,19,0.42,0.53,M,CHEMINADE,Jacques,10,0.22,0.28,M,BAYROU,François,295,6.54,8.15,M,DUPONT-AIGNAN,Nicolas,72,1.6,1.99,M,HOLLANDE,François,1246,27.64,34.43,HOLLANDE,1246,2012,1,,,,,,,,,,,,,,,,,,,,,,,
79,DEUX SEVRES,11,COULONGES-SUR-L'AUTIZE,8043,1224,15.22,6819,84.78,173.0,2.15,2.54,6646,82.63,97.46,F,JOLY,Eva,148,1.84,2.23,F,LE PEN,Marine,990,12.31,14.9,M,SARKOZY,Nicolas,1636,20.34,24.62,M,MÉLENCHON,Jean-Luc,688,8.55,10.35,M,POUTOU,Philippe,111,1.38,1.67,F,ARTHAUD,Nathalie,37,0.46,0.56,M,CHEMINADE,Jacques,24,0.3,0.36,M,BAYROU,François,757,9.41,11.39,M,DUPONT-AIGNAN,Nicolas,195,2.42,2.93,M,HOLLANDE,François,2060,25.61,31.0,HOLLANDE,2060,2012,1,,,,,,,,,,,,,,,,,,,,,,,
79,DEUX SEVRES,12,FRONTENAY-ROHAN-ROHAN,8124,1105,13.6,7019,86.4,126.0,1.55,1.8,6893,84.85,98.2,F,JOLY,Eva,166,2.04,2.41,F,LE PEN,Marine,940,11.57,13.64,M,SARKOZY,Nicolas,1506,18.54,21.85,M,MÉLENCHON,Jean-Luc,763,9.39,11.07,M,POUTOU,Philippe,89,1.1,1.29,F,ARTHAUD,Nathalie,42,0.52,0.61,M,CHEMINADE,Jacques,12,0.15,0.17,M,BAYROU,François,730,8.99,10.59,M,DUPONT-AIGNAN,Nicolas,164,2.02,2.38,M,HOLLANDE,François,2481,30.54,35.99,HOLLANDE,2481,2012,1,,,,,,,,,,,,,,,,,,,,,,,
79,DEUX SEVRES,13,LEZAY,4515,772,17.1,3743,82.9,99.0,2.19,2.64,3644,80.71,97.36,F,JOLY,Eva,79,1.75,2.17,F,LE PEN,Marine,620,13.73,17.01,M,SARKOZY,Nicolas,898,19.89,24.64,M,MÉLENCHON,Jean-Luc,313,6.93,8.59,M,POUTOU,Philippe,73,1.62,2.0,F,ARTHAUD,Nathalie,33,0.73,0.91,M,CHEMINADE,Jacques,10,0.22,0.27,M,BAYROU,François,389,8.62,10.68,M,DUPONT-AIGNAN,Nicolas,75,1.66,2.06,M,HOLLANDE,François,1154,25.56,31.67,HOLLANDE,1154,2012,1,,,,,,,,,,,,,,,,,,,,,,,
79,DEUX SEVRES,14,MAUZE-SUR-LE-MIGNON,5434,821,15.11,4613,84.89,96.0,1.77,2.08,4517,83.12,97.92,F,JOLY,Eva,115,2.12,2.55,F,LE PEN,Marine,770,14.17,17.05,M,SARKOZY,Nicolas,974,17.92,21.56,M,MÉLENCHON,Jean-Luc,561,10.32,12.42,M,POUTOU,Philippe,80,1.47,1.77,F,ARTHAUD,Nathalie,35,0.64,0.77,M,CHEMINADE,Jacques,12,0.22,0.27,M,BAYROU,François,452,8.32,10.01,M,DUPONT-AIGNAN,Nicolas,131,2.41,2.9,M,HOLLANDE,François,1387,25.52,30.71,HOLLANDE,1387,2012,1,,,,,,,,,,,,,,,,,,,,,,,
79,DEUX SEVRES,15,MAZIERES-EN-GATINE,5195,808,15.55,4387,84.45,110.0,2.12,2.51,4277,82.33,97.49,F,JOLY,Eva,114,2.19,2.67,F,LE PEN,Marine,633,12.18,14.8,M,SARKOZY,Nicolas,1103,21.23,25.79,M,MÉLENCHON,Jean-Luc,494,9.51,11.55,M,POUTOU,Philippe,62,1.19,1.45,F,ARTHAUD,Nathalie,29,0.56,0.68,M,CHEMINADE,Jacques,11,0.21,0.26,M,BAYROU,François,548,10.55,12.81,M,DUPONT-AIGNAN,Nicolas,118,2.27,2.76,M,HOLLANDE,François,1165,22.43,27.24,HOLLANDE,1165,2012,1,,,,,,,,,,,,,,,,,,,,,,,
79,DEUX SEVRES,16,MELLE,6962,1087,15.61,5875,84.39,139.0,2.0,2.37,5736,82.39,97.63,F,JOLY,Eva,130,1.87,2.27,F,LE PEN,Marine,721,10.36,12.57,M,SARKOZY,Nicolas,1193,17.14,20.8,M,MÉLENCHON,Jean-Luc,671,9.64,11.7,M,POUTOU,Philippe,90,1.29,1.57,F,ARTHAUD,Nathalie,46,0.66,0.8,M,CHEMINADE,Jacques,18,0.26,0.31,M,BAYROU,François,518,7.44,9.03,M,DUPONT-AIGNAN,Nicolas,107,1.54,1.87,M,HOLLANDE,François,2242,32.2,39.09,HOLLANDE,2242,2012,1,,,,,,,,,,,,,,,,,,,,,,,
79,DEUX SEVRES,17,MENIGOUTE,3688,524,14.21,3164,85.79,69.0,1.87,2.18,3095,83.92,97.82,F,JOLY,Eva,57,1.55,1.84,F,LE PEN,Marine,541,14.67,17.48,M,SARKOZY,Nicolas,876,23.75,28.3,M,MÉLENCHON,Jean-Luc,330,8.95,10.66,M,POUTOU,Philippe,37,1.0,1.2,F,ARTHAUD,Nathalie,22,0.6,0.71,M,CHEMINADE,Jacques,10,0.27,0.32,M,BAYROU,François,323,8.76,10.44,M,DUPONT-AIGNAN,Nicolas,64,1.74,2.07,M,HOLLANDE,François,835,22.64,26.98,SARKOZY,876,2012,1,,,,,,,,,,,,,,,,,,,,,,,
79,DEUX SEVRES,18,MONCOUTANT,8305,1171,14.1,7134,85.9,211.0,2.54,2.96,6923,83.36,97.04,F,JOLY,Eva,101,1.22,1.46,F,LE PEN,Marine,883,10.63,12.75,M,SARKOZY,Nicolas,2211,26.62,31.94,M,MÉLENCHON,Jean-Luc,500,6.02,7.22,M,POUTOU,Philippe,122,1.47,1.76,F,ARTHAUD,Nathalie,46,0.55,0.66,M,CHEMINADE,Jacques,28,0.34,0.4,M,BAYROU,François,966,11.63,13.95,M,DUPONT-AIGNAN,Nicolas,154,1.85,2.22,M,HOLLANDE,François,1912,23.02,27.62,SARKOZY,2211,2012,1,,,,,,,,,,,,,,,,,,,,,,,
79,DEUX SEVRES,19,LA-MOTHE-ST-HERAY,4022,626,15.56,3396,84.44,81.0,2.01,2.39,3315,82.42,97.61,F,JOLY,Eva,77,1.91,2.32,F,LE PEN,Marine,558,13.87,16.83,M,SARKOZY,Nicolas,721,17.93,21.75,M,MÉLENCHON,Jean-Luc,351,8.73,10.59,M,POUTOU,Philippe,65,1.62,1.96,F,ARTHAUD,Nathalie,26,0.65,0.78,M,CHEMINADE,Jacques,10,0.25,0.3,M,BAYROU,François,326,8.11,9.83,M,DUPONT-AIGNAN,Nicolas,70,1.74,2.11,M,HOLLANDE,François,1111,27.62,33.51,HOLLANDE,1111,2012,1,,,,,,,,,,,,,,,,,,,,,,,
79,DEUX SEVRES,20,NIORT-NORD,23775,4007,16.85,19768,83.15,417.0,1.75,2.11,19351,81.39,97.89,F,JOLY,Eva,487,2.05,2.52,F,LE PEN,Marine,1844,7.76,9.53,M,SARKOZY,Nicolas,4355,18.32,22.51,M,MÉLENCHON,Jean-Luc,2247,9.45,11.61,M,POUTOU,Philippe,263,1.11,1.36,F,ARTHAUD,Nathalie,108,0.45,0.56,M,CHEMINADE,Jacques,44,0.19,0.23,M,BAYROU,François,2188,9.2,11.31,M,DUPONT-AIGNAN,Nicolas,323,1.36,1.67,M,HOLLANDE,François,7492,31.51,38.72,HOLLANDE,7492,2012,1,,,,,,,,,,,,,,,,,,,,,,,
79,DEUX SEVRES,21,NIORT-OUEST,17781,3643,20.49,14138,79.51,247.0,1.39,1.75,13891,78.12,98.25,F,JOLY,Eva,361,2.03,2.6,F,LE PEN,Marine,1514,8.51,10.9,M,SARKOZY,Nicolas,3192,17.95,22.98,M,MÉLENCHON,Jean-Luc,1646,9.26,11.85,M,POUTOU,Philippe,182,1.02,1.31,F,ARTHAUD,Nathalie,78,0.44,0.56,M,CHEMINADE,Jacques,31,0.17,0.22,M,BAYROU,François,1341,7.54,9.65,M,DUPONT-AIGNAN,Nicolas,248,1.39,1.79,M,HOLLANDE,François,5298,29.8,38.14,HOLLANDE,5298,2012,1,,,,,,,,,,,,,,,,,,,,,,,
79,DEUX SEVRES,22,PARTHENAY,15577,2558,16.42,13019,83.58,326.0,2.09,2.5,12693,81.49,97.5,F,JOLY,Eva,266,1.71,2.1,F,LE PEN,Marine,1561,10.02,12.3,M,SARKOZY,Nicolas,3322,21.33,26.17,M,MÉLENCHON,Jean-Luc,1226,7.87,9.66,M,POUTOU,Philippe,181,1.16,1.43,F,ARTHAUD,Nathalie,104,0.67,0.82,M,CHEMINADE,Jacques,22,0.14,0.17,M,BAYROU,François,1348,8.65,10.62,M,DUPONT-AIGNAN,Nicolas,257,1.65,2.02,M,HOLLANDE,François,4406,28.29,34.71,HOLLANDE,4406,2012,1,,,,,,,,,,,,,,,,,,,,,,,
79,DEUX SEVRES,23,PRAHECQ,11071,1502,13.57,9569,86.43,194.0,1.75,2.03,9375,84.68,97.97,F,JOLY,Eva,171,1.54,1.82,F,LE PEN,Marine,1079,9.75,11.51,M,SARKOZY,Nicolas,1950,17.61,20.8,M,MÉLENCHON,Jean-Luc,1027,9.28,10.95,M,POUTOU,Philippe,132,1.19,1.41,F,ARTHAUD,Nathalie,63,0.57,0.67,M,CHEMINADE,Jacques,29,0.26,0.31,M,BAYROU,François,1025,9.26,10.93,M,DUPONT-AIGNAN,Nicolas,219,1.98,2.34,M,HOLLANDE,François,3680,33.24,39.25,HOLLANDE,3680,2012,1,,,,,,,,,,,,,,,,,,,,,,,
79,DEUX SEVRES,24,SAINT-LOUP-LAMAIRE,3162,401,12.68,2761,87.32,71.0,2.25,2.57,2690,85.07,97.43,F,JOLY,Eva,39,1.23,1.45,F,LE PEN,Marine,511,16.16,19.0,M,SARKOZY,Nicolas,742,23.47,27.58,M,MÉLENCHON,Jean-Luc,241,7.62,8.96,M,POUTOU,Philippe,39,1.23,1.45,F,ARTHAUD,Nathalie,18,0.57,0.67,M,CHEMINADE,Jacques,8,0.25,0.3,M,BAYROU,François,265,8.38,9.85,M,DUPONT-AIGNAN,Nicolas,62,1.96,2.3,M,HOLLANDE,François,765,24.19,28.44,HOLLANDE,765,2012,1,,,,,,,,,,,,,,,,,,,,,,,
79,DEUX SEVRES,25,SAINT-MAIXENT-L'ECOLE-1,11858,1864,15.72,9994,84.28,250.0,2.11,2.5,9744,82.17,97.5,F,JOLY,Eva,176,1.48,1.81,F,LE PEN,Marine,1398,11.79,14.35,M,SARKOZY,Nicolas,2066,17.42,21.2,M,MÉLENCHON,Jean-Luc,1009,8.51,10.36,M,POUTOU,Philippe,159,1.34,1.63,F,ARTHAUD,Nathalie,75,0.63,0.77,M,CHEMINADE,Jacques,51,0.43,0.52,M,BAYROU,François,1047,8.83,10.75,M,DUPONT-AIGNAN,Nicolas,254,2.14,2.61,M,HOLLANDE,François,3509,29.59,36.01,HOLLANDE,3509,2012,1,,,,,,,,,,,,,,,,,,,,,,,
79,DEUX SEVRES,26,SAINT-MAIXENT-L'ECOLE-2,7204,1052,14.6,6152,85.4,144.0,2.0,2.34,6008,83.4,97.66,F,JOLY,Eva,92,1.28,1.53,F,LE PEN,Marine,1053,14.62,17.53,M,SARKOZY,Nicolas,1511,20.97,25.15,M,MÉLENCHON,Jean-Luc,619,8.59,10.3,M,POUTOU,Philippe,97,1.35,1.61,F,ARTHAUD,Nathalie,39,0.54,0.65,M,CHEMINADE,Jacques,9,0.12,0.15,M,BAYROU,François,532,7.38,8.85,M,DUPONT-AIGNAN,Nicolas,152,2.11,2.53,M,HOLLANDE,François,1904,26.43,31.69,HOLLANDE,1904,2012,1,,,,,,,,,,,,,,,,,,,,,,,
79,DEUX SEVRES,27,SAINT-VARENT,4259,700,16.44,3559,83.56,101.0,2.37,2.84,3458,81.19,97.16,F,JOLY,Eva,56,1.31,1.62,F,LE PEN,Marine,576,13.52,16.66,M,SARKOZY,Nicolas,925,21.72,26.75,M,MÉLENCHON,Jean-Luc,303,7.11,8.76,M,POUTOU,Philippe,81,1.9,2.34,F,ARTHAUD,Nathalie,29,0.68,0.84,M,CHEMINADE,Jacques,13,0.31,0.38,M,BAYROU,François,376,8.83,10.87,M,DUPONT-AIGNAN,Nicolas,80,1.88,2.31,M,HOLLANDE,François,1019,23.93,29.47,HOLLANDE,1019,2012,1,,,,,,,,,,,,,,,,,,,,,,,
79,DEUX SEVRES,28,SAUZÉ-VAUSSAIS,4183,714,17.07,3469,82.93,85.0,2.03,2.45,3384,80.9,97.55,F,JOLY,Eva,56,1.34,1.65,F,LE PEN,Marine,611,14.61,18.06,M,SARKOZY,Nicolas,818,19.56,24.17,M,MÉLENCHON,Jean-Luc,373,8.92,11.02,M,POUTOU,Philippe,44,1.05,1.3,F,ARTHAUD,Nathalie,32,0.77,0.95,M,CHEMINADE,Jacques,1,0.02,0.03,M,BAYROU,François,282,6.74,8.33,M,DUPONT-AIGNAN,Nicolas,79,1.89,2.33,M,HOLLANDE,François,1088,26.01,32.15,HOLLANDE,1088,2012,1,,,,,,,,,,,,,,,,,,,,,,,
79,DEUX SEVRES,29,SECONDIGNY,5364,769,14.34,4595,85.66,138.0,2.57,3.0,4457,83.09,97.0,F,JOLY,Eva,83,1.55,1.86,F,LE PEN,Marine,631,11.76,14.16,M,SARKOZY,Nicolas,1410,26.29,31.64,M,MÉLENCHON,Jean-Luc,411,7.66,9.22,M,POUTOU,Philippe,97,1.81,2.18,F,ARTHAUD,Nathalie,36,0.67,0.81,M,CHEMINADE,Jacques,12,0.22,0.27,M,BAYROU,François,562,10.48,12.61,M,DUPONT-AIGNAN,Nicolas,112,2.09,2.51,M,HOLLANDE,François,1103,20.56,24.75,SARKOZY,1410,2012,1,,,,,,,,,,,,,,,,,,,,,,,
79,DEUX SEVRES,30,THÉNEZAY,3301,449,13.6,2852,86.4,75.0,2.27,2.63,2777,84.13,97.37,F,JOLY,Eva,62,1.88,2.23,F,LE PEN,Marine,496,15.03,17.86,M,SARKOZY,Nicolas,870,26.36,31.33,M,MÉLENCHON,Jean-Luc,219,6.63,7.89,M,POUTOU,Philippe,50,1.51,1.8,F,ARTHAUD,Nathalie,17,0.51,0.61,M,CHEMINADE,Jacques,12,0.36,0.43,M,BAYROU,François,296,8.97,10.66,M,DUPONT-AIGNAN,Nicolas,68,2.06,2.45,M,HOLLANDE,François,687,20.81,24.74,SARKOZY,870,2012,1,,,,,,,,,,,,,,,,,,,,,,,
79,DEUX SEVRES,31,THOUARS-1,8567,1557,18.17,7010,81.83,173.0,2.02,2.47,6837,79.81,97.53,F,JOLY,Eva,123,1.44,1.8,F,LE PEN,Marine,1058,12.35,15.47,M,SARKOZY,Nicolas,1782,20.8,26.06,M,MÉLENCHON,Jean-Luc,633,7.39,9.26,M,POUTOU,Philippe,116,1.35,1.7,F,ARTHAUD,Nathalie,48,0.56,0.7,M,CHEMINADE,Jacques,17,0.2,0.25,M,BAYROU,François,656,7.66,9.59,M,DUPONT-AIGNAN,Nicolas,184,2.15,2.69,M,HOLLANDE,François,2220,25.91,32.47,HOLLANDE,2220,2012,1,,,,,,,,,,,,,,,,,,,,,,,
79,DEUX SEVRES,32,THOUARS-2,10268,1729,16.84,8539,83.16,195.0,1.9,2.28,8344,81.26,97.72,F,JOLY,Eva,116,1.13,1.39,F,LE PEN,Marine,1277,12.44,15.3,M,SARKOZY,Nicolas,2073,20.19,24.84,M,MÉLENCHON,Jean-Luc,885,8.62,10.61,M,POUTOU,Philippe,151,1.47,1.81,F,ARTHAUD,Nathalie,62,0.6,0.74,M,CHEMINADE,Jacques,22,0.21,0.26,M,BAYROU,François,748,7.28,8.96,M,DUPONT-AIGNAN,Nicolas,218,2.12,2.61,M,HOLLANDE,François,2792,27.19,33.46,HOLLANDE,2792,2012,1,,,,,,,,,,,,,,,,,,,,,,,
79,DEUX SEVRES,33,NIORT-EST,12739,2647,20.78,10092,79.22,175.0,1.37,1.73,9917,77.85,98.27,F,JOLY,Eva,280,2.2,2.82,F,LE PEN,Marine,858,6.74,8.65,M,SARKOZY,Nicolas,2154,16.91,21.72,M,MÉLENCHON,Jean-Luc,1308,10.27,13.19,M,POUTOU,Philippe,118,0.93,1.19,F,ARTHAUD,Nathalie,61,0.48,0.62,M,CHEMINADE,Jacques,15,0.12,0.15,M,BAYROU,François,1034,8.12,10.43,M,DUPONT-AIGNAN,Nicolas,152,1.19,1.53,M,HOLLANDE,François,3937,30.91,39.7,HOLLANDE,3937,2012,1,,,,,,,,,,,,,,,,,,,,,,,
86,VIENNE,1,AVAILLES-LIMOUZINE,2296,397,17.29,1899,82.71,47.0,2.05,2.47,1852,80.66,97.53,F,JOLY,Eva,21,0.91,1.13,F,LE PEN,Marine,291,12.67,15.71,M,SARKOZY,Nicolas,533,23.21,28.78,M,MÉLENCHON,Jean-Luc,171,7.45,9.23,M,POUTOU,Philippe,29,1.26,1.57,F,ARTHAUD,Nathalie,26,1.13,1.4,M,CHEMINADE,Jacques,6,0.26,0.32,M,BAYROU,François,139,6.05,7.51,M,DUPONT-AIGNAN,Nicolas,33,1.44,1.78,M,HOLLANDE,François,603,26.26,32.56,HOLLANDE,603,2012,1,,,,,,,,,,,,,,,,,,,,,,,
86,VIENNE,2,CHARROUX,2816,448,15.91,2368,84.09,66.0,2.34,2.79,2302,81.75,97.21,F,JOLY,Eva,17,0.6,0.74,F,LE PEN,Marine,360,12.78,15.64,M,SARKOZY,Nicolas,654,23.22,28.41,M,MÉLENCHON,Jean-Luc,204,7.24,8.86,M,POUTOU,Philippe,31,1.1,1.35,F,ARTHAUD,Nathalie,14,0.5,0.61,M,CHEMINADE,Jacques,7,0.25,0.3,M,BAYROU,François,214,7.6,9.3,M,DUPONT-AIGNAN,Nicolas,75,2.66,3.26,M,HOLLANDE,François,726,25.78,31.54,HOLLANDE,726,2012,1,,,,,,,,,,,,,,,,,,,,,,,
86,VIENNE,3,CHATELLERAULT-NORD,11364,2759,24.28,8605,75.72,160.0,1.41,1.86,8445,74.31,98.14,F,JOLY,Eva,160,1.41,1.89,F,LE PEN,Marine,1441,12.68,17.06,M,SARKOZY,Nicolas,2447,21.53,28.98,M,MÉLENCHON,Jean-Luc,921,8.1,10.91,M,POUTOU,Philippe,96,0.84,1.14,F,ARTHAUD,Nathalie,56,0.49,0.66,M,CHEMINADE,Jacques,19,0.17,0.22,M,BAYROU,François,837,7.37,9.91,M,DUPONT-AIGNAN,Nicolas,157,1.38,1.86,M,HOLLANDE,François,2311,20.34,27.37,SARKOZY,2447,2012,1,,,,,,,,,,,,,,,,,,,,,,,
86,VIENNE,4,CHAUVIGNY,8877,1468,16.54,7409,83.46,162.0,1.82,2.19,7247,81.64,97.81,F,JOLY,Eva,141,1.59,1.95,F,LE PEN,Marine,1303,14.68,17.98,M,SARKOZY,Nicolas,1751,19.73,24.16,M,MÉLENCHON,Jean-Luc,804,9.06,11.09,M,POUTOU,Philippe,91,1.03,1.26,F,ARTHAUD,Nathalie,53,0.6,0.73,M,CHEMINADE,Jacques,14,0.16,0.19,M,BAYROU,François,644,7.25,8.89,M,DUPONT-AIGNAN,Nicolas,128,1.44,1.77,M,HOLLANDE,François,2318,26.11,31.99,HOLLANDE,2318,2012,1,,,,,,,,,,,,,,,,,,,,,,,
86,VIENNE,5,CIVRAY,6458,1065,16.49,5393,83.51,137.0,2.12,2.54,5256,81.39,97.46,F,JOLY,Eva,77,1.19,1.46,F,LE PEN,Marine,926,14.34,17.62,M,SARKOZY,Nicolas,1277,19.77,24.3,M,MÉLENCHON,Jean-Luc,530,8.21,10.08,M,POUTOU,Philippe,106,1.64,2.02,F,ARTHAUD,Nathalie,48,0.74,0.91,M,CHEMINADE,Jacques,10,0.15,0.19,M,BAYROU,François,461,7.14,8.77,M,DUPONT-AIGNAN,Nicolas,88,1.36,1.67,M,HOLLANDE,François,1733,26.83,32.97,HOLLANDE,1733,2012,1,,,,,,,,,,,,,,,,,,,,,,,
86,VIENNE,6,COUHÉ,5886,1003,17.04,4883,82.96,118.0,2.0,2.42,4765,80.95,97.58,F,JOLY,Eva,89,1.51,1.87,F,LE PEN,Marine,890,15.12,18.68,M,SARKOZY,Nicolas,1217,20.68,25.54,M,MÉLENCHON,Jean-Luc,445,7.56,9.34,M,POUTOU,Philippe,81,1.38,1.7,F,ARTHAUD,Nathalie,26,0.44,0.55,M,CHEMINADE,Jacques,21,0.36,0.44,M,BAYROU,François,449,7.63,9.42,M,DUPONT-AIGNAN,Nicolas,94,1.6,1.97,M,HOLLANDE,François,1453,24.69,30.49,HOLLANDE,1453,2012,1,,,,,,,,,,,,,,,,,,,,,,,
86,VIENNE,7,DANGE-SAINT-ROMAIN,7570,1003,13.25,6567,86.75,228.0,3.01,3.47,6339,83.74,96.53,F,JOLY,Eva,62,0.82,0.98,F,LE PEN,Marine,1559,20.59,24.59,M,SARKOZY,Nicolas,1444,19.08,22.78,M,MÉLENCHON,Jean-Luc,627,8.28,9.89,M,POUTOU,Philippe,89,1.18,1.4,F,ARTHAUD,Nathalie,71,0.94,1.12,M,CHEMINADE,Jacques,15,0.2,0.24,M,BAYROU,François,541,7.15,8.53,M,DUPONT-AIGNAN,Nicolas,151,1.99,2.38,M,HOLLANDE,François,1780,23.51,28.08,HOLLANDE,1780,2012,1,,,,,,,,,,,,,,,,,,,,,,,
86,VIENNE,8,GENCAY,6501,1092,16.8,5409,83.2,106.0,1.63,1.96,5303,81.57,98.04,F,JOLY,Eva,111,1.71,2.09,F,LE PEN,Marine,946,14.55,17.84,M,SARKOZY,Nicolas,1405,21.61,26.49,M,MÉLENCHON,Jean-Luc,508,7.81,9.58,M,POUTOU,Philippe,91,1.4,1.72,F,ARTHAUD,Nathalie,45,0.69,0.85,M,CHEMINADE,Jacques,5,0.08,0.09,M,BAYROU,François,495,7.61,9.33,M,DUPONT-AIGNAN,Nicolas,123,1.89,2.32,M,HOLLANDE,François,1574,24.21,29.68,HOLLANDE,1574,2012,1,,,,,,,,,,,,,,,,,,,,,,,
86,VIENNE,9,L'ISLE-JOURDAIN,3780,620,16.4,3160,83.6,72.0,1.9,2.28,3088,81.69,97.72,F,JOLY,Eva,53,1.4,1.72,F,LE PEN,Marine,499,13.2,16.16,M,SARKOZY,Nicolas,720,19.05,23.32,M,MÉLENCHON,Jean-Luc,377,9.97,12.21,M,POUTOU,Philippe,58,1.53,1.88,F,ARTHAUD,Nathalie,27,0.71,0.87,M,CHEMINADE,Jacques,5,0.13,0.16,M,BAYROU,François,244,6.46,7.9,M,DUPONT-AIGNAN,Nicolas,101,2.67,3.27,M,HOLLANDE,François,1004,26.56,32.51,HOLLANDE,1004,2012,1,,,,,,,,,,,,,,,,,,,,,,,
86,VIENNE,10,ST-GERVAIS-LES-TROIS-CLOCHERS,4105,578,14.08,3527,85.92,81.0,1.97,2.3,3446,83.95,97.7,F,JOLY,Eva,43,1.05,1.25,F,LE PEN,Marine,799,19.46,23.19,M,SARKOZY,Nicolas,912,22.22,26.47,M,MÉLENCHON,Jean-Luc,326,7.94,9.46,M,POUTOU,Philippe,46,1.12,1.33,F,ARTHAUD,Nathalie,21,0.51,0.61,M,CHEMINADE,Jacques,8,0.19,0.23,M,BAYROU,François,347,8.45,10.07,M,DUPONT-AIGNAN,Nicolas,76,1.85,2.21,M,HOLLANDE,François,868,21.14,25.19,SARKOZY,912,2012,1,,,,,,,,,,,,,,,,,,,,,,,
86,VIENNE,11,LENCLOITRE,6970,1167,16.74,5803,83.26,138.0,1.98,2.38,5665,81.28,97.62,F,JOLY,Eva,95,1.36,1.68,F,LE PEN,Marine,1441,20.67,25.44,M,SARKOZY,Nicolas,1374,19.71,24.25,M,MÉLENCHON,Jean-Luc,583,8.36,10.29,M,POUTOU,Philippe,70,1.0,1.24,F,ARTHAUD,Nathalie,54,0.77,0.95,M,CHEMINADE,Jacques,9,0.13,0.16,M,BAYROU,François,446,6.4,7.87,M,DUPONT-AIGNAN,Nicolas,124,1.78,2.19,M,HOLLANDE,François,1469,21.08,25.93,HOLLANDE,1469,2012,1,,,,,,,,,,,,,,,,,,,,,,,
86,VIENNE,12,LOUDUN,9233,1852,20.06,7381,79.94,189.0,2.05,2.56,7192,77.89,97.44,F,JOLY,Eva,94,1.02,1.31,F,LE PEN,Marine,1479,16.02,20.56,M,SARKOZY,Nicolas,2170,23.5,30.17,M,MÉLENCHON,Jean-Luc,605,6.55,8.41,M,POUTOU,Philippe,111,1.2,1.54,F,ARTHAUD,Nathalie,60,0.65,0.83,M,CHEMINADE,Jacques,18,0.19,0.25,M,BAYROU,François,776,8.4,10.79,M,DUPONT-AIGNAN,Nicolas,151,1.64,2.1,M,HOLLANDE,François,1728,18.72,24.03,SARKOZY,2170,2012,1,,,,,,,,,,,,,,,,,,,,,,,
86,VIENNE,13,LUSIGNAN,8385,1237,14.75,7148,85.25,175.0,2.09,2.45,6973,83.16,97.55,F,JOLY,Eva,154,1.84,2.21,F,LE PEN,Marine,1190,14.19,17.07,M,SARKOZY,Nicolas,1714,20.44,24.58,M,MÉLENCHON,Jean-Luc,729,8.69,10.45,M,POUTOU,Philippe,100,1.19,1.43,F,ARTHAUD,Nathalie,56,0.67,0.8,M,CHEMINADE,Jacques,17,0.2,0.24,M,BAYROU,François,698,8.32,10.01,M,DUPONT-AIGNAN,Nicolas,149,1.78,2.14,M,HOLLANDE,François,2166,25.83,31.06,HOLLANDE,2166,2012,1,,,,,,,,,,,,,,,,,,,,,,,
86,VIENNE,14,LUSSAC-LES-CHÂTEAUX,6635,1016,15.31,5619,84.69,149.0,2.25,2.65,5470,82.44,97.35,F,JOLY,Eva,91,1.37,1.66,F,LE PEN,Marine,987,14.88,18.04,M,SARKOZY,Nicolas,1360,20.5,24.86,M,MÉLENCHON,Jean-Luc,647,9.75,11.83,M,POUTOU,Philippe,92,1.39,1.68,F,ARTHAUD,Nathalie,45,0.68,0.82,M,CHEMINADE,Jacques,7,0.11,0.13,M,BAYROU,François,421,6.35,7.7,M,DUPONT-AIGNAN,Nicolas,123,1.85,2.25,M,HOLLANDE,François,1697,25.58,31.02,HOLLANDE,1697,2012,1,,,,,,,,,,,,,,,,,,,,,,,
86,VIENNE,15,MIREBEAU,5081,767,15.1,4314,84.9,98.0,1.93,2.27,4216,82.98,97.73,F,JOLY,Eva,70,1.38,1.66,F,LE PEN,Marine,886,17.44,21.02,M,SARKOZY,Nicolas,1105,21.75,26.21,M,MÉLENCHON,Jean-Luc,383,7.54,9.08,M,POUTOU,Philippe,66,1.3,1.57,F,ARTHAUD,Nathalie,25,0.49,0.59,M,CHEMINADE,Jacques,13,0.26,0.31,M,BAYROU,François,396,7.79,9.39,M,DUPONT-AIGNAN,Nicolas,76,1.5,1.8,M,HOLLANDE,François,1196,23.54,28.37,HOLLANDE,1196,2012,1,,,,,,,,,,,,,,,,,,,,,,,
86,VIENNE,16,MONCONTOUR,3664,536,14.63,3128,85.37,57.0,1.56,1.82,3071,83.82,98.18,F,JOLY,Eva,40,1.09,1.3,F,LE PEN,Marine,686,18.72,22.34,M,SARKOZY,Nicolas,932,25.44,30.35,M,MÉLENCHON,Jean-Luc,253,6.91,8.24,M,POUTOU,Philippe,48,1.31,1.56,F,ARTHAUD,Nathalie,21,0.57,0.68,M,CHEMINADE,Jacques,8,0.22,0.26,M,BAYROU,François,292,7.97,9.51,M,DUPONT-AIGNAN,Nicolas,55,1.5,1.79,M,HOLLANDE,François,736,20.09,23.97,SARKOZY,932,2012,1,,,,,,,,,,,,,,,,,,,,,,,
86,VIENNE,17,MONTMORILLON,7717,1309,16.96,6408,83.04,165.0,2.14,2.57,6243,80.9,97.43,F,JOLY,Eva,76,0.98,1.22,F,LE PEN,Marine,950,12.31,15.22,M,SARKOZY,Nicolas,1626,21.07,26.05,M,MÉLENCHON,Jean-Luc,679,8.8,10.88,M,POUTOU,Philippe,82,1.06,1.31,F,ARTHAUD,Nathalie,52,0.67,0.83,M,CHEMINADE,Jacques,17,0.22,0.27,M,BAYROU,François,573,7.43,9.18,M,DUPONT-AIGNAN,Nicolas,137,1.78,2.19,M,HOLLANDE,François,2051,26.58,32.85,HOLLANDE,2051,2012,1,,,,,,,,,,,,,,,,,,,,,,,
86,VIENNE,18,MONTS-SUR-GUESNES,2942,443,15.06,2499,84.94,85.0,2.89,3.4,2414,82.05,96.6,F,JOLY,Eva,52,1.77,2.15,F,LE PEN,Marine,525,17.85,21.75,M,SARKOZY,Nicolas,648,22.03,26.84,M,MÉLENCHON,Jean-Luc,199,6.76,8.24,M,POUTOU,Philippe,48,1.63,1.99,F,ARTHAUD,Nathalie,15,0.51,0.62,M,CHEMINADE,Jacques,8,0.27,0.33,M,BAYROU,François,211,7.17,8.74,M,DUPONT-AIGNAN,Nicolas,65,2.21,2.69,M,HOLLANDE,François,643,21.86,26.64,SARKOZY,648,2012,1,,,,,,,,,,,,,,,,,,,,,,,
86,VIENNE,19,NEUVILLE-DE-POITOU,12846,1870,14.56,10976,85.44,259.0,2.02,2.36,10717,83.43,97.64,F,JOLY,Eva,201,1.56,1.88,F,LE PEN,Marine,1780,13.86,16.61,M,SARKOZY,Nicolas,2680,20.86,25.01,M,MÉLENCHON,Jean-Luc,1095,8.52,10.22,M,POUTOU,Philippe,170,1.32,1.59,F,ARTHAUD,Nathalie,69,0.54,0.64,M,CHEMINADE,Jacques,19,0.15,0.18,M,BAYROU,François,1064,8.28,9.93,M,DUPONT-AIGNAN,Nicolas,245,1.91,2.29,M,HOLLANDE,François,3394,26.42,31.67,HOLLANDE,3394,2012,1,,,,,,,,,,,,,,,,,,,,,,,
86,VIENNE,20,PLEUMARTIN,5291,764,14.44,4527,85.56,86.0,1.63,1.9,4441,83.93,98.1,F,JOLY,Eva,88,1.66,1.98,F,LE PEN,Marine,892,16.86,20.09,M,SARKOZY,Nicolas,1233,23.3,27.76,M,MÉLENCHON,Jean-Luc,444,8.39,10.0,M,POUTOU,Philippe,52,0.98,1.17,F,ARTHAUD,Nathalie,26,0.49,0.59,M,CHEMINADE,Jacques,14,0.26,0.32,M,BAYROU,François,427,8.07,9.61,M,DUPONT-AIGNAN,Nicolas,98,1.85,2.21,M,HOLLANDE,François,1167,22.06,26.28,SARKOZY,1233,2012,1,,,,,,,,,,,,,,,,,,,,,,,
86,VIENNE,21,POITIERS-1,10475,2031,19.39,8444,80.61,147.0,1.4,1.74,8297,79.21,98.26,F,JOLY,Eva,240,2.29,2.89,F,LE PEN,Marine,1050,10.02,12.66,M,SARKOZY,Nicolas,1816,17.34,21.89,M,MÉLENCHON,Jean-Luc,1071,10.22,12.91,M,POUTOU,Philippe,109,1.04,1.31,F,ARTHAUD,Nathalie,38,0.36,0.46,M,CHEMINADE,Jacques,12,0.11,0.14,M,BAYROU,François,788,7.52,9.5,M,DUPONT-AIGNAN,Nicolas,134,1.28,1.62,M,HOLLANDE,François,3039,29.01,36.63,HOLLANDE,3039,2012,1,,,,,,,,,,,,,,,,,,,,,,,
86,VIENNE,22,POITIERS-2,12230,2471,20.2,9759,79.8,154.0,1.26,1.58,9605,78.54,98.42,F,JOLY,Eva,299,2.44,3.11,F,LE PEN,Marine,1075,8.79,11.19,M,SARKOZY,Nicolas,2172,17.76,22.61,M,MÉLENCHON,Jean-Luc,1099,8.99,11.44,M,POUTOU,Philippe,88,0.72,0.92,F,ARTHAUD,Nathalie,52,0.43,0.54,M,CHEMINADE,Jacques,29,0.24,0.3,M,BAYROU,François,975,7.97,10.15,M,DUPONT-AIGNAN,Nicolas,130,1.06,1.35,M,HOLLANDE,François,3686,30.14,38.38,HOLLANDE,3686,2012,1,,,,,,,,,,,,,,,,,,,,,,,
86,VIENNE,23,ST-GEORGES-LES-BAILLARGEAUX,10239,1635,15.97,8604,84.03,162.0,1.58,1.88,8442,82.45,98.12,F,JOLY,Eva,181,1.77,2.14,F,LE PEN,Marine,1405,13.72,16.64,M,SARKOZY,Nicolas,2073,20.25,24.56,M,MÉLENCHON,Jean-Luc,934,9.12,11.06,M,POUTOU,Philippe,111,1.08,1.31,F,ARTHAUD,Nathalie,69,0.67,0.82,M,CHEMINADE,Jacques,19,0.19,0.23,M,BAYROU,François,930,9.08,11.02,M,DUPONT-AIGNAN,Nicolas,187,1.83,2.22,M,HOLLANDE,François,2533,24.74,30.0,HOLLANDE,2533,2012,1,,,,,,,,,,,,,,,,,,,,,,,
86,VIENNE,24,ST-JULIEN-L'ARS,10355,1238,11.96,9117,88.04,175.0,1.69,1.92,8942,86.35,98.08,F,JOLY,Eva,211,2.04,2.36,F,LE PEN,Marine,1295,12.51,14.48,M,SARKOZY,Nicolas,2031,19.61,22.71,M,MÉLENCHON,Jean-Luc,1034,9.99,11.56,M,POUTOU,Philippe,105,1.01,1.17,F,ARTHAUD,Nathalie,62,0.6,0.69,M,CHEMINADE,Jacques,19,0.18,0.21,M,BAYROU,François,890,8.59,9.95,M,DUPONT-AIGNAN,Nicolas,198,1.91,2.21,M,HOLLANDE,François,3097,29.91,34.63,HOLLANDE,3097,2012,1,,,,,,,,,,,,,,,,,,,,,,,
86,VIENNE,25,ST-SAVIN,4021,594,14.77,3427,85.23,101.0,2.51,2.95,3326,82.72,97.05,F,JOLY,Eva,47,1.17,1.41,F,LE PEN,Marine,618,15.37,18.58,M,SARKOZY,Nicolas,1000,24.87,30.07,M,MÉLENCHON,Jean-Luc,309,7.68,9.29,M,POUTOU,Philippe,45,1.12,1.35,F,ARTHAUD,Nathalie,28,0.7,0.84,M,CHEMINADE,Jacques,4,0.1,0.12,M,BAYROU,François,262,6.52,7.88,M,DUPONT-AIGNAN,Nicolas,83,2.06,2.5,M,HOLLANDE,François,930,23.13,27.96,SARKOZY,1000,2012,1,,,,,,,,,,,,,,,,,,,,,,,
86,VIENNE,26,LA TRIMOUILLE,2314,385,16.64,1929,83.36,47.0,2.03,2.44,1882,81.33,97.56,F,JOLY,Eva,22,0.95,1.17,F,LE PEN,Marine,350,15.13,18.6,M,SARKOZY,Nicolas,613,26.49,32.57,M,MÉLENCHON,Jean-Luc,133,5.75,7.07,M,POUTOU,Philippe,27,1.17,1.43,F,ARTHAUD,Nathalie,20,0.86,1.06,M,CHEMINADE,Jacques,3,0.13,0.16,M,BAYROU,François,135,5.83,7.17,M,DUPONT-AIGNAN,Nicolas,58,2.51,3.08,M,HOLLANDE,François,521,22.52,27.68,SARKOZY,613,2012,1,,,,,,,,,,,,,,,,,,,,,,,
86,VIENNE,27,LES-TROIS-MOUTIERS,3850,607,15.77,3243,84.23,70.0,1.82,2.16,3173,82.42,97.84,F,JOLY,Eva,32,0.83,1.01,F,LE PEN,Marine,808,20.99,25.46,M,SARKOZY,Nicolas,945,24.55,29.78,M,MÉLENCHON,Jean-Luc,269,6.99,8.48,M,POUTOU,Philippe,42,1.09,1.32,F,ARTHAUD,Nathalie,39,1.01,1.23,M,CHEMINADE,Jacques,11,0.29,0.35,M,BAYROU,François,297,7.71,9.36,M,DUPONT-AIGNAN,Nicolas,74,1.92,2.33,M,HOLLANDE,François,656,17.04,20.67,SARKOZY,945,2012,1,,,,,,,,,,,,,,,,,,,,,,,
86,VIENNE,28,LA-VILLEDIEU-DU-CLAIN,11129,1399,12.57,9730,87.43,200.0,1.8,2.06,9530,85.63,97.94,F,JOLY,Eva,233,2.09,2.44,F,LE PEN,Marine,1313,11.8,13.78,M,SARKOZY,Nicolas,2123,19.08,22.28,M,MÉLENCHON,Jean-Luc,1230,11.05,12.91,M,POUTOU,Philippe,134,1.2,1.41,F,ARTHAUD,Nathalie,58,0.52,0.61,M,CHEMINADE,Jacques,21,0.19,0.22,M,BAYROU,François,998,8.97,10.47,M,DUPONT-AIGNAN,Nicolas,210,1.89,2.2,M,HOLLANDE,François,3210,28.84,33.68,HOLLANDE,3210,2012,1,,,,,,,,,,,,,,,,,,,,,,,
86,VIENNE,29,VIVONNE,7033,980,13.93,6053,86.07,135.0,1.92,2.23,5918,84.15,97.77,F,JOLY,Eva,119,1.69,2.01,F,LE PEN,Marine,902,12.83,15.24,M,SARKOZY,Nicolas,1339,19.04,22.63,M,MÉLENCHON,Jean-Luc,663,9.43,11.2,M,POUTOU,Philippe,88,1.25,1.49,F,ARTHAUD,Nathalie,57,0.81,0.96,M,CHEMINADE,Jacques,7,0.1,0.12,M,BAYROU,François,572,8.13,9.67,M,DUPONT-AIGNAN,Nicolas,145,2.06,2.45,M,HOLLANDE,François,2026,28.81,34.23,HOLLANDE,2026,2012,1,,,,,,,,,,,,,,,,,,,,,,,
86,VIENNE,30,VOUILLÉ,11773,1668,14.17,10105,85.83,225.0,1.91,2.23,9880,83.92,97.77,F,JOLY,Eva,251,2.13,2.54,F,LE PEN,Marine,1665,14.14,16.85,M,SARKOZY,Nicolas,2396,20.35,24.25,M,MÉLENCHON,Jean-Luc,1050,8.92,10.63,M,POUTOU,Philippe,133,1.13,1.35,F,ARTHAUD,Nathalie,85,0.72,0.86,M,CHEMINADE,Jacques,22,0.19,0.22,M,BAYROU,François,1045,8.88,10.58,M,DUPONT-AIGNAN,Nicolas,247,2.1,2.5,M,HOLLANDE,François,2986,25.36,30.22,HOLLANDE,2986,2012,1,,,,,,,,,,,,,,,,,,,,,,,
86,VIENNE,31,VOUNEUIL-SUR-VIENNE,8756,1231,14.06,7525,85.94,153.0,1.75,2.03,7372,84.19,97.97,F,JOLY,Eva,147,1.68,1.99,F,LE PEN,Marine,1621,18.51,21.99,M,SARKOZY,Nicolas,1722,19.67,23.36,M,MÉLENCHON,Jean-Luc,791,9.03,10.73,M,POUTOU,Philippe,100,1.14,1.36,F,ARTHAUD,Nathalie,54,0.62,0.73,M,CHEMINADE,Jacques,21,0.24,0.28,M,BAYROU,François,707,8.07,9.59,M,DUPONT-AIGNAN,Nicolas,184,2.1,2.5,M,HOLLANDE,François,2025,23.13,27.47,HOLLANDE,2025,2012,1,,,,,,,,,,,,,,,,,,,,,,,
86,VIENNE,32,CHÂTELLERAULT-SUD,10719,2436,22.73,8283,77.27,184.0,1.72,2.22,8099,75.56,97.78,F,JOLY,Eva,114,1.06,1.41,F,LE PEN,Marine,1636,15.26,20.2,M,SARKOZY,Nicolas,1635,15.25,20.19,M,MÉLENCHON,Jean-Luc,1007,9.39,12.43,M,POUTOU,Philippe,111,1.04,1.37,F,ARTHAUD,Nathalie,53,0.49,0.65,M,CHEMINADE,Jacques,16,0.15,0.2,M,BAYROU,François,647,6.04,7.99,M,DUPONT-AIGNAN,Nicolas,155,1.45,1.91,M,HOLLANDE,François,2725,25.42,33.65,HOLLANDE,2725,2012,1,,,,,,,,,,,,,,,,,,,,,,,
86,VIENNE,33,POITIERS-3,12313,2335,18.96,9978,81.04,161.0,1.31,1.61,9817,79.73,98.39,F,JOLY,Eva,406,3.3,4.14,F,LE PEN,Marine,820,6.66,8.35,M,SARKOZY,Nicolas,2392,19.43,24.37,M,MÉLENCHON,Jean-Luc,1396,11.34,14.22,M,POUTOU,Philippe,85,0.69,0.87,F,ARTHAUD,Nathalie,32,0.26,0.33,M,CHEMINADE,Jacques,20,0.16,0.2,M,BAYROU,François,1002,8.14,10.21,M,DUPONT-AIGNAN,Nicolas,160,1.3,1.63,M,HOLLANDE,François,3504,28.46,35.69,HOLLANDE,3504,2012,1,,,,,,,,,,,,,,,,,,,,,,,
86,VIENNE,34,POITIERS-4,11198,2427,21.67,8771,78.33,152.0,1.36,1.73,8619,76.97,98.27,F,JOLY,Eva,277,2.47,3.21,F,LE PEN,Marine,920,8.22,10.67,M,SARKOZY,Nicolas,2054,18.34,23.83,M,MÉLENCHON,Jean-Luc,978,8.73,11.35,M,POUTOU,Philippe,112,1.0,1.3,F,ARTHAUD,Nathalie,42,0.38,0.49,M,CHEMINADE,Jacques,23,0.21,0.27,M,BAYROU,François,873,7.8,10.13,M,DUPONT-AIGNAN,Nicolas,158,1.41,1.83,M,HOLLANDE,François,3182,28.42,36.92,HOLLANDE,3182,2012,1,,,,,,,,,,,,,,,,,,,,,,,
86,VIENNE,35,POITIERS-5,13274,2114,15.93,11160,84.07,213.0,1.6,1.91,10947,82.47,98.09,F,JOLY,Eva,241,1.82,2.2,F,LE PEN,Marine,1299,9.79,11.87,M,SARKOZY,Nicolas,2654,19.99,24.24,M,MÉLENCHON,Jean-Luc,1079,8.13,9.86,M,POUTOU,Philippe,151,1.14,1.38,F,ARTHAUD,Nathalie,67,0.5,0.61,M,CHEMINADE,Jacques,38,0.29,0.35,M,BAYROU,François,1215,9.15,11.1,M,DUPONT-AIGNAN,Nicolas,220,1.66,2.01,M,HOLLANDE,François,3983,30.01,36.38,HOLLANDE,3983,2012,1,,,,,,,,,,,,,,,,,,,,,,,
86,VIENNE,36,POITIERS-6,8831,1824,20.65,7007,79.35,104.0,1.18,1.48,6903,78.17,98.52,F,JOLY,Eva,288,3.26,4.17,F,LE PEN,Marine,534,6.05,7.74,M,SARKOZY,Nicolas,2025,22.93,29.34,M,MÉLENCHON,Jean-Luc,847,9.59,12.27,M,POUTOU,Philippe,73,0.83,1.06,F,ARTHAUD,Nathalie,28,0.32,0.41,M,CHEMINADE,Jacques,20,0.23,0.29,M,BAYROU,François,745,8.44,10.79,M,DUPONT-AIGNAN,Nicolas,95,1.08,1.38,M,HOLLANDE,François,2248,25.46,32.57,HOLLANDE,2248,2012,1,,,,,,,,,,,,,,,,,,,,,,,
86,VIENNE,37,POITIERS-7,15936,3300,20.71,12636,79.29,253.0,1.59,2.0,12383,77.7,98.0,F,JOLY,Eva,327,2.05,2.64,F,LE PEN,Marine,1581,9.92,12.77,M,SARKOZY,Nicolas,2297,14.41,18.55,M,MÉLENCHON,Jean-Luc,1665,10.45,13.45,M,POUTOU,Philippe,147,0.92,1.19,F,ARTHAUD,Nathalie,80,0.5,0.65,M,CHEMINADE,Jacques,18,0.11,0.15,M,BAYROU,François,1131,7.1,9.13,M,DUPONT-AIGNAN,Nicolas,214,1.34,1.73,M,HOLLANDE,François,4923,30.89,39.76,HOLLANDE,4923,2012,1,,,,,,,,,,,,,,,,,,,,,,,
86,VIENNE,38,CHÂTELLERAULT-OUEST,10790,2488,23.06,8302,76.94,192.0,1.78,2.31,8110,75.16,97.69,F,JOLY,Eva,165,1.53,2.03,F,LE PEN,Marine,1599,14.82,19.72,M,SARKOZY,Nicolas,1699,15.75,20.95,M,MÉLENCHON,Jean-Luc,952,8.82,11.74,M,POUTOU,Philippe,103,0.95,1.27,F,ARTHAUD,Nathalie,67,0.62,0.83,M,CHEMINADE,Jacques,10,0.09,0.12,M,BAYROU,François,678,6.28,8.36,M,DUPONT-AIGNAN,Nicolas,137,1.27,1.69,M,HOLLANDE,François,2700,25.02,33.29,HOLLANDE,2700,2012,1,,,,,,,,,,,,,,,,,,,,,,,
87,HAUTE VIENNE,1,AIXE-SUR-VIENNE,15335,1733,11.3,13602,88.7,318.0,2.07,2.34,13284,86.63,97.66,F,JOLY,Eva,236,1.54,1.78,F,LE PEN,Marine,2204,14.37,16.59,M,SARKOZY,Nicolas,2556,16.67,19.24,M,MÉLENCHON,Jean-Luc,1817,11.85,13.68,M,POUTOU,Philippe,153,1.0,1.15,F,ARTHAUD,Nathalie,81,0.53,0.61,M,CHEMINADE,Jacques,31,0.2,0.23,M,BAYROU,François,1141,7.44,8.59,M,DUPONT-AIGNAN,Nicolas,239,1.56,1.8,M,HOLLANDE,François,4826,31.47,36.33,HOLLANDE,4826,2012,1,,,,,,,,,,,,,,,,,,,,,,,
87,HAUTE VIENNE,2,AMBAZAC,12737,1648,12.94,11089,87.06,218.0,1.71,1.97,10871,85.35,98.03,F,JOLY,Eva,165,1.3,1.52,F,LE PEN,Marine,2141,16.81,19.69,M,SARKOZY,Nicolas,1787,14.03,16.44,M,MÉLENCHON,Jean-Luc,1892,14.85,17.4,M,POUTOU,Philippe,151,1.19,1.39,F,ARTHAUD,Nathalie,76,0.6,0.7,M,CHEMINADE,Jacques,14,0.11,0.13,M,BAYROU,François,753,5.91,6.93,M,DUPONT-AIGNAN,Nicolas,193,1.52,1.78,M,HOLLANDE,François,3699,29.04,34.03,HOLLANDE,3699,2012,1,,,,,,,,,,,,,,,,,,,,,,,
87,HAUTE VIENNE,3,BELLAC,5313,821,15.45,4492,84.55,113.0,2.13,2.52,4379,82.42,97.48,F,JOLY,Eva,75,1.41,1.71,F,LE PEN,Marine,762,14.34,17.4,M,SARKOZY,Nicolas,970,18.26,22.15,M,MÉLENCHON,Jean-Luc,613,11.54,14.0,M,POUTOU,Philippe,76,1.43,1.74,F,ARTHAUD,Nathalie,34,0.64,0.78,M,CHEMINADE,Jacques,16,0.3,0.37,M,BAYROU,François,332,6.25,7.58,M,DUPONT-AIGNAN,Nicolas,83,1.56,1.9,M,HOLLANDE,François,1418,26.69,32.38,HOLLANDE,1418,2012,1,,,,,,,,,,,,,,,,,,,,,,,
87,HAUTE VIENNE,4,BESSINES-SUR-GARTEMPE,4440,696,15.68,3744,84.32,83.0,1.87,2.22,3661,82.45,97.78,F,JOLY,Eva,50,1.13,1.37,F,LE PEN,Marine,715,16.1,19.53,M,SARKOZY,Nicolas,711,16.01,19.42,M,MÉLENCHON,Jean-Luc,558,12.57,15.24,M,POUTOU,Philippe,59,1.33,1.61,F,ARTHAUD,Nathalie,33,0.74,0.9,M,CHEMINADE,Jacques,9,0.2,0.25,M,BAYROU,François,272,6.13,7.43,M,DUPONT-AIGNAN,Nicolas,63,1.42,1.72,M,HOLLANDE,François,1191,26.82,32.53,HOLLANDE,1191,2012,1,,,,,,,,,,,,,,,,,,,,,,,
87,HAUTE VIENNE,5,CHALUS,4382,695,15.86,3687,84.14,78.0,1.78,2.12,3609,82.36,97.88,F,JOLY,Eva,69,1.57,1.91,F,LE PEN,Marine,672,15.34,18.62,M,SARKOZY,Nicolas,745,17.0,20.64,M,MÉLENCHON,Jean-Luc,494,11.27,13.69,M,POUTOU,Philippe,49,1.12,1.36,F,ARTHAUD,Nathalie,33,0.75,0.91,M,CHEMINADE,Jacques,8,0.18,0.22,M,BAYROU,François,251,5.73,6.95,M,DUPONT-AIGNAN,Nicolas,60,1.37,1.66,M,HOLLANDE,François,1228,28.02,34.03,HOLLANDE,1228,2012,1,,,,,,,,,,,,,,,,,,,,,,,
87,HAUTE VIENNE,6,CHATEAUNEUF-LA-FORET,4420,728,16.47,3692,83.53,109.0,2.47,2.95,3583,81.06,97.05,F,JOLY,Eva,61,1.38,1.7,F,LE PEN,Marine,592,13.39,16.52,M,SARKOZY,Nicolas,574,12.99,16.02,M,MÉLENCHON,Jean-Luc,599,13.55,16.72,M,POUTOU,Philippe,43,0.97,1.2,F,ARTHAUD,Nathalie,33,0.75,0.92,M,CHEMINADE,Jacques,14,0.32,0.39,M,BAYROU,François,255,5.77,7.12,M,DUPONT-AIGNAN,Nicolas,75,1.7,2.09,M,HOLLANDE,François,1337,30.25,37.32,HOLLANDE,1337,2012,1,,,,,,,,,,,,,,,,,,,,,,,
87,HAUTE VIENNE,7,CHATEAUPONSAC,3223,551,17.1,2672,82.9,70.0,2.17,2.62,2602,80.73,97.38,F,JOLY,Eva,33,1.02,1.27,F,LE PEN,Marine,518,16.07,19.91,M,SARKOZY,Nicolas,520,16.13,19.98,M,MÉLENCHON,Jean-Luc,374,11.6,14.37,M,POUTOU,Philippe,47,1.46,1.81,F,ARTHAUD,Nathalie,26,0.81,1.0,M,CHEMINADE,Jacques,6,0.19,0.23,M,BAYROU,François,196,6.08,7.53,M,DUPONT-AIGNAN,Nicolas,52,1.61,2.0,M,HOLLANDE,François,830,25.75,31.9,HOLLANDE,830,2012,1,,,,,,,,,,,,,,,,,,,,,,,
87,HAUTE VIENNE,8,LE DORAT,3480,616,17.7,2864,82.3,80.0,2.3,2.79,2784,80.0,97.21,F,JOLY,Eva,28,0.8,1.01,F,LE PEN,Marine,577,16.58,20.73,M,SARKOZY,Nicolas,810,23.28,29.09,M,MÉLENCHON,Jean-Luc,261,7.5,9.38,M,POUTOU,Philippe,37,1.06,1.33,F,ARTHAUD,Nathalie,23,0.66,0.83,M,CHEMINADE,Jacques,9,0.26,0.32,M,BAYROU,François,214,6.15,7.69,M,DUPONT-AIGNAN,Nicolas,56,1.61,2.01,M,HOLLANDE,François,769,22.1,27.62,SARKOZY,810,2012,1,,,,,,,,,,,,,,,,,,,,,,,
87,HAUTE VIENNE,9,EYMOUTIERS,4681,663,14.16,4018,85.84,85.0,1.82,2.12,3933,84.02,97.88,F,JOLY,Eva,89,1.9,2.26,F,LE PEN,Marine,461,9.85,11.72,M,SARKOZY,Nicolas,664,14.19,16.88,M,MÉLENCHON,Jean-Luc,881,18.82,22.4,M,POUTOU,Philippe,56,1.2,1.42,F,ARTHAUD,Nathalie,22,0.47,0.56,M,CHEMINADE,Jacques,3,0.06,0.08,M,BAYROU,François,237,5.06,6.03,M,DUPONT-AIGNAN,Nicolas,62,1.32,1.58,M,HOLLANDE,François,1458,31.15,37.07,HOLLANDE,1458,2012,1,,,,,,,,,,,,,,,,,,,,,,,
87,HAUTE VIENNE,10,LAURIERE,2869,497,17.32,2372,82.68,57.0,1.99,2.4,2315,80.69,97.6,F,JOLY,Eva,56,1.95,2.42,F,LE PEN,Marine,367,12.79,15.85,M,SARKOZY,Nicolas,390,13.59,16.85,M,MÉLENCHON,Jean-Luc,459,16.0,19.83,M,POUTOU,Philippe,34,1.19,1.47,F,ARTHAUD,Nathalie,16,0.56,0.69,M,CHEMINADE,Jacques,3,0.1,0.13,M,BAYROU,François,166,5.79,7.17,M,DUPONT-AIGNAN,Nicolas,43,1.5,1.86,M,HOLLANDE,François,781,27.22,33.74,HOLLANDE,781,2012,1,,,,,,,,,,,,,,,,,,,,,,,
87,HAUTE VIENNE,11,LIMOGES-BEAUPUY,4401,737,16.75,3664,83.25,79.0,1.8,2.16,3585,81.46,97.84,F,JOLY,Eva,92,2.09,2.57,F,LE PEN,Marine,547,12.43,15.26,M,SARKOZY,Nicolas,680,15.45,18.97,M,MÉLENCHON,Jean-Luc,449,10.2,12.52,M,POUTOU,Philippe,36,0.82,1.0,F,ARTHAUD,Nathalie,21,0.48,0.59,M,CHEMINADE,Jacques,5,0.11,0.14,M,BAYROU,François,284,6.45,7.92,M,DUPONT-AIGNAN,Nicolas,70,1.59,1.95,M,HOLLANDE,François,1401,31.83,39.08,HOLLANDE,1401,2012,1,,,,,,,,,,,,,,,,,,,,,,,
87,HAUTE VIENNE,12,LIMOGES-CARNOT,4951,1022,20.64,3929,79.36,85.0,1.72,2.16,3844,77.64,97.84,F,JOLY,Eva,112,2.26,2.91,F,LE PEN,Marine,529,10.68,13.76,M,SARKOZY,Nicolas,854,17.25,22.22,M,MÉLENCHON,Jean-Luc,553,11.17,14.39,M,POUTOU,Philippe,42,0.85,1.09,F,ARTHAUD,Nathalie,21,0.42,0.55,M,CHEMINADE,Jacques,8,0.16,0.21,M,BAYROU,François,292,5.9,7.6,M,DUPONT-AIGNAN,Nicolas,67,1.35,1.74,M,HOLLANDE,François,1366,27.59,35.54,HOLLANDE,1366,2012,1,,,,,,,,,,,,,,,,,,,,,,,
87,HAUTE VIENNE,13,LIMOGES-CENTRE,4261,828,19.43,3433,80.57,60.0,1.41,1.75,3373,79.16,98.25,F,JOLY,Eva,120,2.82,3.56,F,LE PEN,Marine,362,8.5,10.73,M,SARKOZY,Nicolas,998,23.42,29.59,M,MÉLENCHON,Jean-Luc,417,9.79,12.36,M,POUTOU,Philippe,36,0.84,1.07,F,ARTHAUD,Nathalie,17,0.4,0.5,M,CHEMINADE,Jacques,8,0.19,0.24,M,BAYROU,François,300,7.04,8.89,M,DUPONT-AIGNAN,Nicolas,45,1.06,1.33,M,HOLLANDE,François,1070,25.11,31.72,HOLLANDE,1070,2012,1,,,,,,,,,,,,,,,,,,,,,,,
87,HAUTE VIENNE,14,LIMOGES-LA-BASTIDE,5154,1185,22.99,3969,77.01,90.0,1.75,2.27,3879,75.26,97.73,F,JOLY,Eva,55,1.07,1.42,F,LE PEN,Marine,825,16.01,21.27,M,SARKOZY,Nicolas,497,9.64,12.81,M,MÉLENCHON,Jean-Luc,567,11.0,14.62,M,POUTOU,Philippe,43,0.83,1.11,F,ARTHAUD,Nathalie,29,0.56,0.75,M,CHEMINADE,Jacques,8,0.16,0.21,M,BAYROU,François,185,3.59,4.77,M,DUPONT-AIGNAN,Nicolas,50,0.97,1.29,M,HOLLANDE,François,1620,31.43,41.76,HOLLANDE,1620,2012,1,,,,,,,,,,,,,,,,,,,,,,,
87,HAUTE VIENNE,15,MAGNAC-LAVAL,2725,482,17.69,2243,82.31,51.0,1.87,2.27,2192,80.44,97.73,F,JOLY,Eva,21,0.77,0.96,F,LE PEN,Marine,408,14.97,18.61,M,SARKOZY,Nicolas,544,19.96,24.82,M,MÉLENCHON,Jean-Luc,243,8.92,11.09,M,POUTOU,Philippe,30,1.1,1.37,F,ARTHAUD,Nathalie,30,1.1,1.37,M,CHEMINADE,Jacques,4,0.15,0.18,M,BAYROU,François,180,6.61,8.21,M,DUPONT-AIGNAN,Nicolas,43,1.58,1.96,M,HOLLANDE,François,689,25.28,31.43,HOLLANDE,689,2012,1,,,,,,,,,,,,,,,,,,,,,,,
87,HAUTE VIENNE,16,MEZIERES-SUR-ISSOIRE,2802,495,17.67,2307,82.33,64.0,2.28,2.77,2243,80.05,97.23,F,JOLY,Eva,47,1.68,2.1,F,LE PEN,Marine,415,14.81,18.5,M,SARKOZY,Nicolas,571,20.38,25.46,M,MÉLENCHON,Jean-Luc,273,9.74,12.17,M,POUTOU,Philippe,40,1.43,1.78,F,ARTHAUD,Nathalie,27,0.96,1.2,M,CHEMINADE,Jacques,6,0.21,0.27,M,BAYROU,François,174,6.21,7.76,M,DUPONT-AIGNAN,Nicolas,58,2.07,2.59,M,HOLLANDE,François,632,22.56,28.18,HOLLANDE,632,2012,1,,,,,,,,,,,,,,,,,,,,,,,
87,HAUTE VIENNE,17,NANTIAT,5858,806,13.76,5052,86.24,118.0,2.01,2.34,4934,84.23,97.66,F,JOLY,Eva,97,1.66,1.97,F,LE PEN,Marine,985,16.81,19.96,M,SARKOZY,Nicolas,870,14.85,17.63,M,MÉLENCHON,Jean-Luc,742,12.67,15.04,M,POUTOU,Philippe,78,1.33,1.58,F,ARTHAUD,Nathalie,46,0.79,0.93,M,CHEMINADE,Jacques,19,0.32,0.39,M,BAYROU,François,370,6.32,7.5,M,DUPONT-AIGNAN,Nicolas,76,1.3,1.54,M,HOLLANDE,François,1651,28.18,33.46,HOLLANDE,1651,2012,1,,,,,,,,,,,,,,,,,,,,,,,
87,HAUTE VIENNE,18,NEXON,6049,803,13.27,5246,86.73,106.0,1.75,2.02,5140,84.97,97.98,F,JOLY,Eva,121,2.0,2.35,F,LE PEN,Marine,916,15.14,17.82,M,SARKOZY,Nicolas,927,15.32,18.04,M,MÉLENCHON,Jean-Luc,765,12.65,14.88,M,POUTOU,Philippe,89,1.47,1.73,F,ARTHAUD,Nathalie,36,0.6,0.7,M,CHEMINADE,Jacques,15,0.25,0.29,M,BAYROU,François,392,6.48,7.63,M,DUPONT-AIGNAN,Nicolas,113,1.87,2.2,M,HOLLANDE,François,1766,29.19,34.36,HOLLANDE,1766,2012,1,,,,,,,,,,,,,,,,,,,,,,,
87,HAUTE VIENNE,19,NIEUL,8066,968,12.0,7098,88.0,173.0,2.14,2.44,6925,85.85,97.56,F,JOLY,Eva,111,1.38,1.6,F,LE PEN,Marine,1353,16.77,19.54,M,SARKOZY,Nicolas,1115,13.82,16.1,M,MÉLENCHON,Jean-Luc,1185,14.69,17.11,M,POUTOU,Philippe,91,1.13,1.31,F,ARTHAUD,Nathalie,47,0.58,0.68,M,CHEMINADE,Jacques,15,0.19,0.22,M,BAYROU,François,566,7.02,8.17,M,DUPONT-AIGNAN,Nicolas,131,1.62,1.89,M,HOLLANDE,François,2311,28.65,33.37,HOLLANDE,2311,2012,1,,,,,,,,,,,,,,,,,,,,,,,
87,HAUTE VIENNE,20,ORADOUR-SUR-VAYRES,3183,513,16.12,2670,83.88,68.0,2.14,2.55,2602,81.75,97.45,F,JOLY,Eva,49,1.54,1.88,F,LE PEN,Marine,471,14.8,18.1,M,SARKOZY,Nicolas,496,15.58,19.06,M,MÉLENCHON,Jean-Luc,436,13.7,16.76,M,POUTOU,Philippe,31,0.97,1.19,F,ARTHAUD,Nathalie,10,0.31,0.38,M,CHEMINADE,Jacques,5,0.16,0.19,M,BAYROU,François,209,6.57,8.03,M,DUPONT-AIGNAN,Nicolas,54,1.7,2.08,M,HOLLANDE,François,841,26.42,32.32,HOLLANDE,841,2012,1,,,,,,,,,,,,,,,,,,,,,,,
87,HAUTE VIENNE,21,PIERRE-BUFFIERE,6892,792,11.49,6100,88.51,141.0,2.05,2.31,5959,86.46,97.69,F,JOLY,Eva,117,1.7,1.96,F,LE PEN,Marine,964,13.99,16.18,M,SARKOZY,Nicolas,1220,17.7,20.47,M,MÉLENCHON,Jean-Luc,843,12.23,14.15,M,POUTOU,Philippe,66,0.96,1.11,F,ARTHAUD,Nathalie,25,0.36,0.42,M,CHEMINADE,Jacques,21,0.3,0.35,M,BAYROU,François,518,7.52,8.69,M,DUPONT-AIGNAN,Nicolas,116,1.68,1.95,M,HOLLANDE,François,2069,30.02,34.72,HOLLANDE,2069,2012,1,,,,,,,,,,,,,,,,,,,,,,,
87,HAUTE VIENNE,22,ROCHECHOUART,4011,618,15.41,3393,84.59,95.0,2.37,2.8,3298,82.22,97.2,F,JOLY,Eva,23,0.57,0.7,F,LE PEN,Marine,531,13.24,16.1,M,SARKOZY,Nicolas,670,16.7,20.32,M,MÉLENCHON,Jean-Luc,604,15.06,18.31,M,POUTOU,Philippe,43,1.07,1.3,F,ARTHAUD,Nathalie,24,0.6,0.73,M,CHEMINADE,Jacques,7,0.17,0.21,M,BAYROU,François,250,6.23,7.58,M,DUPONT-AIGNAN,Nicolas,54,1.35,1.64,M,HOLLANDE,François,1092,27.23,33.11,HOLLANDE,1092,2012,1,,,,,,,,,,,,,,,,,,,,,,,
87,HAUTE VIENNE,23,SAINT-GERMAIN-LES-BELLES,5267,743,14.11,4524,85.89,100.0,1.9,2.21,4424,83.99,97.79,F,JOLY,Eva,101,1.92,2.28,F,LE PEN,Marine,809,15.36,18.29,M,SARKOZY,Nicolas,885,16.8,20.0,M,MÉLENCHON,Jean-Luc,586,11.13,13.25,M,POUTOU,Philippe,53,1.01,1.2,F,ARTHAUD,Nathalie,23,0.44,0.52,M,CHEMINADE,Jacques,6,0.11,0.14,M,BAYROU,François,360,6.84,8.14,M,DUPONT-AIGNAN,Nicolas,86,1.63,1.94,M,HOLLANDE,François,1515,28.76,34.25,HOLLANDE,1515,2012,1,,,,,,,,,,,,,,,,,,,,,,,
87,HAUTE VIENNE,24,SAINT-JUNIEN-EST,8925,1192,13.36,7733,86.64,186.0,2.08,2.41,7547,84.56,97.59,F,JOLY,Eva,136,1.52,1.8,F,LE PEN,Marine,1208,13.54,16.01,M,SARKOZY,Nicolas,1368,15.33,18.13,M,MÉLENCHON,Jean-Luc,1287,14.42,17.05,M,POUTOU,Philippe,69,0.77,0.91,F,ARTHAUD,Nathalie,53,0.59,0.7,M,CHEMINADE,Jacques,18,0.2,0.24,M,BAYROU,François,581,6.51,7.7,M,DUPONT-AIGNAN,Nicolas,120,1.34,1.59,M,HOLLANDE,François,2707,30.33,35.87,HOLLANDE,2707,2012,1,,,,,,,,,,,,,,,,,,,,,,,
87,HAUTE VIENNE,25,SAINT-LAURENT-SUR-GORRE,3715,487,13.11,3228,86.89,87.0,2.34,2.7,3141,84.55,97.3,F,JOLY,Eva,55,1.48,1.75,F,LE PEN,Marine,670,18.03,21.33,M,SARKOZY,Nicolas,591,15.91,18.82,M,MÉLENCHON,Jean-Luc,454,12.22,14.45,M,POUTOU,Philippe,51,1.37,1.62,F,ARTHAUD,Nathalie,22,0.59,0.7,M,CHEMINADE,Jacques,7,0.19,0.22,M,BAYROU,François,257,6.92,8.18,M,DUPONT-AIGNAN,Nicolas,49,1.32,1.56,M,HOLLANDE,François,985,26.51,31.36,HOLLANDE,985,2012,1,,,,,,,,,,,,,,,,,,,,,,,
87,HAUTE VIENNE,26,SAINT-LÉONARD-DE-NOBLAT,7927,1105,13.94,6822,86.06,148.0,1.87,2.17,6674,84.19,97.83,F,JOLY,Eva,106,1.34,1.59,F,LE PEN,Marine,1176,14.84,17.62,M,SARKOZY,Nicolas,1177,14.85,17.64,M,MÉLENCHON,Jean-Luc,1095,13.81,16.41,M,POUTOU,Philippe,79,1.0,1.18,F,ARTHAUD,Nathalie,59,0.74,0.88,M,CHEMINADE,Jacques,9,0.11,0.13,M,BAYROU,François,462,5.83,6.92,M,DUPONT-AIGNAN,Nicolas,106,1.34,1.59,M,HOLLANDE,François,2405,30.34,36.04,HOLLANDE,2405,2012,1,,,,,,,,,,,,,,,,,,,,,,,
87,HAUTE VIENNE,27,SAINT-MATHIEU,2484,403,16.22,2081,83.78,65.0,2.62,3.12,2016,81.16,96.88,F,JOLY,Eva,38,1.53,1.88,F,LE PEN,Marine,337,13.57,16.72,M,SARKOZY,Nicolas,445,17.91,22.07,M,MÉLENCHON,Jean-Luc,320,12.88,15.87,M,POUTOU,Philippe,23,0.93,1.14,F,ARTHAUD,Nathalie,17,0.68,0.84,M,CHEMINADE,Jacques,5,0.2,0.25,M,BAYROU,François,147,5.92,7.29,M,DUPONT-AIGNAN,Nicolas,28,1.13,1.39,M,HOLLANDE,François,656,26.41,32.54,HOLLANDE,656,2012,1,,,,,,,,,,,,,,,,,,,,,,,
87,HAUTE VIENNE,28,SAINT-SULPICE-LES-FEUILLES,3340,582,17.43,2758,82.57,91.0,2.72,3.3,2667,79.85,96.7,F,JOLY,Eva,19,0.57,0.71,F,LE PEN,Marine,515,15.42,19.31,M,SARKOZY,Nicolas,592,17.72,22.2,M,MÉLENCHON,Jean-Luc,368,11.02,13.8,M,POUTOU,Philippe,33,0.99,1.24,F,ARTHAUD,Nathalie,26,0.78,0.97,M,CHEMINADE,Jacques,8,0.24,0.3,M,BAYROU,François,216,6.47,8.1,M,DUPONT-AIGNAN,Nicolas,50,1.5,1.87,M,HOLLANDE,François,840,25.15,31.5,HOLLANDE,840,2012,1,,,,,,,,,,,,,,,,,,,,,,,
87,HAUTE VIENNE,29,SAINT-YRIEIX-LA-PERCHE,8411,1276,15.17,7135,84.83,198.0,2.35,2.78,6937,82.48,97.22,F,JOLY,Eva,81,0.96,1.17,F,LE PEN,Marine,1125,13.38,16.22,M,SARKOZY,Nicolas,1516,18.02,21.85,M,MÉLENCHON,Jean-Luc,781,9.29,11.26,M,POUTOU,Philippe,72,0.86,1.04,F,ARTHAUD,Nathalie,51,0.61,0.74,M,CHEMINADE,Jacques,18,0.21,0.26,M,BAYROU,François,501,5.96,7.22,M,DUPONT-AIGNAN,Nicolas,129,1.53,1.86,M,HOLLANDE,François,2663,31.66,38.39,HOLLANDE,2663,2012,1,,,,,,,,,,,,,,,,,,,,,,,
87,HAUTE VIENNE,30,LIMOGES-EMAILLEURS,8375,1705,20.36,6670,79.64,112.0,1.34,1.68,6558,78.3,98.32,F,JOLY,Eva,155,1.85,2.36,F,LE PEN,Marine,801,9.56,12.21,M,SARKOZY,Nicolas,2013,24.04,30.7,M,MÉLENCHON,Jean-Luc,696,8.31,10.61,M,POUTOU,Philippe,63,0.75,0.96,F,ARTHAUD,Nathalie,24,0.29,0.37,M,CHEMINADE,Jacques,19,0.23,0.29,M,BAYROU,François,580,6.93,8.84,M,DUPONT-AIGNAN,Nicolas,96,1.15,1.46,M,HOLLANDE,François,2111,25.21,32.19,HOLLANDE,2111,2012,1,,,,,,,,,,,,,,,,,,,,,,,
87,HAUTE VIENNE,31,LIMOGES-ISLE,9738,1405,14.43,8333,85.57,153.0,1.57,1.84,8180,84.0,98.16,F,JOLY,Eva,155,1.59,1.89,F,LE PEN,Marine,1040,10.68,12.71,M,SARKOZY,Nicolas,1630,16.74,19.93,M,MÉLENCHON,Jean-Luc,969,9.95,11.85,M,POUTOU,Philippe,82,0.84,1.0,F,ARTHAUD,Nathalie,40,0.41,0.49,M,CHEMINADE,Jacques,15,0.15,0.18,M,BAYROU,François,798,8.19,9.76,M,DUPONT-AIGNAN,Nicolas,136,1.4,1.66,M,HOLLANDE,François,3315,34.04,40.53,HOLLANDE,3315,2012,1,,,,,,,,,,,,,,,,,,,,,,,
87,HAUTE VIENNE,32,LIMOGES-LANDOUGE,8289,1384,16.7,6905,83.3,1101.0,13.28,15.94,5804,70.02,84.06,F,JOLY,Eva,103,1.24,1.77,F,LE PEN,Marine,967,11.67,16.66,M,SARKOZY,Nicolas,1004,12.11,17.3,M,MÉLENCHON,Jean-Luc,734,8.86,12.65,M,POUTOU,Philippe,53,0.64,0.91,F,ARTHAUD,Nathalie,28,0.34,0.48,M,CHEMINADE,Jacques,11,0.13,0.19,M,BAYROU,François,453,5.47,7.8,M,DUPONT-AIGNAN,Nicolas,75,0.9,1.29,M,HOLLANDE,François,2376,28.66,40.94,HOLLANDE,2376,2012,1,,,,,,,,,,,,,,,,,,,,,,,
87,HAUTE VIENNE,33,LIMOGES-COUZEIX,8357,1250,14.96,7107,85.04,172.0,2.06,2.42,6935,82.98,97.58,F,JOLY,Eva,107,1.28,1.54,F,LE PEN,Marine,1059,12.67,15.27,M,SARKOZY,Nicolas,1545,18.49,22.28,M,MÉLENCHON,Jean-Luc,850,10.17,12.26,M,POUTOU,Philippe,81,0.97,1.17,F,ARTHAUD,Nathalie,28,0.34,0.4,M,CHEMINADE,Jacques,17,0.2,0.25,M,BAYROU,François,663,7.93,9.56,M,DUPONT-AIGNAN,Nicolas,103,1.23,1.49,M,HOLLANDE,François,2482,29.7,35.79,HOLLANDE,2482,2012,1,,,,,,,,,,,,,,,,,,,,,,,
87,HAUTE VIENNE,34,LIMOGES-CITE,4010,804,20.05,3206,79.95,66.0,1.65,2.06,3140,78.3,97.94,F,JOLY,Eva,96,2.39,3.06,F,LE PEN,Marine,385,9.6,12.26,M,SARKOZY,Nicolas,738,18.4,23.5,M,MÉLENCHON,Jean-Luc,438,10.92,13.95,M,POUTOU,Philippe,35,0.87,1.11,F,ARTHAUD,Nathalie,18,0.45,0.57,M,CHEMINADE,Jacques,8,0.2,0.25,M,BAYROU,François,266,6.63,8.47,M,DUPONT-AIGNAN,Nicolas,40,1.0,1.27,M,HOLLANDE,François,1116,27.83,35.54,HOLLANDE,1116,2012,1,,,,,,,,,,,,,,,,,,,,,,,
87,HAUTE VIENNE,35,LIMOGES-LE-PALAIS,8433,1420,16.84,7013,83.16,136.0,1.61,1.94,6877,81.55,98.06,F,JOLY,Eva,101,1.2,1.47,F,LE PEN,Marine,1109,13.15,16.13,M,SARKOZY,Nicolas,1022,12.12,14.86,M,MÉLENCHON,Jean-Luc,1100,13.04,16.0,M,POUTOU,Philippe,77,0.91,1.12,F,ARTHAUD,Nathalie,30,0.36,0.44,M,CHEMINADE,Jacques,14,0.17,0.2,M,BAYROU,François,471,5.59,6.85,M,DUPONT-AIGNAN,Nicolas,110,1.3,1.6,M,HOLLANDE,François,2843,33.71,41.34,HOLLANDE,2843,2012,1,,,,,,,,,,,,,,,,,,,,,,,
87,HAUTE VIENNE,36,LIMOGES-CONDAT,13288,2110,15.88,11178,84.12,211.0,1.59,1.89,10967,82.53,98.11,F,JOLY,Eva,246,1.85,2.24,F,LE PEN,Marine,1583,11.91,14.43,M,SARKOZY,Nicolas,2410,18.14,21.98,M,MÉLENCHON,Jean-Luc,1474,11.09,13.44,M,POUTOU,Philippe,133,1.0,1.21,F,ARTHAUD,Nathalie,43,0.32,0.39,M,CHEMINADE,Jacques,35,0.26,0.32,M,BAYROU,François,996,7.5,9.08,M,DUPONT-AIGNAN,Nicolas,159,1.2,1.45,M,HOLLANDE,François,3888,29.26,35.45,HOLLANDE,3888,2012,1,,,,,,,,,,,,,,,,,,,,,,,
87,HAUTE VIENNE,37,LIMOGES-PANAZOL,16930,2190,12.94,14740,87.06,291.0,1.72,1.97,14449,85.35,98.03,F,JOLY,Eva,235,1.39,1.63,F,LE PEN,Marine,2197,12.98,15.21,M,SARKOZY,Nicolas,3061,18.08,21.18,M,MÉLENCHON,Jean-Luc,1753,10.35,12.13,M,POUTOU,Philippe,148,0.87,1.02,F,ARTHAUD,Nathalie,67,0.4,0.46,M,CHEMINADE,Jacques,35,0.21,0.24,M,BAYROU,François,1269,7.5,8.78,M,DUPONT-AIGNAN,Nicolas,217,1.28,1.5,M,HOLLANDE,François,5467,32.29,37.84,HOLLANDE,5467,2012,1,,,,,,,,,,,,,,,,,,,,,,,
87,HAUTE VIENNE,38,SAINT-JUNIEN-OUEST,6367,1026,16.11,5341,83.89,109.0,1.71,2.04,5232,82.17,97.96,F,JOLY,Eva,55,0.86,1.05,F,LE PEN,Marine,885,13.9,16.92,M,SARKOZY,Nicolas,924,14.51,17.66,M,MÉLENCHON,Jean-Luc,960,15.08,18.35,M,POUTOU,Philippe,65,1.02,1.24,F,ARTHAUD,Nathalie,55,0.86,1.05,M,CHEMINADE,Jacques,11,0.17,0.21,M,BAYROU,François,347,5.45,6.63,M,DUPONT-AIGNAN,Nicolas,81,1.27,1.55,M,HOLLANDE,François,1849,29.04,35.34,HOLLANDE,1849,2012,1,,,,,,,,,,,,,,,,,,,,,,,
87,HAUTE VIENNE,39,LIMOGES-CORGNAC,5069,981,19.35,4088,80.65,81.0,1.6,1.98,4007,79.05,98.02,F,JOLY,Eva,68,1.34,1.7,F,LE PEN,Marine,630,12.43,15.72,M,SARKOZY,Nicolas,712,14.05,17.77,M,MÉLENCHON,Jean-Luc,538,10.61,13.43,M,POUTOU,Philippe,44,0.87,1.1,F,ARTHAUD,Nathalie,33,0.65,0.82,M,CHEMINADE,Jacques,11,0.22,0.27,M,BAYROU,François,276,5.44,6.89,M,DUPONT-AIGNAN,Nicolas,53,1.05,1.32,M,HOLLANDE,François,1642,32.39,40.98,HOLLANDE,1642,2012,1,,,,,,,,,,,,,,,,,,,,,,,
87,HAUTE VIENNE,40,LIMOGES-PUY-LAS-RODAS,5605,1045,18.64,4560,81.36,89.0,1.59,1.95,4471,79.77,98.05,F,JOLY,Eva,89,1.59,1.99,F,LE PEN,Marine,559,9.97,12.5,M,SARKOZY,Nicolas,954,17.02,21.34,M,MÉLENCHON,Jean-Luc,573,10.22,12.82,M,POUTOU,Philippe,47,0.84,1.05,F,ARTHAUD,Nathalie,26,0.46,0.58,M,CHEMINADE,Jacques,10,0.18,0.22,M,BAYROU,François,406,7.24,9.08,M,DUPONT-AIGNAN,Nicolas,86,1.53,1.92,M,HOLLANDE,François,1721,30.7,38.49,HOLLANDE,1721,2012,1,,,,,,,,,,,,,,,,,,,,,,,
87,HAUTE VIENNE,41,LIMOGES-GRAND-TREUIL,4410,698,15.83,3712,84.17,92.0,2.09,2.48,3620,82.09,97.52,F,JOLY,Eva,93,2.11,2.57,F,LE PEN,Marine,501,11.36,13.84,M,SARKOZY,Nicolas,630,14.29,17.4,M,MÉLENCHON,Jean-Luc,502,11.38,13.87,M,POUTOU,Philippe,33,0.75,0.91,F,ARTHAUD,Nathalie,28,0.63,0.77,M,CHEMINADE,Jacques,11,0.25,0.3,M,BAYROU,François,291,6.6,8.04,M,DUPONT-AIGNAN,Nicolas,40,0.91,1.1,M,HOLLANDE,François,1491,33.81,41.19,HOLLANDE,1491,2012,1,,,,,,,,,,,,,,,,,,,,,,,
87,HAUTE VIENNE,42,LIMOGES-VIGENAL,6741,1322,19.61,5419,80.39,121.0,1.79,2.23,5298,78.59,97.77,F,JOLY,Eva,59,0.88,1.11,F,LE PEN,Marine,950,14.09,17.93,M,SARKOZY,Nicolas,839,12.45,15.84,M,MÉLENCHON,Jean-Luc,801,11.88,15.12,M,POUTOU,Philippe,70,1.04,1.32,F,ARTHAUD,Nathalie,54,0.8,1.02,M,CHEMINADE,Jacques,14,0.21,0.26,M,BAYROU,François,312,4.63,5.89,M,DUPONT-AIGNAN,Nicolas,67,0.99,1.26,M,HOLLANDE,François,2132,31.63,40.24,HOLLANDE,2132,2012,1,,,,,,,,,,,,,,,,,,,,,,,
16,Charente,1,Angoulême-1,12295,3449,28.05,8846,71.95,,,,8633,70.22,97.59,M,MACRON,Emmanuel,2297,18.68,26.61,M,MÉLENCHON,Jean-Luc,2003,16.29,23.2,M,FILLON,François,1641,13.35,19.01,F,LE PEN,Marine,1291,10.5,14.95,M,HAMON,Benoît,768,6.25,8.9,M,DUPONT-AIGNAN,Nicolas,290,2.36,3.36,M,LASSALLE,Jean,94,0.76,1.09,M,POUTOU,Philippe,92,0.75,1.07,M,ASSELINEAU,François,78,0.63,0.9,F,ARTHAUD,Nathalie,59,0.48,0.68,MACRON,2297,2017,1,129.0,1.05,1.46,84.0,0.68,0.95,3.0,9.0,11.0,2.0,4.0,1.0,8.0,6.0,10.0,5.0,7.0,M,CHEMINADE,Jacques,20.0,0.16,0.23
16,Charente,2,Angoulême-2,12737,3512,27.57,9225,72.43,,,,8996,70.63,97.52,M,MACRON,Emmanuel,2380,18.69,26.46,M,MÉLENCHON,Jean-Luc,2185,17.15,24.29,M,FILLON,François,1467,11.52,16.31,F,LE PEN,Marine,1438,11.29,15.98,M,HAMON,Benoît,790,6.2,8.78,M,DUPONT-AIGNAN,Nicolas,362,2.84,4.02,M,LASSALLE,Jean,109,0.86,1.21,M,POUTOU,Philippe,101,0.79,1.12,M,ASSELINEAU,François,77,0.6,0.86,F,ARTHAUD,Nathalie,61,0.48,0.68,MACRON,2380,2017,1,158.0,1.24,1.71,71.0,0.56,0.77,3.0,9.0,11.0,2.0,4.0,1.0,8.0,6.0,10.0,5.0,7.0,M,CHEMINADE,Jacques,26.0,0.2,0.29
16,Charente,3,Angoulême-3,14409,3896,27.04,10513,72.96,,,,10294,71.44,97.92,M,MACRON,Emmanuel,2891,20.06,28.08,M,MÉLENCHON,Jean-Luc,2355,16.34,22.88,M,FILLON,François,1858,12.89,18.05,F,LE PEN,Marine,1514,10.51,14.71,M,HAMON,Benoît,911,6.32,8.85,M,DUPONT-AIGNAN,Nicolas,380,2.64,3.69,M,POUTOU,Philippe,116,0.81,1.13,M,LASSALLE,Jean,99,0.69,0.96,M,ASSELINEAU,François,90,0.62,0.87,F,ARTHAUD,Nathalie,63,0.44,0.61,MACRON,2891,2017,1,148.0,1.03,1.41,71.0,0.49,0.68,3.0,9.0,11.0,2.0,4.0,1.0,6.0,8.0,10.0,5.0,7.0,M,CHEMINADE,Jacques,17.0,0.12,0.17
16,Charente,4,Boëme-Echelle,14236,2442,17.15,11794,82.85,,,,11470,80.57,97.25,M,MACRON,Emmanuel,2843,19.97,24.79,F,LE PEN,Marine,2736,19.22,23.85,M,MÉLENCHON,Jean-Luc,2429,17.06,21.18,M,FILLON,François,1701,11.95,14.83,M,HAMON,Benoît,690,4.85,6.02,M,DUPONT-AIGNAN,Nicolas,592,4.16,5.16,M,LASSALLE,Jean,158,1.11,1.38,M,POUTOU,Philippe,124,0.87,1.08,M,ASSELINEAU,François,116,0.81,1.01,F,ARTHAUD,Nathalie,60,0.42,0.52,MACRON,2843,2017,1,229.0,1.61,1.94,95.0,0.67,0.81,3.0,2.0,9.0,11.0,4.0,1.0,8.0,6.0,10.0,5.0,7.0,M,CHEMINADE,Jacques,21.0,0.15,0.18
16,Charente,5,Boixe-et-Manslois,13256,2411,18.19,10845,81.81,,,,10499,79.2,96.81,F,LE PEN,Marine,2827,21.33,26.93,M,MACRON,Emmanuel,2230,16.82,21.24,M,MÉLENCHON,Jean-Luc,2116,15.96,20.15,M,FILLON,François,1637,12.35,15.59,M,DUPONT-AIGNAN,Nicolas,575,4.34,5.48,M,HAMON,Benoît,572,4.32,5.45,M,LASSALLE,Jean,168,1.27,1.6,M,POUTOU,Philippe,161,1.21,1.53,F,ARTHAUD,Nathalie,103,0.78,0.98,M,ASSELINEAU,François,95,0.72,0.9,LE PEN,2827,2017,1,192.0,1.45,1.77,154.0,1.16,1.42,2.0,3.0,9.0,11.0,1.0,4.0,8.0,6.0,5.0,10.0,7.0,M,CHEMINADE,Jacques,15.0,0.11,0.14
16,Charente,6,Charente-Bonnieure,12930,2791,21.59,10139,78.41,,,,9806,75.84,96.72,M,MÉLENCHON,Jean-Luc,2234,17.28,22.78,M,MACRON,Emmanuel,2208,17.08,22.52,F,LE PEN,Marine,2172,16.8,22.15,M,FILLON,François,1448,11.2,14.77,M,DUPONT-AIGNAN,Nicolas,580,4.49,5.91,M,HAMON,Benoît,578,4.47,5.89,M,LASSALLE,Jean,221,1.71,2.25,M,POUTOU,Philippe,159,1.23,1.62,F,ARTHAUD,Nathalie,111,0.86,1.13,M,ASSELINEAU,François,67,0.52,0.68,MÉLENCHON,2234,2017,1,174.0,1.35,1.72,159.0,1.23,1.57,9.0,3.0,2.0,11.0,1.0,4.0,8.0,6.0,5.0,10.0,7.0,M,CHEMINADE,Jacques,28.0,0.22,0.29
16,Charente,7,Charente-Champagne,13209,2662,20.15,10547,79.85,,,,10252,77.61,97.2,F,LE PEN,Marine,2481,18.78,24.2,M,MACRON,Emmanuel,2319,17.56,22.62,M,FILLON,François,2188,16.56,21.34,M,MÉLENCHON,Jean-Luc,1678,12.7,16.37,M,DUPONT-AIGNAN,Nicolas,567,4.29,5.53,M,HAMON,Benoît,519,3.93,5.06,M,LASSALLE,Jean,157,1.19,1.53,M,POUTOU,Philippe,141,1.07,1.38,F,ARTHAUD,Nathalie,86,0.65,0.84,M,ASSELINEAU,François,85,0.64,0.83,LE PEN,2481,2017,1,167.0,1.26,1.58,128.0,0.97,1.21,2.0,3.0,11.0,9.0,1.0,4.0,8.0,6.0,5.0,10.0,7.0,M,CHEMINADE,Jacques,31.0,0.23,0.3
16,Charente,8,Charente-Nord,14240,3033,21.3,11207,78.7,,,,10820,75.98,96.55,M,MACRON,Emmanuel,2570,18.05,23.75,F,LE PEN,Marine,2408,16.91,22.26,M,MÉLENCHON,Jean-Luc,2138,15.01,19.76,M,FILLON,François,1997,14.02,18.46,M,HAMON,Benoît,594,4.17,5.49,M,DUPONT-AIGNAN,Nicolas,543,3.81,5.02,M,LASSALLE,Jean,200,1.4,1.85,M,POUTOU,Philippe,181,1.27,1.67,F,ARTHAUD,Nathalie,99,0.7,0.91,M,ASSELINEAU,François,69,0.48,0.64,MACRON,2570,2017,1,244.0,1.71,2.18,143.0,1.0,1.28,3.0,2.0,9.0,11.0,4.0,1.0,8.0,6.0,5.0,10.0,7.0,M,CHEMINADE,Jacques,21.0,0.15,0.19
16,Charente,9,Charente-Sud,14908,2979,19.98,11929,80.02,,,,11561,77.55,96.92,M,MACRON,Emmanuel,2724,18.27,23.56,F,LE PEN,Marine,2695,18.08,23.31,M,FILLON,François,2197,14.74,19.0,M,MÉLENCHON,Jean-Luc,2081,13.96,18.0,M,DUPONT-AIGNAN,Nicolas,675,4.53,5.84,M,HAMON,Benoît,608,4.08,5.26,M,LASSALLE,Jean,208,1.4,1.8,M,POUTOU,Philippe,172,1.15,1.49,F,ARTHAUD,Nathalie,91,0.61,0.79,M,ASSELINEAU,François,83,0.56,0.72,MACRON,2724,2017,1,231.0,1.55,1.94,137.0,0.92,1.15,3.0,2.0,11.0,9.0,1.0,4.0,8.0,6.0,5.0,10.0,7.0,M,CHEMINADE,Jacques,27.0,0.18,0.23
16,Charente,10,Charente-Vienne,13967,2705,19.37,11262,80.63,,,,10827,77.52,96.14,M,MÉLENCHON,Jean-Luc,2637,18.88,24.36,M,MACRON,Emmanuel,2548,18.24,23.53,F,LE PEN,Marine,2291,16.4,21.16,M,FILLON,François,1604,11.48,14.81,M,DUPONT-AIGNAN,Nicolas,592,4.24,5.47,M,HAMON,Benoît,559,4.0,5.16,M,POUTOU,Philippe,192,1.37,1.77,M,LASSALLE,Jean,187,1.34,1.73,F,ARTHAUD,Nathalie,129,0.92,1.19,M,ASSELINEAU,François,60,0.43,0.55,MÉLENCHON,2637,2017,1,250.0,1.79,2.22,185.0,1.32,1.64,9.0,3.0,2.0,11.0,1.0,4.0,6.0,8.0,5.0,10.0,7.0,M,CHEMINADE,Jacques,28.0,0.2,0.26
16,Charente,11,Cognac-1,12524,2669,21.31,9855,78.69,,,,9611,76.74,97.52,M,MACRON,Emmanuel,2448,19.55,25.47,M,FILLON,François,2075,16.57,21.59,F,LE PEN,Marine,1948,15.55,20.27,M,MÉLENCHON,Jean-Luc,1741,13.9,18.11,M,HAMON,Benoît,557,4.45,5.8,M,DUPONT-AIGNAN,Nicolas,445,3.55,4.63,M,LASSALLE,Jean,122,0.97,1.27,M,POUTOU,Philippe,107,0.85,1.11,F,ARTHAUD,Nathalie,83,0.66,0.86,M,ASSELINEAU,François,60,0.48,0.62,MACRON,2448,2017,1,176.0,1.41,1.79,68.0,0.54,0.69,3.0,11.0,2.0,9.0,4.0,1.0,8.0,6.0,5.0,10.0,7.0,M,CHEMINADE,Jacques,25.0,0.2,0.26
16,Charente,12,Cognac-2,12200,3049,24.99,9151,75.01,,,,8923,73.14,97.51,M,MACRON,Emmanuel,2276,18.66,25.51,F,LE PEN,Marine,1886,15.46,21.14,M,MÉLENCHON,Jean-Luc,1723,14.12,19.31,M,FILLON,François,1652,13.54,18.51,M,HAMON,Benoît,531,4.35,5.95,M,DUPONT-AIGNAN,Nicolas,473,3.88,5.3,M,POUTOU,Philippe,123,1.01,1.38,M,LASSALLE,Jean,108,0.89,1.21,F,ARTHAUD,Nathalie,64,0.52,0.72,M,ASSELINEAU,François,63,0.52,0.71,MACRON,2276,2017,1,163.0,1.34,1.78,65.0,0.53,0.71,3.0,2.0,9.0,11.0,4.0,1.0,6.0,8.0,5.0,10.0,7.0,M,CHEMINADE,Jacques,24.0,0.2,0.27
16,Charente,13,La Couronne,11093,2413,21.75,8680,78.25,,,,8440,76.08,97.24,M,MACRON,Emmanuel,2327,20.98,27.57,M,MÉLENCHON,Jean-Luc,1812,16.33,21.47,F,LE PEN,Marine,1741,15.69,20.63,M,FILLON,François,1196,10.78,14.17,M,HAMON,Benoît,618,5.57,7.32,M,DUPONT-AIGNAN,Nicolas,368,3.32,4.36,M,POUTOU,Philippe,134,1.21,1.59,M,LASSALLE,Jean,106,0.96,1.26,M,ASSELINEAU,François,68,0.61,0.81,F,ARTHAUD,Nathalie,58,0.52,0.69,MACRON,2327,2017,1,139.0,1.25,1.6,101.0,0.91,1.16,3.0,9.0,2.0,11.0,4.0,1.0,6.0,8.0,10.0,5.0,7.0,M,CHEMINADE,Jacques,12.0,0.11,0.14
16,Charente,14,Gond-Pontouvre,14900,2760,18.52,12140,81.48,,,,11806,79.23,97.25,M,MACRON,Emmanuel,3431,23.03,29.06,M,MÉLENCHON,Jean-Luc,2397,16.09,20.3,F,LE PEN,Marine,2190,14.7,18.55,M,FILLON,François,1953,13.11,16.54,M,HAMON,Benoît,791,5.31,6.7,M,DUPONT-AIGNAN,Nicolas,535,3.59,4.53,M,LASSALLE,Jean,183,1.23,1.55,M,POUTOU,Philippe,122,0.82,1.03,M,ASSELINEAU,François,107,0.72,0.91,F,ARTHAUD,Nathalie,73,0.49,0.62,MACRON,3431,2017,1,240.0,1.61,1.98,94.0,0.63,0.77,3.0,9.0,2.0,11.0,4.0,1.0,8.0,6.0,10.0,5.0,7.0,M,CHEMINADE,Jacques,24.0,0.16,0.2
16,Charente,15,Jarnac,12074,2362,19.56,9712,80.44,,,,9448,78.25,97.28,M,MACRON,Emmanuel,2298,19.03,24.32,F,LE PEN,Marine,2242,18.57,23.73,M,FILLON,François,1800,14.91,19.05,M,MÉLENCHON,Jean-Luc,1615,13.38,17.09,M,DUPONT-AIGNAN,Nicolas,566,4.69,5.99,M,HAMON,Benoît,516,4.27,5.46,M,LASSALLE,Jean,132,1.09,1.4,M,POUTOU,Philippe,116,0.96,1.23,F,ARTHAUD,Nathalie,76,0.63,0.8,M,ASSELINEAU,François,67,0.55,0.71,MACRON,2298,2017,1,168.0,1.39,1.73,96.0,0.8,0.99,3.0,2.0,11.0,9.0,1.0,4.0,8.0,6.0,5.0,10.0,7.0,M,CHEMINADE,Jacques,20.0,0.17,0.21
16,Charente,16,Touvre-et-Braconne,14668,3108,21.19,11560,78.81,,,,11250,76.7,97.32,M,MACRON,Emmanuel,3141,21.41,27.92,M,MÉLENCHON,Jean-Luc,2713,18.5,24.12,F,LE PEN,Marine,2117,14.43,18.82,M,FILLON,François,1396,9.52,12.41,M,HAMON,Benoît,810,5.52,7.2,M,DUPONT-AIGNAN,Nicolas,524,3.57,4.66,M,LASSALLE,Jean,168,1.15,1.49,M,POUTOU,Philippe,145,0.99,1.29,F,ARTHAUD,Nathalie,108,0.74,0.96,M,ASSELINEAU,François,107,0.73,0.95,MACRON,3141,2017,1,187.0,1.27,1.62,123.0,0.84,1.06,3.0,9.0,2.0,11.0,4.0,1.0,8.0,6.0,5.0,10.0,7.0,M,CHEMINADE,Jacques,21.0,0.14,0.19
16,Charente,17,Tude-et-Lavalette,13370,2645,19.78,10725,80.22,,,,10403,77.81,97.0,F,LE PEN,Marine,2571,19.23,24.71,M,MACRON,Emmanuel,2337,17.48,22.46,M,MÉLENCHON,Jean-Luc,1910,14.29,18.36,M,FILLON,François,1863,13.93,17.91,M,HAMON,Benoît,590,4.41,5.67,M,DUPONT-AIGNAN,Nicolas,539,4.03,5.18,M,LASSALLE,Jean,242,1.81,2.33,M,POUTOU,Philippe,158,1.18,1.52,F,ARTHAUD,Nathalie,100,0.75,0.96,M,ASSELINEAU,François,70,0.52,0.67,LE PEN,2571,2017,1,190.0,1.42,1.77,132.0,0.99,1.23,2.0,3.0,9.0,11.0,4.0,1.0,8.0,6.0,5.0,10.0,7.0,M,CHEMINADE,Jacques,23.0,0.17,0.22
16,Charente,18,Val de Nouère,16150,2979,18.45,13171,81.55,,,,12777,79.11,97.01,M,MACRON,Emmanuel,3256,20.16,25.48,F,LE PEN,Marine,3055,18.92,23.91,M,MÉLENCHON,Jean-Luc,2376,14.71,18.6,M,FILLON,François,2050,12.69,16.04,M,HAMON,Benoît,818,5.07,6.4,M,DUPONT-AIGNAN,Nicolas,659,4.08,5.16,M,LASSALLE,Jean,175,1.08,1.37,M,POUTOU,Philippe,169,1.05,1.32,F,ARTHAUD,Nathalie,105,0.65,0.82,M,ASSELINEAU,François,81,0.5,0.63,MACRON,3256,2017,1,235.0,1.46,1.78,159.0,0.98,1.21,3.0,2.0,9.0,11.0,4.0,1.0,8.0,6.0,5.0,10.0,7.0,M,CHEMINADE,Jacques,33.0,0.2,0.26
16,Charente,19,Val de Tardoire,16788,3115,18.55,13673,81.45,,,,13197,78.61,96.52,M,MACRON,Emmanuel,3365,20.04,25.5,F,LE PEN,Marine,2995,17.84,22.69,M,MÉLENCHON,Jean-Luc,2612,15.56,19.79,M,FILLON,François,2021,12.04,15.31,M,HAMON,Benoît,749,4.46,5.68,M,DUPONT-AIGNAN,Nicolas,743,4.43,5.63,M,LASSALLE,Jean,248,1.48,1.88,M,POUTOU,Philippe,211,1.26,1.6,F,ARTHAUD,Nathalie,122,0.73,0.92,M,ASSELINEAU,François,97,0.58,0.74,MACRON,3365,2017,1,316.0,1.88,2.31,160.0,0.95,1.17,3.0,2.0,9.0,11.0,4.0,1.0,8.0,6.0,5.0,10.0,7.0,M,CHEMINADE,Jacques,34.0,0.2,0.26
17,Charente-Maritime,1,Aytré,20968,3810,18.17,17158,81.83,,,,16746,79.86,97.6,M,MACRON,Emmanuel,5027,23.97,30.02,M,MÉLENCHON,Jean-Luc,3743,17.85,22.35,M,FILLON,François,3009,14.35,17.97,F,LE PEN,Marine,2336,11.14,13.95,M,HAMON,Benoît,1215,5.79,7.26,M,DUPONT-AIGNAN,Nicolas,815,3.89,4.87,M,LASSALLE,Jean,194,0.93,1.16,M,POUTOU,Philippe,187,0.89,1.12,M,ASSELINEAU,François,114,0.54,0.68,F,ARTHAUD,Nathalie,84,0.4,0.5,MACRON,5027,2017,1,310.0,1.48,1.81,102.0,0.49,0.59,3.0,9.0,11.0,2.0,4.0,1.0,8.0,6.0,10.0,5.0,7.0,M,CHEMINADE,Jacques,22.0,0.1,0.13
17,Charente-Maritime,2,Chaniers,17270,2878,16.66,14392,83.34,,,,13774,79.76,95.71,F,LE PEN,Marine,3225,18.67,23.41,M,MACRON,Emmanuel,3106,17.98,22.55,M,MÉLENCHON,Jean-Luc,2798,16.2,20.31,M,FILLON,François,2408,13.94,17.48,M,DUPONT-AIGNAN,Nicolas,801,4.64,5.82,M,HAMON,Benoît,799,4.63,5.8,M,LASSALLE,Jean,195,1.13,1.42,M,POUTOU,Philippe,183,1.06,1.33,M,ASSELINEAU,François,125,0.72,0.91,F,ARTHAUD,Nathalie,102,0.59,0.74,LE PEN,3225,2017,1,294.0,1.7,2.04,324.0,1.88,2.25,2.0,3.0,9.0,11.0,1.0,4.0,8.0,6.0,10.0,5.0,7.0,M,CHEMINADE,Jacques,32.0,0.19,0.23
17,Charente-Maritime,3,Châtelaillon-Plage,18211,3347,18.38,14864,81.62,,,,14557,79.94,97.93,M,MACRON,Emmanuel,4018,22.06,27.6,M,FILLON,François,3538,19.43,24.3,M,MÉLENCHON,Jean-Luc,2574,14.13,17.68,F,LE PEN,Marine,2447,13.44,16.81,M,HAMON,Benoît,779,4.28,5.35,M,DUPONT-AIGNAN,Nicolas,700,3.84,4.81,M,LASSALLE,Jean,164,0.9,1.13,M,POUTOU,Philippe,149,0.82,1.02,M,ASSELINEAU,François,96,0.53,0.66,F,ARTHAUD,Nathalie,66,0.36,0.45,MACRON,4018,2017,1,230.0,1.26,1.55,77.0,0.42,0.52,3.0,11.0,9.0,2.0,4.0,1.0,8.0,6.0,10.0,5.0,7.0,M,CHEMINADE,Jacques,26.0,0.14,0.18
17,Charente-Maritime,4,Ile d'Oléron,19704,3945,20.02,15759,79.98,,,,15410,78.21,97.79,M,FILLON,François,3794,19.25,24.62,F,LE PEN,Marine,3432,17.42,22.27,M,MACRON,Emmanuel,3118,15.82,20.23,M,MÉLENCHON,Jean-Luc,2841,14.42,18.44,M,DUPONT-AIGNAN,Nicolas,809,4.11,5.25,M,HAMON,Benoît,779,3.95,5.06,M,POUTOU,Philippe,200,1.02,1.3,M,LASSALLE,Jean,198,1.0,1.28,M,ASSELINEAU,François,121,0.61,0.79,F,ARTHAUD,Nathalie,87,0.44,0.56,FILLON,3794,2017,1,244.0,1.24,1.55,105.0,0.53,0.67,11.0,2.0,3.0,9.0,1.0,4.0,6.0,8.0,10.0,5.0,7.0,M,CHEMINADE,Jacques,31.0,0.16,0.2
17,Charente-Maritime,5,Ile de Ré,16020,2825,17.63,13195,82.37,,,,12928,80.7,97.98,M,FILLON,François,4601,28.72,35.59,M,MACRON,Emmanuel,3370,21.04,26.07,M,MÉLENCHON,Jean-Luc,1734,10.82,13.41,F,LE PEN,Marine,1728,10.79,13.37,M,HAMON,Benoît,593,3.7,4.59,M,DUPONT-AIGNAN,Nicolas,501,3.13,3.88,M,LASSALLE,Jean,158,0.99,1.22,M,POUTOU,Philippe,94,0.59,0.73,M,ASSELINEAU,François,85,0.53,0.66,F,ARTHAUD,Nathalie,42,0.26,0.32,FILLON,4601,2017,1,206.0,1.29,1.56,61.0,0.38,0.46,11.0,3.0,9.0,2.0,4.0,1.0,8.0,6.0,10.0,5.0,7.0,M,CHEMINADE,Jacques,22.0,0.14,0.17
17,Charente-Maritime,6,La Jarrie,18832,3344,17.76,15488,82.24,,,,15101,80.19,97.5,M,MACRON,Emmanuel,4143,22.0,27.44,M,MÉLENCHON,Jean-Luc,3488,18.52,23.1,F,LE PEN,Marine,2637,14.0,17.46,M,FILLON,François,2405,12.77,15.93,M,HAMON,Benoît,977,5.19,6.47,M,DUPONT-AIGNAN,Nicolas,838,4.45,5.55,M,LASSALLE,Jean,204,1.08,1.35,M,POUTOU,Philippe,186,0.99,1.23,M,ASSELINEAU,François,110,0.58,0.73,F,ARTHAUD,Nathalie,94,0.5,0.62,MACRON,4143,2017,1,284.0,1.51,1.83,103.0,0.55,0.67,3.0,9.0,2.0,11.0,4.0,1.0,8.0,6.0,10.0,5.0,7.0,M,CHEMINADE,Jacques,19.0,0.1,0.13
17,Charente-Maritime,7,Jonzac,15928,3223,20.23,12705,79.77,,,,12328,77.4,97.03,M,MACRON,Emmanuel,2923,18.35,23.71,F,LE PEN,Marine,2892,18.16,23.46,M,FILLON,François,2455,15.41,19.91,M,MÉLENCHON,Jean-Luc,2085,13.09,16.91,M,DUPONT-AIGNAN,Nicolas,737,4.63,5.98,M,HAMON,Benoît,633,3.97,5.13,M,LASSALLE,Jean,217,1.36,1.76,M,POUTOU,Philippe,168,1.05,1.36,M,ASSELINEAU,François,112,0.7,0.91,F,ARTHAUD,Nathalie,84,0.53,0.68,MACRON,2923,2017,1,241.0,1.51,1.9,136.0,0.85,1.07,3.0,2.0,11.0,9.0,1.0,4.0,8.0,6.0,10.0,5.0,7.0,M,CHEMINADE,Jacques,22.0,0.14,0.18
17,Charente-Maritime,8,Lagord,21281,3905,18.35,17376,81.65,,,,17016,79.96,97.93,M,MACRON,Emmanuel,5087,23.9,29.9,M,FILLON,François,3665,17.22,21.54,M,MÉLENCHON,Jean-Luc,3356,15.77,19.72,F,LE PEN,Marine,2461,11.56,14.46,M,HAMON,Benoît,1144,5.38,6.72,M,DUPONT-AIGNAN,Nicolas,776,3.65,4.56,M,LASSALLE,Jean,176,0.83,1.03,M,POUTOU,Philippe,145,0.68,0.85,M,ASSELINEAU,François,98,0.46,0.58,F,ARTHAUD,Nathalie,81,0.38,0.48,MACRON,5087,2017,1,272.0,1.28,1.57,88.0,0.41,0.51,3.0,11.0,9.0,2.0,4.0,1.0,8.0,6.0,10.0,5.0,7.0,M,CHEMINADE,Jacques,27.0,0.13,0.16
17,Charente-Maritime,9,Marans,20583,3819,18.55,16764,81.45,,,,16207,78.74,96.68,F,LE PEN,Marine,3951,19.2,24.38,M,MACRON,Emmanuel,3599,17.49,22.21,M,MÉLENCHON,Jean-Luc,3308,16.07,20.41,M,FILLON,François,2639,12.82,16.28,M,DUPONT-AIGNAN,Nicolas,993,4.82,6.13,M,HAMON,Benoît,928,4.51,5.73,M,POUTOU,Philippe,284,1.38,1.75,M,LASSALLE,Jean,252,1.22,1.55,F,ARTHAUD,Nathalie,129,0.63,0.8,M,ASSELINEAU,François,98,0.48,0.6,LE PEN,3951,2017,1,399.0,1.94,2.38,158.0,0.77,0.94,2.0,3.0,9.0,11.0,1.0,4.0,6.0,8.0,5.0,10.0,7.0,M,CHEMINADE,Jacques,26.0,0.13,0.16
17,Charente-Maritime,10,Marennes,16467,3384,20.55,13083,79.45,,,,12739,77.36,97.37,F,LE PEN,Marine,3660,22.23,28.73,M,FILLON,François,2392,14.53,18.78,M,MACRON,Emmanuel,2388,14.5,18.75,M,MÉLENCHON,Jean-Luc,2222,13.49,17.44,M,DUPONT-AIGNAN,Nicolas,819,4.97,6.43,M,HAMON,Benoît,668,4.06,5.24,M,LASSALLE,Jean,206,1.25,1.62,M,POUTOU,Philippe,163,0.99,1.28,F,ARTHAUD,Nathalie,102,0.62,0.8,M,ASSELINEAU,François,102,0.62,0.8,LE PEN,3660,2017,1,256.0,1.55,1.96,88.0,0.53,0.67,2.0,11.0,3.0,9.0,1.0,4.0,8.0,6.0,5.0,10.0,7.0,M,CHEMINADE,Jacques,17.0,0.1,0.13
17,Charente-Maritime,11,Matha,16475,3344,20.3,13131,79.7,,,,12710,77.15,96.79,F,LE PEN,Marine,3299,20.02,25.96,M,MACRON,Emmanuel,2717,16.49,21.38,M,FILLON,François,2456,14.91,19.32,M,MÉLENCHON,Jean-Luc,2129,12.92,16.75,M,DUPONT-AIGNAN,Nicolas,756,4.59,5.95,M,HAMON,Benoît,676,4.1,5.32,M,LASSALLE,Jean,208,1.26,1.64,M,POUTOU,Philippe,194,1.18,1.53,F,ARTHAUD,Nathalie,152,0.92,1.2,M,ASSELINEAU,François,95,0.58,0.75,LE PEN,3299,2017,1,232.0,1.41,1.77,189.0,1.15,1.44,2.0,3.0,11.0,9.0,1.0,4.0,8.0,6.0,5.0,10.0,7.0,M,CHEMINADE,Jacques,28.0,0.17,0.22
17,Charente-Maritime,12,Pons,16163,3346,20.7,12817,79.3,,,,12459,77.08,97.21,F,LE PEN,Marine,3552,21.98,28.51,M,FILLON,François,2515,15.56,20.19,M,MACRON,Emmanuel,2398,14.84,19.25,M,MÉLENCHON,Jean-Luc,2014,12.46,16.17,M,DUPONT-AIGNAN,Nicolas,741,4.58,5.95,M,HAMON,Benoît,560,3.46,4.49,M,LASSALLE,Jean,252,1.56,2.02,M,POUTOU,Philippe,184,1.14,1.48,F,ARTHAUD,Nathalie,109,0.67,0.87,M,ASSELINEAU,François,102,0.63,0.82,LE PEN,3552,2017,1,224.0,1.39,1.75,134.0,0.83,1.05,2.0,11.0,3.0,9.0,1.0,4.0,8.0,6.0,5.0,10.0,7.0,M,CHEMINADE,Jacques,32.0,0.2,0.26
17,Charente-Maritime,13,Rochefort,17508,4645,26.53,12863,73.47,,,,12587,71.89,97.85,M,MACRON,Emmanuel,3127,17.86,24.84,M,MÉLENCHON,Jean-Luc,2727,15.58,21.67,F,LE PEN,Marine,2431,13.89,19.31,M,FILLON,François,2212,12.63,17.57,M,HAMON,Benoît,927,5.29,7.36,M,DUPONT-AIGNAN,Nicolas,601,3.43,4.77,M,LASSALLE,Jean,176,1.01,1.4,M,POUTOU,Philippe,165,0.94,1.31,F,ARTHAUD,Nathalie,108,0.62,0.86,M,ASSELINEAU,François,96,0.55,0.76,MACRON,3127,2017,1,208.0,1.19,1.62,68.0,0.39,0.53,3.0,9.0,2.0,11.0,4.0,1.0,8.0,6.0,5.0,10.0,7.0,M,CHEMINADE,Jacques,17.0,0.1,0.14
17,Charente-Maritime,14,La Rochelle-1,18126,5066,27.95,13060,72.05,,,,12814,70.69,98.12,M,MÉLENCHON,Jean-Luc,3438,18.97,26.83,M,MACRON,Emmanuel,3405,18.79,26.57,F,LE PEN,Marine,2083,11.49,16.26,M,FILLON,François,1786,9.85,13.94,M,HAMON,Benoît,1175,6.48,9.17,M,DUPONT-AIGNAN,Nicolas,380,2.1,2.97,M,POUTOU,Philippe,173,0.95,1.35,M,LASSALLE,Jean,137,0.76,1.07,M,ASSELINEAU,François,128,0.71,1.0,F,ARTHAUD,Nathalie,84,0.46,0.66,MÉLENCHON,3438,2017,1,176.0,0.97,1.35,70.0,0.39,0.54,9.0,3.0,2.0,11.0,4.0,1.0,6.0,8.0,10.0,5.0,7.0,M,CHEMINADE,Jacques,25.0,0.14,0.2
17,Charente-Maritime,15,La Rochelle-2,15975,3495,21.88,12480,78.12,,,,12309,77.05,98.63,M,MACRON,Emmanuel,3943,24.68,32.03,M,FILLON,François,3275,20.5,26.61,M,MÉLENCHON,Jean-Luc,2438,15.26,19.81,M,HAMON,Benoît,1070,6.7,8.69,F,LE PEN,Marine,872,5.46,7.08,M,DUPONT-AIGNAN,Nicolas,318,1.99,2.58,M,LASSALLE,Jean,114,0.71,0.93,M,POUTOU,Philippe,112,0.7,0.91,M,ASSELINEAU,François,108,0.68,0.88,F,ARTHAUD,Nathalie,38,0.24,0.31,MACRON,3943,2017,1,126.0,0.79,1.01,45.0,0.28,0.36,3.0,11.0,9.0,4.0,2.0,1.0,8.0,6.0,10.0,5.0,7.0,M,CHEMINADE,Jacques,21.0,0.13,0.17
17,Charente-Maritime,16,La Rochelle-3,16804,4084,24.3,12720,75.7,,,,12476,74.24,98.08,M,MACRON,Emmanuel,3590,21.36,28.78,M,MÉLENCHON,Jean-Luc,3273,19.48,26.23,M,FILLON,François,2020,12.02,16.19,F,LE PEN,Marine,1591,9.47,12.75,M,HAMON,Benoît,1130,6.72,9.06,M,DUPONT-AIGNAN,Nicolas,377,2.24,3.02,M,POUTOU,Philippe,144,0.86,1.15,M,ASSELINEAU,François,130,0.77,1.04,M,LASSALLE,Jean,119,0.71,0.95,F,ARTHAUD,Nathalie,77,0.46,0.62,MACRON,3590,2017,1,185.0,1.1,1.45,59.0,0.35,0.46,3.0,9.0,11.0,2.0,4.0,1.0,6.0,10.0,8.0,5.0,7.0,M,CHEMINADE,Jacques,25.0,0.15,0.2
17,Charente-Maritime,17,Royan,23764,4699,19.77,19065,80.23,,,,18697,78.68,98.07,M,FILLON,François,6192,26.06,33.12,M,MACRON,Emmanuel,4754,20.01,25.43,F,LE PEN,Marine,3138,13.2,16.78,M,MÉLENCHON,Jean-Luc,2347,9.88,12.55,M,DUPONT-AIGNAN,Nicolas,928,3.91,4.96,M,HAMON,Benoît,765,3.22,4.09,M,LASSALLE,Jean,209,0.88,1.12,M,POUTOU,Philippe,136,0.57,0.73,M,ASSELINEAU,François,126,0.53,0.67,F,ARTHAUD,Nathalie,82,0.35,0.44,FILLON,6192,2017,1,251.0,1.06,1.32,117.0,0.49,0.61,11.0,3.0,2.0,9.0,1.0,4.0,8.0,6.0,10.0,5.0,7.0,M,CHEMINADE,Jacques,20.0,0.08,0.11
17,Charente-Maritime,18,Saint-Jean-d'Angély,20711,4748,22.93,15963,77.07,,,,15509,74.88,97.16,F,LE PEN,Marine,3905,18.85,25.18,M,MACRON,Emmanuel,3207,15.48,20.68,M,MÉLENCHON,Jean-Luc,3084,14.89,19.89,M,FILLON,François,2827,13.65,18.23,M,DUPONT-AIGNAN,Nicolas,907,4.38,5.85,M,HAMON,Benoît,819,3.95,5.28,M,POUTOU,Philippe,230,1.11,1.48,M,LASSALLE,Jean,224,1.08,1.44,M,ASSELINEAU,François,141,0.68,0.91,F,ARTHAUD,Nathalie,128,0.62,0.83,LE PEN,3905,2017,1,304.0,1.47,1.9,150.0,0.72,0.94,2.0,3.0,9.0,11.0,1.0,4.0,6.0,8.0,10.0,5.0,7.0,M,CHEMINADE,Jacques,37.0,0.18,0.24
17,Charente-Maritime,19,Saint-Porchaire,14895,2587,17.37,12308,82.63,,,,11959,80.29,97.16,F,LE PEN,Marine,3177,21.33,26.57,M,MACRON,Emmanuel,2578,17.31,21.56,M,FILLON,François,2247,15.09,18.79,M,MÉLENCHON,Jean-Luc,2034,13.66,17.01,M,DUPONT-AIGNAN,Nicolas,801,5.38,6.7,M,HAMON,Benoît,578,3.88,4.83,M,POUTOU,Philippe,163,1.09,1.36,M,LASSALLE,Jean,153,1.03,1.28,M,ASSELINEAU,François,98,0.66,0.82,F,ARTHAUD,Nathalie,97,0.65,0.81,LE PEN,3177,2017,1,239.0,1.6,1.94,110.0,0.74,0.89,2.0,3.0,11.0,9.0,1.0,4.0,6.0,8.0,10.0,5.0,7.0,M,CHEMINADE,Jacques,33.0,0.22,0.28
17,Charente-Maritime,20,Saintes,18860,4790,25.4,14070,74.6,,,,13736,72.83,97.63,M,MACRON,Emmanuel,3592,19.05,26.15,M,MÉLENCHON,Jean-Luc,3198,16.96,23.28,M,FILLON,François,2608,13.83,18.99,F,LE PEN,Marine,2037,10.8,14.83,M,HAMON,Benoît,1082,5.74,7.88,M,DUPONT-AIGNAN,Nicolas,643,3.41,4.68,M,POUTOU,Philippe,167,0.89,1.22,M,LASSALLE,Jean,160,0.85,1.16,M,ASSELINEAU,François,118,0.63,0.86,F,ARTHAUD,Nathalie,103,0.55,0.75,MACRON,3592,2017,1,217.0,1.15,1.54,117.0,0.62,0.83,3.0,9.0,11.0,2.0,4.0,1.0,6.0,8.0,10.0,5.0,7.0,M,CHEMINADE,Jacques,28.0,0.15,0.2
17,Charente-Maritime,21,Saintonge Estuaire,15846,2958,18.67,12888,81.33,,,,12542,79.15,97.32,F,LE PEN,Marine,3472,21.91,27.68,M,FILLON,François,2897,18.28,23.1,M,MACRON,Emmanuel,2437,15.38,19.43,M,MÉLENCHON,Jean-Luc,1803,11.38,14.38,M,DUPONT-AIGNAN,Nicolas,848,5.35,6.76,M,HAMON,Benoît,510,3.22,4.07,M,LASSALLE,Jean,196,1.24,1.56,M,POUTOU,Philippe,156,0.98,1.24,M,ASSELINEAU,François,107,0.68,0.85,F,ARTHAUD,Nathalie,88,0.56,0.7,LE PEN,3472,2017,1,248.0,1.57,1.92,98.0,0.62,0.76,2.0,11.0,3.0,9.0,1.0,4.0,8.0,6.0,10.0,5.0,7.0,M,CHEMINADE,Jacques,28.0,0.18,0.22
17,Charente-Maritime,22,Saujon,16948,3434,20.26,13514,79.74,,,,13159,77.64,97.37,F,LE PEN,Marine,3512,20.72,26.69,M,MACRON,Emmanuel,2862,16.89,21.75,M,FILLON,François,2771,16.35,21.06,M,MÉLENCHON,Jean-Luc,1977,11.67,15.02,M,DUPONT-AIGNAN,Nicolas,881,5.2,6.7,M,HAMON,Benoît,585,3.45,4.45,M,LASSALLE,Jean,195,1.15,1.48,M,POUTOU,Philippe,167,0.99,1.27,M,ASSELINEAU,François,93,0.55,0.71,F,ARTHAUD,Nathalie,89,0.53,0.68,LE PEN,3512,2017,1,267.0,1.58,1.98,88.0,0.52,0.65,2.0,3.0,11.0,9.0,1.0,4.0,8.0,6.0,10.0,5.0,7.0,M,CHEMINADE,Jacques,27.0,0.16,0.21
17,Charente-Maritime,23,Surgères,20795,4025,19.36,16770,80.64,,,,16297,78.37,97.18,F,LE PEN,Marine,3799,18.27,23.31,M,MACRON,Emmanuel,3621,17.41,22.22,M,MÉLENCHON,Jean-Luc,3516,16.91,21.57,M,FILLON,François,2610,12.55,16.02,M,HAMON,Benoît,943,4.53,5.79,M,DUPONT-AIGNAN,Nicolas,934,4.49,5.73,M,POUTOU,Philippe,292,1.4,1.79,M,LASSALLE,Jean,266,1.28,1.63,M,ASSELINEAU,François,154,0.74,0.94,F,ARTHAUD,Nathalie,125,0.6,0.77,LE PEN,3799,2017,1,324.0,1.56,1.93,149.0,0.72,0.89,2.0,3.0,9.0,11.0,4.0,1.0,6.0,8.0,10.0,5.0,7.0,M,CHEMINADE,Jacques,37.0,0.18,0.23
17,Charente-Maritime,24,Thénac,15450,2639,17.08,12811,82.92,,,,12427,80.43,97.0,F,LE PEN,Marine,3114,20.16,25.06,M,MACRON,Emmanuel,2735,17.7,22.01,M,MÉLENCHON,Jean-Luc,2376,15.38,19.12,M,FILLON,François,2146,13.89,17.27,M,DUPONT-AIGNAN,Nicolas,771,4.99,6.2,M,HAMON,Benoît,683,4.42,5.5,M,POUTOU,Philippe,202,1.31,1.63,M,LASSALLE,Jean,187,1.21,1.5,M,ASSELINEAU,François,100,0.65,0.8,F,ARTHAUD,Nathalie,96,0.62,0.77,LE PEN,3114,2017,1,276.0,1.79,2.15,108.0,0.7,0.84,2.0,3.0,9.0,11.0,1.0,4.0,6.0,8.0,10.0,5.0,7.0,M,CHEMINADE,Jacques,17.0,0.11,0.14
17,Charente-Maritime,25,Tonnay-Charente,19965,3817,19.12,16148,80.88,,,,15716,78.72,97.32,F,LE PEN,Marine,4207,21.07,26.77,M,MACRON,Emmanuel,3319,16.62,21.12,M,MÉLENCHON,Jean-Luc,3005,15.05,19.12,M,FILLON,François,2666,13.35,16.96,M,DUPONT-AIGNAN,Nicolas,1029,5.15,6.55,M,HAMON,Benoît,767,3.84,4.88,M,LASSALLE,Jean,225,1.13,1.43,M,POUTOU,Philippe,217,1.09,1.38,M,ASSELINEAU,François,129,0.65,0.82,F,ARTHAUD,Nathalie,122,0.61,0.78,LE PEN,4207,2017,1,293.0,1.47,1.81,139.0,0.7,0.86,2.0,3.0,9.0,11.0,1.0,4.0,8.0,6.0,10.0,5.0,7.0,M,CHEMINADE,Jacques,30.0,0.15,0.19
17,Charente-Maritime,26,La Tremblade,19921,3656,18.35,16265,81.65,,,,15895,79.79,97.73,M,FILLON,François,4404,22.11,27.71,F,LE PEN,Marine,3738,18.76,23.52,M,MACRON,Emmanuel,3489,17.51,21.95,M,MÉLENCHON,Jean-Luc,2296,11.53,14.44,M,DUPONT-AIGNAN,Nicolas,837,4.2,5.27,M,HAMON,Benoît,563,2.83,3.54,M,LASSALLE,Jean,203,1.02,1.28,M,POUTOU,Philippe,156,0.78,0.98,M,ASSELINEAU,François,123,0.62,0.77,F,ARTHAUD,Nathalie,67,0.34,0.42,FILLON,4404,2017,1,252.0,1.26,1.55,118.0,0.59,0.73,11.0,2.0,3.0,9.0,1.0,4.0,8.0,6.0,10.0,5.0,7.0,M,CHEMINADE,Jacques,19.0,0.1,0.12
17,Charente-Maritime,27,Les Trois Monts,17899,3538,19.77,14361,80.23,,,,13967,78.03,97.26,F,LE PEN,Marine,4068,22.73,29.13,M,MACRON,Emmanuel,2802,15.65,20.06,M,MÉLENCHON,Jean-Luc,2687,15.01,19.24,M,FILLON,François,2121,11.85,15.19,M,DUPONT-AIGNAN,Nicolas,792,4.42,5.67,M,HAMON,Benoît,675,3.77,4.83,M,LASSALLE,Jean,288,1.61,2.06,M,POUTOU,Philippe,259,1.45,1.85,F,ARTHAUD,Nathalie,140,0.78,1.0,M,ASSELINEAU,François,111,0.62,0.79,LE PEN,4068,2017,1,290.0,1.62,2.02,104.0,0.58,0.72,2.0,3.0,9.0,11.0,1.0,4.0,8.0,6.0,5.0,10.0,7.0,M,CHEMINADE,Jacques,24.0,0.13,0.17
19,Corrèze,1,Allassac,12292,1789,14.55,10503,85.45,,,,10124,82.36,96.39,M,MACRON,Emmanuel,2833,23.05,27.98,M,MÉLENCHON,Jean-Luc,2010,16.35,19.85,F,LE PEN,Marine,1996,16.24,19.72,M,FILLON,François,1566,12.74,15.47,M,HAMON,Benoît,565,4.6,5.58,M,DUPONT-AIGNAN,Nicolas,535,4.35,5.28,M,LASSALLE,Jean,307,2.5,3.03,M,POUTOU,Philippe,137,1.11,1.35,M,ASSELINEAU,François,81,0.66,0.8,F,ARTHAUD,Nathalie,64,0.52,0.63,MACRON,2833,2017,1,239.0,1.94,2.28,140.0,1.14,1.33,3.0,9.0,2.0,11.0,4.0,1.0,8.0,6.0,10.0,5.0,7.0,M,CHEMINADE,Jacques,30.0,0.24,0.3
19,Corrèze,2,Argentat,9754,1656,16.98,8098,83.02,,,,7784,79.8,96.12,M,MACRON,Emmanuel,2031,20.82,26.09,M,MÉLENCHON,Jean-Luc,1641,16.82,21.08,M,FILLON,François,1410,14.46,18.11,F,LE PEN,Marine,1182,12.12,15.18,M,HAMON,Benoît,473,4.85,6.08,M,LASSALLE,Jean,387,3.97,4.97,M,DUPONT-AIGNAN,Nicolas,386,3.96,4.96,M,POUTOU,Philippe,126,1.29,1.62,F,ARTHAUD,Nathalie,64,0.66,0.82,M,ASSELINEAU,François,61,0.63,0.78,MACRON,2031,2017,1,189.0,1.94,2.33,125.0,1.28,1.54,3.0,9.0,11.0,2.0,4.0,8.0,1.0,6.0,5.0,10.0,7.0,M,CHEMINADE,Jacques,23.0,0.24,0.3
19,Corrèze,3,Brive-la-Gaillarde-1,8235,2304,27.98,5931,72.02,,,,5721,69.47,96.46,M,MACRON,Emmanuel,1581,19.2,27.64,M,MÉLENCHON,Jean-Luc,1278,15.52,22.34,F,LE PEN,Marine,1087,13.2,19.0,M,FILLON,François,854,10.37,14.93,M,HAMON,Benoît,406,4.93,7.1,M,DUPONT-AIGNAN,Nicolas,200,2.43,3.5,M,LASSALLE,Jean,98,1.19,1.71,M,POUTOU,Philippe,88,1.07,1.54,M,ASSELINEAU,François,76,0.92,1.33,F,ARTHAUD,Nathalie,44,0.53,0.77,MACRON,1581,2017,1,127.0,1.54,2.14,83.0,1.01,1.4,3.0,9.0,2.0,11.0,4.0,1.0,8.0,6.0,10.0,5.0,7.0,M,CHEMINADE,Jacques,9.0,0.11,0.16
19,Corrèze,4,Brive-la-Gaillarde-2,9480,2413,25.45,7067,74.55,,,,6873,72.5,97.25,M,MACRON,Emmanuel,2069,21.82,30.1,M,FILLON,François,1884,19.87,27.41,M,MÉLENCHON,Jean-Luc,1066,11.24,15.51,F,LE PEN,Marine,883,9.31,12.85,M,HAMON,Benoît,401,4.23,5.83,M,DUPONT-AIGNAN,Nicolas,286,3.02,4.16,M,LASSALLE,Jean,122,1.29,1.78,M,POUTOU,Philippe,66,0.7,0.96,M,ASSELINEAU,François,43,0.45,0.63,F,ARTHAUD,Nathalie,42,0.44,0.61,MACRON,2069,2017,1,126.0,1.33,1.78,68.0,0.72,0.96,3.0,11.0,9.0,2.0,4.0,1.0,8.0,6.0,10.0,5.0,7.0,M,CHEMINADE,Jacques,11.0,0.12,0.16
19,Corrèze,5,Brive-la-Gaillarde-3,8358,1939,23.2,6419,76.8,,,,6258,74.87,97.49,M,MACRON,Emmanuel,1814,21.7,28.99,M,MÉLENCHON,Jean-Luc,1264,15.12,20.2,M,FILLON,François,1110,13.28,17.74,F,LE PEN,Marine,1102,13.18,17.61,M,HAMON,Benoît,418,5.0,6.68,M,DUPONT-AIGNAN,Nicolas,287,3.43,4.59,M,LASSALLE,Jean,104,1.24,1.66,M,POUTOU,Philippe,59,0.71,0.94,M,ASSELINEAU,François,50,0.6,0.8,F,ARTHAUD,Nathalie,31,0.37,0.5,MACRON,1814,2017,1,88.0,1.05,1.37,73.0,0.87,1.14,3.0,9.0,11.0,2.0,4.0,1.0,8.0,6.0,10.0,5.0,7.0,M,CHEMINADE,Jacques,19.0,0.23,0.3
19,Corrèze,6,Brive-la-Gaillarde-4,9707,2311,23.81,7396,76.19,,,,7147,73.63,96.63,M,MACRON,Emmanuel,2007,20.68,28.08,M,MÉLENCHON,Jean-Luc,1417,14.6,19.83,M,FILLON,François,1255,12.93,17.56,F,LE PEN,Marine,1248,12.86,17.46,M,HAMON,Benoît,544,5.6,7.61,M,DUPONT-AIGNAN,Nicolas,315,3.25,4.41,M,LASSALLE,Jean,120,1.24,1.68,M,POUTOU,Philippe,103,1.06,1.44,M,ASSELINEAU,François,67,0.69,0.94,F,ARTHAUD,Nathalie,52,0.54,0.73,MACRON,2007,2017,1,173.0,1.78,2.34,76.0,0.78,1.03,3.0,9.0,11.0,2.0,4.0,1.0,8.0,6.0,10.0,5.0,7.0,M,CHEMINADE,Jacques,19.0,0.2,0.27
19,Corrèze,7,Egletons,7421,1248,16.82,6173,83.18,,,,5934,79.96,96.13,M,MACRON,Emmanuel,1633,22.01,27.52,M,MÉLENCHON,Jean-Luc,1210,16.31,20.39,M,FILLON,François,1014,13.66,17.09,F,LE PEN,Marine,1002,13.5,16.89,M,HAMON,Benoît,356,4.8,6.0,M,DUPONT-AIGNAN,Nicolas,278,3.75,4.68,M,LASSALLE,Jean,200,2.7,3.37,M,POUTOU,Philippe,129,1.74,2.17,F,ARTHAUD,Nathalie,61,0.82,1.03,M,ASSELINEAU,François,40,0.54,0.67,MACRON,1633,2017,1,147.0,1.98,2.38,92.0,1.24,1.49,3.0,9.0,11.0,2.0,4.0,1.0,8.0,6.0,5.0,10.0,7.0,M,CHEMINADE,Jacques,11.0,0.15,0.19
19,Corrèze,8,Haute-Dordogne,8295,1622,19.55,6673,80.45,,,,6423,77.43,96.25,M,MACRON,Emmanuel,1445,17.42,22.5,M,MÉLENCHON,Jean-Luc,1330,16.03,20.71,M,FILLON,François,1206,14.54,18.78,F,LE PEN,Marine,1183,14.26,18.42,M,HAMON,Benoît,438,5.28,6.82,M,DUPONT-AIGNAN,Nicolas,349,4.21,5.43,M,LASSALLE,Jean,229,2.76,3.57,M,POUTOU,Philippe,135,1.63,2.1,F,ARTHAUD,Nathalie,61,0.74,0.95,M,ASSELINEAU,François,31,0.37,0.48,MACRON,1445,2017,1,150.0,1.81,2.25,100.0,1.21,1.5,3.0,9.0,11.0,2.0,4.0,1.0,8.0,6.0,5.0,10.0,7.0,M,CHEMINADE,Jacques,16.0,0.19,0.25
19,Corrèze,9,Malemort-sur-Corrèze,11984,1976,16.49,10008,83.51,,,,9672,80.71,96.64,M,MACRON,Emmanuel,2861,23.87,29.58,M,FILLON,François,1824,15.22,18.86,M,MÉLENCHON,Jean-Luc,1726,14.4,17.85,F,LE PEN,Marine,1724,14.39,17.82,M,HAMON,Benoît,547,4.56,5.66,M,DUPONT-AIGNAN,Nicolas,511,4.26,5.28,M,LASSALLE,Jean,208,1.74,2.15,M,POUTOU,Philippe,144,1.2,1.49,M,ASSELINEAU,François,66,0.55,0.68,F,ARTHAUD,Nathalie,47,0.39,0.49,MACRON,2861,2017,1,216.0,1.8,2.16,120.0,1.0,1.2,3.0,11.0,9.0,2.0,4.0,1.0,8.0,6.0,10.0,5.0,7.0,M,CHEMINADE,Jacques,14.0,0.12,0.14
19,Corrèze,10,Midi Corrézien,10211,1472,14.42,8739,85.58,,,,8461,82.86,96.82,M,MACRON,Emmanuel,2252,22.05,26.62,M,MÉLENCHON,Jean-Luc,1745,17.09,20.62,M,FILLON,François,1504,14.73,17.78,F,LE PEN,Marine,1394,13.65,16.48,M,HAMON,Benoît,570,5.58,6.74,M,DUPONT-AIGNAN,Nicolas,404,3.96,4.77,M,LASSALLE,Jean,338,3.31,3.99,M,POUTOU,Philippe,130,1.27,1.54,M,ASSELINEAU,François,57,0.56,0.67,F,ARTHAUD,Nathalie,53,0.52,0.63,MACRON,2252,2017,1,187.0,1.83,2.14,91.0,0.89,1.04,3.0,9.0,11.0,2.0,4.0,1.0,8.0,6.0,10.0,5.0,7.0,M,CHEMINADE,Jacques,14.0,0.14,0.17
19,Corrèze,11,Naves,9328,1419,15.21,7909,84.79,,,,7624,81.73,96.4,M,MACRON,Emmanuel,2236,23.97,29.33,M,MÉLENCHON,Jean-Luc,1861,19.95,24.41,F,LE PEN,Marine,1108,11.88,14.53,M,FILLON,François,1041,11.16,13.65,M,HAMON,Benoît,545,5.84,7.15,M,DUPONT-AIGNAN,Nicolas,372,3.99,4.88,M,LASSALLE,Jean,210,2.25,2.75,M,POUTOU,Philippe,128,1.37,1.68,M,ASSELINEAU,François,57,0.61,0.75,F,ARTHAUD,Nathalie,51,0.55,0.67,MACRON,2236,2017,1,177.0,1.9,2.24,108.0,1.16,1.37,3.0,9.0,2.0,11.0,4.0,1.0,8.0,6.0,10.0,5.0,7.0,M,CHEMINADE,Jacques,15.0,0.16,0.2
19,Corrèze,12,Plateau de Millevaches,8490,1509,17.77,6981,82.23,,,,6767,79.71,96.93,M,MACRON,Emmanuel,1660,19.55,24.53,M,MÉLENCHON,Jean-Luc,1584,18.66,23.41,M,FILLON,François,1205,14.19,17.81,F,LE PEN,Marine,1156,13.62,17.08,M,HAMON,Benoît,381,4.49,5.63,M,DUPONT-AIGNAN,Nicolas,317,3.73,4.68,M,LASSALLE,Jean,217,2.56,3.21,M,POUTOU,Philippe,117,1.38,1.73,M,ASSELINEAU,François,59,0.69,0.87,F,ARTHAUD,Nathalie,52,0.61,0.77,MACRON,1660,2017,1,147.0,1.73,2.11,67.0,0.79,0.96,3.0,9.0,11.0,2.0,4.0,1.0,8.0,6.0,10.0,5.0,7.0,M,CHEMINADE,Jacques,19.0,0.22,0.28
19,Corrèze,13,Saint-Pantaléon-de-Larche,12436,2002,16.1,10434,83.9,,,,10077,81.03,96.58,M,MACRON,Emmanuel,2582,20.76,25.62,M,MÉLENCHON,Jean-Luc,2161,17.38,21.44,F,LE PEN,Marine,2097,16.86,20.81,M,FILLON,François,1513,12.17,15.01,M,DUPONT-AIGNAN,Nicolas,576,4.63,5.72,M,HAMON,Benoît,574,4.62,5.7,M,LASSALLE,Jean,245,1.97,2.43,M,POUTOU,Philippe,161,1.29,1.6,M,ASSELINEAU,François,88,0.71,0.87,F,ARTHAUD,Nathalie,60,0.48,0.6,MACRON,2582,2017,1,236.0,1.9,2.26,121.0,0.97,1.16,3.0,9.0,2.0,11.0,1.0,4.0,8.0,6.0,10.0,5.0,7.0,M,CHEMINADE,Jacques,20.0,0.16,0.2
19,Corrèze,14,Sainte-Fortunade,8930,1325,14.84,7605,85.16,,,,7346,82.26,96.59,M,MÉLENCHON,Jean-Luc,1938,21.7,26.38,M,MACRON,Emmanuel,1895,21.22,25.8,F,LE PEN,Marine,1195,13.38,16.27,M,FILLON,François,978,10.95,13.31,M,HAMON,Benoît,497,5.57,6.77,M,DUPONT-AIGNAN,Nicolas,311,3.48,4.23,M,LASSALLE,Jean,264,2.96,3.59,M,POUTOU,Philippe,138,1.55,1.88,F,ARTHAUD,Nathalie,60,0.67,0.82,M,ASSELINEAU,François,52,0.58,0.71,MÉLENCHON,1938,2017,1,170.0,1.9,2.24,89.0,1.0,1.17,9.0,3.0,2.0,11.0,4.0,1.0,8.0,6.0,5.0,10.0,7.0,M,CHEMINADE,Jacques,18.0,0.2,0.25
19,Corrèze,15,Seilhac-Monédières,9819,1543,15.71,8276,84.29,,,,7931,80.77,95.83,M,MACRON,Emmanuel,1946,19.82,24.54,M,MÉLENCHON,Jean-Luc,1904,19.39,24.01,M,FILLON,François,1428,14.54,18.01,F,LE PEN,Marine,1205,12.27,15.19,M,HAMON,Benoît,495,5.04,6.24,M,DUPONT-AIGNAN,Nicolas,404,4.11,5.09,M,LASSALLE,Jean,293,2.98,3.69,M,POUTOU,Philippe,127,1.29,1.6,F,ARTHAUD,Nathalie,59,0.6,0.74,M,ASSELINEAU,François,46,0.47,0.58,MACRON,1946,2017,1,218.0,2.22,2.63,127.0,1.29,1.53,3.0,9.0,11.0,2.0,4.0,1.0,8.0,6.0,5.0,10.0,7.0,M,CHEMINADE,Jacques,24.0,0.24,0.3
19,Corrèze,16,Tulle,9443,2233,23.65,7210,76.35,,,,6956,73.66,96.48,M,MACRON,Emmanuel,2143,22.69,30.81,M,MÉLENCHON,Jean-Luc,1649,17.46,23.71,M,FILLON,François,981,10.39,14.1,F,LE PEN,Marine,961,10.18,13.82,M,HAMON,Benoît,631,6.68,9.07,M,DUPONT-AIGNAN,Nicolas,240,2.54,3.45,M,LASSALLE,Jean,134,1.42,1.93,M,POUTOU,Philippe,124,1.31,1.78,M,ASSELINEAU,François,42,0.44,0.6,F,ARTHAUD,Nathalie,39,0.41,0.56,MACRON,2143,2017,1,173.0,1.83,2.4,81.0,0.86,1.12,3.0,9.0,11.0,2.0,4.0,1.0,8.0,6.0,10.0,5.0,7.0,M,CHEMINADE,Jacques,12.0,0.13,0.17
19,Corrèze,17,Ussel,8559,1797,21.0,6762,79.0,,,,6512,76.08,96.3,M,MACRON,Emmanuel,1610,18.81,24.72,M,MÉLENCHON,Jean-Luc,1255,14.66,19.27,F,LE PEN,Marine,1253,14.64,19.24,M,FILLON,François,1148,13.41,17.63,M,HAMON,Benoît,424,4.95,6.51,M,DUPONT-AIGNAN,Nicolas,342,4.0,5.25,M,LASSALLE,Jean,229,2.68,3.52,M,POUTOU,Philippe,139,1.62,2.13,F,ARTHAUD,Nathalie,50,0.58,0.77,M,ASSELINEAU,François,47,0.55,0.72,MACRON,1610,2017,1,145.0,1.69,2.14,105.0,1.23,1.55,3.0,9.0,2.0,11.0,4.0,1.0,8.0,6.0,5.0,10.0,7.0,M,CHEMINADE,Jacques,15.0,0.18,0.23
19,Corrèze,18,Uzerche,10896,1896,17.4,9000,82.6,,,,8633,79.23,95.92,M,MACRON,Emmanuel,2214,20.32,25.65,M,FILLON,François,1830,16.8,21.2,F,LE PEN,Marine,1595,14.64,18.48,M,MÉLENCHON,Jean-Luc,1473,13.52,17.06,M,DUPONT-AIGNAN,Nicolas,461,4.23,5.34,M,HAMON,Benoît,456,4.19,5.28,M,LASSALLE,Jean,291,2.67,3.37,M,POUTOU,Philippe,138,1.27,1.6,F,ARTHAUD,Nathalie,83,0.76,0.96,M,ASSELINEAU,François,68,0.62,0.79,MACRON,2214,2017,1,254.0,2.33,2.82,113.0,1.04,1.26,3.0,11.0,2.0,9.0,1.0,4.0,8.0,6.0,5.0,10.0,7.0,M,CHEMINADE,Jacques,24.0,0.22,0.28
19,Corrèze,19,L'Yssandonnais,11639,1845,15.85,9794,84.15,,,,9370,80.51,95.67,M,MACRON,Emmanuel,2406,20.67,25.68,F,LE PEN,Marine,1882,16.17,20.09,M,MÉLENCHON,Jean-Luc,1845,15.85,19.69,M,FILLON,François,1676,14.4,17.89,M,HAMON,Benoît,542,4.66,5.78,M,DUPONT-AIGNAN,Nicolas,475,4.08,5.07,M,LASSALLE,Jean,257,2.21,2.74,M,POUTOU,Philippe,130,1.12,1.39,F,ARTHAUD,Nathalie,78,0.67,0.83,M,ASSELINEAU,François,63,0.54,0.67,MACRON,2406,2017,1,267.0,2.29,2.73,157.0,1.35,1.6,3.0,2.0,9.0,11.0,4.0,1.0,8.0,6.0,5.0,10.0,7.0,M,CHEMINADE,Jacques,16.0,0.14,0.17
23,Creuse,1,Ahun,5718,1100,19.24,4618,80.76,,,,4419,77.28,95.69,M,MACRON,Emmanuel,1013,17.72,22.92,M,MÉLENCHON,Jean-Luc,961,16.81,21.75,F,LE PEN,Marine,866,15.15,19.6,M,FILLON,François,777,13.59,17.58,M,HAMON,Benoît,367,6.42,8.31,M,DUPONT-AIGNAN,Nicolas,193,3.38,4.37,M,LASSALLE,Jean,98,1.71,2.22,M,POUTOU,Philippe,65,1.14,1.47,M,ASSELINEAU,François,35,0.61,0.79,F,ARTHAUD,Nathalie,32,0.56,0.72,MACRON,1013,2017,1,132.0,2.31,2.86,67.0,1.17,1.45,3.0,9.0,2.0,11.0,4.0,1.0,8.0,6.0,10.0,5.0,7.0,M,CHEMINADE,Jacques,12.0,0.21,0.27
23,Creuse,2,Aubusson,7319,1737,23.73,5582,76.27,,,,5324,72.74,95.38,M,MACRON,Emmanuel,1229,16.79,23.08,M,MÉLENCHON,Jean-Luc,1147,15.67,21.54,F,LE PEN,Marine,972,13.28,18.26,M,FILLON,François,968,13.23,18.18,M,HAMON,Benoît,399,5.45,7.49,M,DUPONT-AIGNAN,Nicolas,258,3.53,4.85,M,POUTOU,Philippe,130,1.78,2.44,M,LASSALLE,Jean,128,1.75,2.4,F,ARTHAUD,Nathalie,54,0.74,1.01,M,ASSELINEAU,François,26,0.36,0.49,MACRON,1229,2017,1,151.0,2.06,2.71,107.0,1.46,1.92,3.0,9.0,2.0,11.0,4.0,1.0,6.0,8.0,5.0,10.0,7.0,M,CHEMINADE,Jacques,13.0,0.18,0.24
23,Creuse,3,Auzances,6747,1530,22.68,5217,77.32,,,,4979,73.8,95.44,M,MACRON,Emmanuel,1083,16.05,21.75,F,LE PEN,Marine,1012,15.0,20.33,M,FILLON,François,986,14.61,19.8,M,MÉLENCHON,Jean-Luc,886,13.13,17.79,M,HAMON,Benoît,331,4.91,6.65,M,DUPONT-AIGNAN,Nicolas,324,4.8,6.51,M,LASSALLE,Jean,171,2.53,3.43,M,POUTOU,Philippe,84,1.24,1.69,M,ASSELINEAU,François,43,0.64,0.86,F,ARTHAUD,Nathalie,41,0.61,0.82,MACRON,1083,2017,1,156.0,2.31,2.99,82.0,1.22,1.57,3.0,2.0,11.0,9.0,4.0,1.0,8.0,6.0,10.0,5.0,7.0,M,CHEMINADE,Jacques,18.0,0.27,0.36
23,Creuse,4,Bonnat,5820,1245,21.39,4575,78.61,,,,4359,74.9,95.28,F,LE PEN,Marine,1110,19.07,25.46,M,MACRON,Emmanuel,870,14.95,19.96,M,MÉLENCHON,Jean-Luc,839,14.42,19.25,M,FILLON,François,755,12.97,17.32,M,HAMON,Benoît,261,4.48,5.99,M,DUPONT-AIGNAN,Nicolas,243,4.18,5.57,M,LASSALLE,Jean,99,1.7,2.27,M,POUTOU,Philippe,81,1.39,1.86,F,ARTHAUD,Nathalie,52,0.89,1.19,M,ASSELINEAU,François,37,0.64,0.85,LE PEN,1110,2017,1,135.0,2.32,2.95,81.0,1.39,1.77,2.0,3.0,9.0,11.0,4.0,1.0,8.0,6.0,5.0,10.0,7.0,M,CHEMINADE,Jacques,12.0,0.21,0.28
23,Creuse,5,Bourganeuf,4850,1029,21.22,3821,78.78,,,,3659,75.44,95.76,M,MACRON,Emmanuel,815,16.8,22.27,M,MÉLENCHON,Jean-Luc,759,15.65,20.74,F,LE PEN,Marine,747,15.4,20.42,M,FILLON,François,615,12.68,16.81,M,HAMON,Benoît,373,7.69,10.19,M,DUPONT-AIGNAN,Nicolas,142,2.93,3.88,M,POUTOU,Philippe,63,1.3,1.72,M,LASSALLE,Jean,63,1.3,1.72,F,ARTHAUD,Nathalie,37,0.76,1.01,M,ASSELINEAU,François,32,0.66,0.87,MACRON,815,2017,1,107.0,2.21,2.8,55.0,1.13,1.44,3.0,9.0,2.0,11.0,4.0,1.0,6.0,8.0,5.0,10.0,7.0,M,CHEMINADE,Jacques,13.0,0.27,0.36
23,Creuse,6,Boussac,5204,1095,21.04,4109,78.96,,,,3969,76.27,96.59,F,LE PEN,Marine,905,17.39,22.8,M,MÉLENCHON,Jean-Luc,865,16.62,21.79,M,MACRON,Emmanuel,810,15.56,20.41,M,FILLON,François,724,13.91,18.24,M,HAMON,Benoît,239,4.59,6.02,M,DUPONT-AIGNAN,Nicolas,213,4.09,5.37,M,POUTOU,Philippe,60,1.15,1.51,M,LASSALLE,Jean,57,1.1,1.44,M,ASSELINEAU,François,46,0.88,1.16,F,ARTHAUD,Nathalie,41,0.79,1.03,LE PEN,905,2017,1,74.0,1.42,1.8,66.0,1.27,1.61,2.0,9.0,3.0,11.0,4.0,1.0,6.0,8.0,10.0,5.0,7.0,M,CHEMINADE,Jacques,9.0,0.17,0.23
23,Creuse,7,Dun-le-Palestel,6574,1512,23.0,5062,77.0,,,,4847,73.73,95.75,M,FILLON,François,1126,17.13,23.23,M,MACRON,Emmanuel,1050,15.97,21.66,M,MÉLENCHON,Jean-Luc,927,14.1,19.13,F,LE PEN,Marine,890,13.54,18.36,M,HAMON,Benoît,318,4.84,6.56,M,DUPONT-AIGNAN,Nicolas,271,4.12,5.59,M,POUTOU,Philippe,95,1.45,1.96,M,LASSALLE,Jean,80,1.22,1.65,F,ARTHAUD,Nathalie,44,0.67,0.91,M,ASSELINEAU,François,32,0.49,0.66,FILLON,1126,2017,1,134.0,2.04,2.65,81.0,1.23,1.6,11.0,3.0,9.0,2.0,4.0,1.0,6.0,8.0,5.0,10.0,7.0,M,CHEMINADE,Jacques,14.0,0.21,0.29
23,Creuse,8,Evaux-les-Bains,4793,864,18.03,3929,81.97,,,,3770,78.66,95.95,F,LE PEN,Marine,863,18.01,22.89,M,MACRON,Emmanuel,840,17.53,22.28,M,FILLON,François,805,16.8,21.35,M,MÉLENCHON,Jean-Luc,643,13.42,17.06,M,DUPONT-AIGNAN,Nicolas,211,4.4,5.6,M,HAMON,Benoît,204,4.26,5.41,M,LASSALLE,Jean,65,1.36,1.72,M,POUTOU,Philippe,55,1.15,1.46,F,ARTHAUD,Nathalie,45,0.94,1.19,M,ASSELINEAU,François,35,0.73,0.93,LE PEN,863,2017,1,113.0,2.36,2.88,46.0,0.96,1.17,2.0,3.0,11.0,9.0,1.0,4.0,8.0,6.0,5.0,10.0,7.0,M,CHEMINADE,Jacques,4.0,0.08,0.11
23,Creuse,9,Felletin,5119,1050,20.51,4069,79.49,,,,3914,76.46,96.19,M,MÉLENCHON,Jean-Luc,904,17.66,23.1,M,MACRON,Emmanuel,805,15.73,20.57,M,FILLON,François,761,14.87,19.44,F,LE PEN,Marine,725,14.16,18.52,M,HAMON,Benoît,292,5.7,7.46,M,DUPONT-AIGNAN,Nicolas,206,4.02,5.26,M,LASSALLE,Jean,95,1.86,2.43,M,POUTOU,Philippe,61,1.19,1.56,F,ARTHAUD,Nathalie,30,0.59,0.77,M,ASSELINEAU,François,29,0.57,0.74,MÉLENCHON,904,2017,1,100.0,1.95,2.46,55.0,1.07,1.35,9.0,3.0,11.0,2.0,4.0,1.0,8.0,6.0,5.0,10.0,7.0,M,CHEMINADE,Jacques,6.0,0.12,0.15
23,Creuse,10,Gouzon,7674,1553,20.24,6121,79.76,,,,5870,76.49,95.9,F,LE PEN,Marine,1347,17.55,22.95,M,FILLON,François,1277,16.64,21.75,M,MACRON,Emmanuel,1194,15.56,20.34,M,MÉLENCHON,Jean-Luc,1075,14.01,18.31,M,HAMON,Benoît,316,4.12,5.38,M,DUPONT-AIGNAN,Nicolas,314,4.09,5.35,M,LASSALLE,Jean,131,1.71,2.23,M,POUTOU,Philippe,93,1.21,1.58,M,ASSELINEAU,François,54,0.7,0.92,F,ARTHAUD,Nathalie,49,0.64,0.83,LE PEN,1347,2017,1,167.0,2.18,2.73,84.0,1.09,1.37,2.0,11.0,3.0,9.0,4.0,1.0,8.0,6.0,10.0,5.0,7.0,M,CHEMINADE,Jacques,20.0,0.26,0.34
23,Creuse,11,Le Grand-Bourg,5769,1247,21.62,4522,78.38,,,,4339,75.21,95.95,M,MACRON,Emmanuel,1031,17.87,23.76,M,MÉLENCHON,Jean-Luc,991,17.18,22.84,F,LE PEN,Marine,850,14.73,19.59,M,FILLON,François,722,12.52,16.64,M,HAMON,Benoît,322,5.58,7.42,M,DUPONT-AIGNAN,Nicolas,182,3.15,4.19,M,LASSALLE,Jean,74,1.28,1.71,M,POUTOU,Philippe,65,1.13,1.5,F,ARTHAUD,Nathalie,45,0.78,1.04,M,ASSELINEAU,François,43,0.75,0.99,MACRON,1031,2017,1,131.0,2.27,2.9,52.0,0.9,1.15,3.0,9.0,2.0,11.0,4.0,1.0,8.0,6.0,5.0,10.0,7.0,M,CHEMINADE,Jacques,14.0,0.24,0.32
23,Creuse,12,Guéret-1,6690,1479,22.11,5211,77.89,,,,5022,75.07,96.37,M,MACRON,Emmanuel,1237,18.49,24.63,M,MÉLENCHON,Jean-Luc,1121,16.76,22.32,F,LE PEN,Marine,906,13.54,18.04,M,FILLON,François,728,10.88,14.5,M,HAMON,Benoît,537,8.03,10.69,M,DUPONT-AIGNAN,Nicolas,235,3.51,4.68,M,POUTOU,Philippe,85,1.27,1.69,M,LASSALLE,Jean,73,1.09,1.45,F,ARTHAUD,Nathalie,54,0.81,1.08,M,ASSELINEAU,François,43,0.64,0.86,MACRON,1237,2017,1,130.0,1.94,2.49,59.0,0.88,1.13,3.0,9.0,2.0,11.0,4.0,1.0,6.0,8.0,5.0,10.0,7.0,M,CHEMINADE,Jacques,3.0,0.04,0.06
23,Creuse,13,Guéret-2,6299,1465,23.26,4834,76.74,,,,4693,74.5,97.08,M,MACRON,Emmanuel,1255,19.92,26.74,M,MÉLENCHON,Jean-Luc,1033,16.4,22.01,M,FILLON,François,724,11.49,15.43,F,LE PEN,Marine,680,10.8,14.49,M,HAMON,Benoît,603,9.57,12.85,M,DUPONT-AIGNAN,Nicolas,175,2.78,3.73,M,POUTOU,Philippe,81,1.29,1.73,M,LASSALLE,Jean,56,0.89,1.19,M,ASSELINEAU,François,40,0.64,0.85,F,ARTHAUD,Nathalie,32,0.51,0.68,MACRON,1255,2017,1,94.0,1.49,1.94,47.0,0.75,0.97,3.0,9.0,11.0,2.0,4.0,1.0,6.0,8.0,10.0,5.0,7.0,M,CHEMINADE,Jacques,14.0,0.22,0.3
23,Creuse,14,Saint-Vaury,7595,1438,18.93,6157,81.07,,,,5892,77.58,95.7,M,MACRON,Emmanuel,1413,18.6,23.98,M,MÉLENCHON,Jean-Luc,1320,17.38,22.4,F,LE PEN,Marine,1157,15.23,19.64,M,FILLON,François,825,10.86,14.0,M,HAMON,Benoît,513,6.75,8.71,M,DUPONT-AIGNAN,Nicolas,310,4.08,5.26,M,POUTOU,Philippe,120,1.58,2.04,M,LASSALLE,Jean,97,1.28,1.65,F,ARTHAUD,Nathalie,71,0.93,1.21,M,ASSELINEAU,François,50,0.66,0.85,MACRON,1413,2017,1,199.0,2.62,3.23,66.0,0.87,1.07,3.0,9.0,2.0,11.0,4.0,1.0,6.0,8.0,5.0,10.0,7.0,M,CHEMINADE,Jacques,16.0,0.21,0.27
23,Creuse,15,La Souterraine,6942,1573,22.66,5369,77.34,,,,5195,74.83,96.76,M,MÉLENCHON,Jean-Luc,1356,19.53,26.1,M,MACRON,Emmanuel,1162,16.74,22.37,F,LE PEN,Marine,936,13.48,18.02,M,FILLON,François,844,12.16,16.25,M,HAMON,Benoît,419,6.04,8.07,M,DUPONT-AIGNAN,Nicolas,244,3.51,4.7,M,POUTOU,Philippe,71,1.02,1.37,M,LASSALLE,Jean,65,0.94,1.25,F,ARTHAUD,Nathalie,57,0.82,1.1,M,ASSELINEAU,François,35,0.5,0.67,MÉLENCHON,1356,2017,1,127.0,1.83,2.37,47.0,0.68,0.88,9.0,3.0,2.0,11.0,4.0,1.0,6.0,8.0,5.0,10.0,7.0,M,CHEMINADE,Jacques,6.0,0.09,0.12
24,Dordogne,1,Bergerac-1,13355,3523,26.38,9832,73.62,,,,9606,71.93,97.7,M,MACRON,Emmanuel,2241,16.78,23.33,M,MÉLENCHON,Jean-Luc,2159,16.17,22.48,F,LE PEN,Marine,1979,14.82,20.6,M,FILLON,François,1828,13.69,19.03,M,HAMON,Benoît,540,4.04,5.62,M,DUPONT-AIGNAN,Nicolas,402,3.01,4.18,M,LASSALLE,Jean,175,1.31,1.82,M,POUTOU,Philippe,111,0.83,1.16,M,ASSELINEAU,François,95,0.71,0.99,F,ARTHAUD,Nathalie,59,0.44,0.61,MACRON,2241,2017,1,134.0,1.0,1.36,92.0,0.69,0.94,3.0,9.0,2.0,11.0,4.0,1.0,8.0,6.0,10.0,5.0,7.0,M,CHEMINADE,Jacques,17.0,0.13,0.18
24,Dordogne,2,Bergerac-2,14202,2908,20.48,11294,79.52,,,,10996,77.43,97.36,M,MACRON,Emmanuel,2592,18.25,23.57,F,LE PEN,Marine,2504,17.63,22.77,M,MÉLENCHON,Jean-Luc,2208,15.55,20.08,M,FILLON,François,1954,13.76,17.77,M,HAMON,Benoît,659,4.64,5.99,M,DUPONT-AIGNAN,Nicolas,498,3.51,4.53,M,LASSALLE,Jean,256,1.8,2.33,M,POUTOU,Philippe,161,1.13,1.46,M,ASSELINEAU,François,82,0.58,0.75,F,ARTHAUD,Nathalie,61,0.43,0.55,MACRON,2592,2017,1,188.0,1.32,1.66,110.0,0.77,0.97,3.0,2.0,9.0,11.0,4.0,1.0,8.0,6.0,10.0,5.0,7.0,M,CHEMINADE,Jacques,21.0,0.15,0.19
24,Dordogne,3,Brantôme,12862,2099,16.32,10763,83.68,,,,10368,80.61,96.33,M,MÉLENCHON,Jean-Luc,2376,18.47,22.92,M,MACRON,Emmanuel,2232,17.35,21.53,F,LE PEN,Marine,2231,17.35,21.52,M,FILLON,François,1749,13.6,16.87,M,HAMON,Benoît,721,5.61,6.95,M,DUPONT-AIGNAN,Nicolas,490,3.81,4.73,M,LASSALLE,Jean,232,1.8,2.24,M,POUTOU,Philippe,150,1.17,1.45,M,ASSELINEAU,François,90,0.7,0.87,F,ARTHAUD,Nathalie,72,0.56,0.69,MÉLENCHON,2376,2017,1,271.0,2.11,2.52,124.0,0.96,1.15,9.0,3.0,2.0,11.0,4.0,1.0,8.0,6.0,10.0,5.0,7.0,M,CHEMINADE,Jacques,25.0,0.19,0.24
24,Dordogne,4,Coulounieix-Chamiers,13865,2964,21.38,10901,78.62,,,,10594,76.41,97.18,M,MÉLENCHON,Jean-Luc,2853,20.58,26.93,M,MACRON,Emmanuel,2577,18.59,24.33,F,LE PEN,Marine,2002,14.44,18.9,M,FILLON,François,1425,10.28,13.45,M,HAMON,Benoît,749,5.4,7.07,M,DUPONT-AIGNAN,Nicolas,470,3.39,4.44,M,LASSALLE,Jean,186,1.34,1.76,M,POUTOU,Philippe,155,1.12,1.46,M,ASSELINEAU,François,99,0.71,0.93,F,ARTHAUD,Nathalie,58,0.42,0.55,MÉLENCHON,2853,2017,1,183.0,1.32,1.68,124.0,0.89,1.14,9.0,3.0,2.0,11.0,4.0,1.0,8.0,6.0,10.0,5.0,7.0,M,CHEMINADE,Jacques,20.0,0.14,0.19
24,Dordogne,5,Haut-Périgord Noir,11537,1848,16.02,9689,83.98,,,,9376,81.27,96.77,M,MÉLENCHON,Jean-Luc,2241,19.42,23.9,M,MACRON,Emmanuel,2068,17.92,22.06,F,LE PEN,Marine,1912,16.57,20.39,M,FILLON,François,1553,13.46,16.56,M,HAMON,Benoît,656,5.69,7.0,M,DUPONT-AIGNAN,Nicolas,414,3.59,4.42,M,LASSALLE,Jean,218,1.89,2.33,M,POUTOU,Philippe,157,1.36,1.67,M,ASSELINEAU,François,80,0.69,0.85,F,ARTHAUD,Nathalie,61,0.53,0.65,MÉLENCHON,2241,2017,1,209.0,1.81,2.16,104.0,0.9,1.07,9.0,3.0,2.0,11.0,4.0,1.0,8.0,6.0,10.0,5.0,7.0,M,CHEMINADE,Jacques,16.0,0.14,0.17
24,Dordogne,6,Isle-Loue-Auvézère,11310,1690,14.94,9620,85.06,,,,9258,81.86,96.24,M,MÉLENCHON,Jean-Luc,2238,19.79,24.17,M,MACRON,Emmanuel,2062,18.23,22.27,F,LE PEN,Marine,1761,15.57,19.02,M,FILLON,François,1685,14.9,18.2,M,HAMON,Benoît,530,4.69,5.72,M,DUPONT-AIGNAN,Nicolas,424,3.75,4.58,M,LASSALLE,Jean,231,2.04,2.5,M,POUTOU,Philippe,160,1.41,1.73,F,ARTHAUD,Nathalie,70,0.62,0.76,M,ASSELINEAU,François,68,0.6,0.73,MÉLENCHON,2238,2017,1,217.0,1.92,2.26,145.0,1.28,1.51,9.0,3.0,2.0,11.0,4.0,1.0,8.0,6.0,5.0,10.0,7.0,M,CHEMINADE,Jacques,29.0,0.26,0.31
24,Dordogne,7,Isle-Manoire,15339,2660,17.34,12679,82.66,,,,12289,80.12,96.92,M,MÉLENCHON,Jean-Luc,3237,21.1,26.34,M,MACRON,Emmanuel,2915,19.0,23.72,F,LE PEN,Marine,2344,15.28,19.07,M,FILLON,François,1800,11.73,14.65,M,HAMON,Benoît,881,5.74,7.17,M,DUPONT-AIGNAN,Nicolas,576,3.76,4.69,M,LASSALLE,Jean,201,1.31,1.64,M,POUTOU,Philippe,139,0.91,1.13,M,ASSELINEAU,François,109,0.71,0.89,F,ARTHAUD,Nathalie,67,0.44,0.55,MÉLENCHON,3237,2017,1,238.0,1.55,1.88,152.0,0.99,1.2,9.0,3.0,2.0,11.0,4.0,1.0,8.0,6.0,10.0,5.0,7.0,M,CHEMINADE,Jacques,20.0,0.13,0.16
24,Dordogne,8,Lalinde,14201,2481,17.47,11720,82.53,,,,11399,80.27,97.26,M,MÉLENCHON,Jean-Luc,2724,19.18,23.9,M,MACRON,Emmanuel,2540,17.89,22.28,F,LE PEN,Marine,2297,16.17,20.15,M,FILLON,François,1888,13.29,16.56,M,HAMON,Benoît,675,4.75,5.92,M,DUPONT-AIGNAN,Nicolas,556,3.92,4.88,M,LASSALLE,Jean,373,2.63,3.27,M,POUTOU,Philippe,144,1.01,1.26,M,ASSELINEAU,François,98,0.69,0.86,F,ARTHAUD,Nathalie,85,0.6,0.75,MÉLENCHON,2724,2017,1,195.0,1.37,1.66,126.0,0.89,1.08,9.0,3.0,2.0,11.0,4.0,1.0,8.0,6.0,10.0,5.0,7.0,M,CHEMINADE,Jacques,19.0,0.13,0.17
24,Dordogne,9,Montpon-Ménestérol,14196,3045,21.45,11151,78.55,,,,10822,76.23,97.05,F,LE PEN,Marine,3136,22.09,28.98,M,MACRON,Emmanuel,2119,14.93,19.58,M,MÉLENCHON,Jean-Luc,2049,14.43,18.93,M,FILLON,François,1771,12.48,16.36,M,DUPONT-AIGNAN,Nicolas,569,4.01,5.26,M,HAMON,Benoît,550,3.87,5.08,M,LASSALLE,Jean,310,2.18,2.86,M,POUTOU,Philippe,154,1.08,1.42,M,ASSELINEAU,François,87,0.61,0.8,F,ARTHAUD,Nathalie,53,0.37,0.49,LE PEN,3136,2017,1,198.0,1.39,1.78,131.0,0.92,1.17,2.0,3.0,9.0,11.0,1.0,4.0,8.0,6.0,10.0,5.0,7.0,M,CHEMINADE,Jacques,24.0,0.17,0.22
24,Dordogne,10,Pays de la Force,13175,2411,18.3,10764,81.7,,,,10439,79.23,96.98,F,LE PEN,Marine,2835,21.52,27.16,M,MACRON,Emmanuel,2260,17.15,21.65,M,MÉLENCHON,Jean-Luc,2123,16.11,20.34,M,FILLON,François,1563,11.86,14.97,M,DUPONT-AIGNAN,Nicolas,543,4.12,5.2,M,HAMON,Benoît,527,4.0,5.05,M,LASSALLE,Jean,278,2.11,2.66,M,POUTOU,Philippe,167,1.27,1.6,M,ASSELINEAU,François,76,0.58,0.73,F,ARTHAUD,Nathalie,55,0.42,0.53,LE PEN,2835,2017,1,228.0,1.73,2.12,97.0,0.74,0.9,2.0,3.0,9.0,11.0,1.0,4.0,8.0,6.0,10.0,5.0,7.0,M,CHEMINADE,Jacques,12.0,0.09,0.11
24,Dordogne,11,Pays de Montaigne et Gurson,11007,2052,18.64,8955,81.36,,,,8718,79.2,97.35,F,LE PEN,Marine,2540,23.08,29.14,M,MACRON,Emmanuel,1739,15.8,19.95,M,FILLON,François,1564,14.21,17.94,M,MÉLENCHON,Jean-Luc,1504,13.66,17.25,M,HAMON,Benoît,437,3.97,5.01,M,DUPONT-AIGNAN,Nicolas,412,3.74,4.73,M,LASSALLE,Jean,233,2.12,2.67,M,POUTOU,Philippe,134,1.22,1.54,M,ASSELINEAU,François,76,0.69,0.87,F,ARTHAUD,Nathalie,58,0.53,0.67,LE PEN,2540,2017,1,150.0,1.36,1.68,87.0,0.79,0.97,2.0,3.0,11.0,9.0,4.0,1.0,8.0,6.0,10.0,5.0,7.0,M,CHEMINADE,Jacques,21.0,0.19,0.24
24,Dordogne,12,Périgord Central,11003,1771,16.1,9232,83.9,,,,8945,81.3,96.89,M,MÉLENCHON,Jean-Luc,1966,17.87,21.98,F,LE PEN,Marine,1958,17.8,21.89,M,MACRON,Emmanuel,1895,17.22,21.19,M,FILLON,François,1650,15.0,18.45,M,HAMON,Benoît,544,4.94,6.08,M,DUPONT-AIGNAN,Nicolas,432,3.93,4.83,M,LASSALLE,Jean,238,2.16,2.66,M,POUTOU,Philippe,103,0.94,1.15,M,ASSELINEAU,François,90,0.82,1.01,F,ARTHAUD,Nathalie,49,0.45,0.55,MÉLENCHON,1966,2017,1,164.0,1.49,1.78,123.0,1.12,1.33,9.0,2.0,3.0,11.0,4.0,1.0,8.0,6.0,10.0,5.0,7.0,M,CHEMINADE,Jacques,20.0,0.18,0.22
24,Dordogne,13,Périgord Vert Nontronnais,11985,2073,17.3,9912,82.7,,,,9491,79.19,95.75,M,MACRON,Emmanuel,2068,17.25,21.79,F,LE PEN,Marine,2060,17.19,21.7,M,MÉLENCHON,Jean-Luc,1979,16.51,20.85,M,FILLON,François,1786,14.9,18.82,M,HAMON,Benoît,555,4.63,5.85,M,DUPONT-AIGNAN,Nicolas,453,3.78,4.77,M,LASSALLE,Jean,228,1.9,2.4,M,POUTOU,Philippe,173,1.44,1.82,F,ARTHAUD,Nathalie,102,0.85,1.07,M,ASSELINEAU,François,72,0.6,0.76,MACRON,2068,2017,1,300.0,2.5,3.03,121.0,1.01,1.22,3.0,2.0,9.0,11.0,4.0,1.0,8.0,6.0,5.0,10.0,7.0,M,CHEMINADE,Jacques,15.0,0.13,0.16
24,Dordogne,14,Périgueux-1,9821,2301,23.43,7520,76.57,,,,7335,74.69,97.54,M,MACRON,Emmanuel,1869,19.03,25.48,M,MÉLENCHON,Jean-Luc,1802,18.35,24.57,M,FILLON,François,1513,15.41,20.63,F,LE PEN,Marine,961,9.79,13.1,M,HAMON,Benoît,619,6.3,8.44,M,DUPONT-AIGNAN,Nicolas,266,2.71,3.63,M,LASSALLE,Jean,100,1.02,1.36,M,POUTOU,Philippe,89,0.91,1.21,M,ASSELINEAU,François,60,0.61,0.82,F,ARTHAUD,Nathalie,36,0.37,0.49,MACRON,1869,2017,1,126.0,1.28,1.68,59.0,0.6,0.78,3.0,9.0,11.0,2.0,4.0,1.0,8.0,6.0,10.0,5.0,7.0,M,CHEMINADE,Jacques,20.0,0.2,0.27
24,Dordogne,15,Périgueux-2,8603,1913,22.24,6690,77.76,,,,6524,75.83,97.52,M,MACRON,Emmanuel,1642,19.09,25.17,M,MÉLENCHON,Jean-Luc,1635,19.0,25.06,M,FILLON,François,1240,14.41,19.01,F,LE PEN,Marine,957,11.12,14.67,M,HAMON,Benoît,535,6.22,8.2,M,DUPONT-AIGNAN,Nicolas,233,2.71,3.57,M,LASSALLE,Jean,111,1.29,1.7,M,POUTOU,Philippe,73,0.85,1.12,M,ASSELINEAU,François,54,0.63,0.83,F,ARTHAUD,Nathalie,36,0.42,0.55,MACRON,1642,2017,1,115.0,1.34,1.72,51.0,0.59,0.76,3.0,9.0,11.0,2.0,4.0,1.0,8.0,6.0,10.0,5.0,7.0,M,CHEMINADE,Jacques,8.0,0.09,0.12
24,Dordogne,16,Ribérac,10939,1880,17.19,9059,82.81,,,,8731,79.82,96.38,F,LE PEN,Marine,2078,19.0,23.8,M,MACRON,Emmanuel,1855,16.96,21.25,M,MÉLENCHON,Jean-Luc,1762,16.11,20.18,M,FILLON,François,1587,14.51,18.18,M,HAMON,Benoît,539,4.93,6.17,M,DUPONT-AIGNAN,Nicolas,412,3.77,4.72,M,LASSALLE,Jean,201,1.84,2.3,M,POUTOU,Philippe,136,1.24,1.56,F,ARTHAUD,Nathalie,72,0.66,0.82,M,ASSELINEAU,François,70,0.64,0.8,LE PEN,2078,2017,1,194.0,1.77,2.14,134.0,1.22,1.48,2.0,3.0,9.0,11.0,4.0,1.0,8.0,6.0,5.0,10.0,7.0,M,CHEMINADE,Jacques,19.0,0.17,0.22
24,Dordogne,17,Saint-Astier,13229,2203,16.65,11026,83.35,,,,10671,80.66,96.78,M,MÉLENCHON,Jean-Luc,2844,21.5,26.65,F,LE PEN,Marine,2495,18.86,23.38,M,MACRON,Emmanuel,2188,16.54,20.5,M,FILLON,François,1420,10.73,13.31,M,HAMON,Benoît,647,4.89,6.06,M,DUPONT-AIGNAN,Nicolas,485,3.67,4.55,M,LASSALLE,Jean,226,1.71,2.12,M,POUTOU,Philippe,172,1.3,1.61,M,ASSELINEAU,François,97,0.73,0.91,F,ARTHAUD,Nathalie,83,0.63,0.78,MÉLENCHON,2844,2017,1,257.0,1.94,2.33,98.0,0.74,0.89,9.0,2.0,3.0,11.0,4.0,1.0,8.0,6.0,10.0,5.0,7.0,M,CHEMINADE,Jacques,14.0,0.11,0.13
24,Dordogne,18,Sarlat-la-Canéda,12628,2234,17.69,10394,82.31,,,,10088,79.89,97.06,M,MACRON,Emmanuel,2601,20.6,25.78,M,MÉLENCHON,Jean-Luc,2344,18.56,23.24,M,FILLON,François,1891,14.97,18.75,F,LE PEN,Marine,1568,12.42,15.54,M,HAMON,Benoît,658,5.21,6.52,M,DUPONT-AIGNAN,Nicolas,399,3.16,3.96,M,LASSALLE,Jean,294,2.33,2.91,M,POUTOU,Philippe,135,1.07,1.34,M,ASSELINEAU,François,107,0.85,1.06,F,ARTHAUD,Nathalie,66,0.52,0.65,MACRON,2601,2017,1,195.0,1.54,1.88,111.0,0.88,1.07,3.0,9.0,11.0,2.0,4.0,1.0,8.0,6.0,10.0,5.0,7.0,M,CHEMINADE,Jacques,25.0,0.2,0.25
24,Dordogne,19,Sud-Bergeracois,11363,1927,16.96,9436,83.04,,,,9207,81.03,97.57,F,LE PEN,Marine,2236,19.68,24.29,M,MACRON,Emmanuel,1940,17.07,21.07,M,FILLON,François,1813,15.96,19.69,M,MÉLENCHON,Jean-Luc,1691,14.88,18.37,M,HAMON,Benoît,510,4.49,5.54,M,DUPONT-AIGNAN,Nicolas,426,3.75,4.63,M,LASSALLE,Jean,315,2.77,3.42,M,POUTOU,Philippe,128,1.13,1.39,M,ASSELINEAU,François,75,0.66,0.81,F,ARTHAUD,Nathalie,47,0.41,0.51,LE PEN,2236,2017,1,167.0,1.47,1.77,62.0,0.55,0.66,2.0,3.0,11.0,9.0,4.0,1.0,8.0,6.0,10.0,5.0,7.0,M,CHEMINADE,Jacques,26.0,0.23,0.28
24,Dordogne,20,Terrasson-Lavilledieu,14839,2510,16.91,12329,83.09,,,,11931,80.4,96.77,M,MACRON,Emmanuel,2832,19.08,23.74,M,MÉLENCHON,Jean-Luc,2642,17.8,22.14,F,LE PEN,Marine,2341,15.78,19.62,M,FILLON,François,1998,13.46,16.75,M,HAMON,Benoît,822,5.54,6.89,M,DUPONT-AIGNAN,Nicolas,560,3.77,4.69,M,LASSALLE,Jean,343,2.31,2.87,M,POUTOU,Philippe,181,1.22,1.52,M,ASSELINEAU,François,116,0.78,0.97,F,ARTHAUD,Nathalie,70,0.47,0.59,MACRON,2832,2017,1,259.0,1.75,2.1,139.0,0.94,1.13,3.0,9.0,2.0,11.0,4.0,1.0,8.0,6.0,10.0,5.0,7.0,M,CHEMINADE,Jacques,26.0,0.18,0.22
24,Dordogne,21,Thiviers,12354,2047,16.57,10307,83.43,,,,9975,80.74,96.78,M,MÉLENCHON,Jean-Luc,2459,19.9,24.65,M,MACRON,Emmanuel,2073,16.78,20.78,F,LE PEN,Marine,2015,16.31,20.2,M,FILLON,François,1812,14.67,18.17,M,HAMON,Benoît,573,4.64,5.74,M,DUPONT-AIGNAN,Nicolas,490,3.97,4.91,M,LASSALLE,Jean,256,2.07,2.57,M,POUTOU,Philippe,130,1.05,1.3,F,ARTHAUD,Nathalie,87,0.7,0.87,M,ASSELINEAU,François,57,0.46,0.57,MÉLENCHON,2459,2017,1,223.0,1.81,2.16,109.0,0.88,1.06,9.0,3.0,2.0,11.0,4.0,1.0,8.0,6.0,5.0,10.0,7.0,M,CHEMINADE,Jacques,23.0,0.19,0.23
24,Dordogne,22,Trélissac,12859,2087,16.23,10772,83.77,,,,10437,81.16,96.89,M,MACRON,Emmanuel,2635,20.49,25.25,M,MÉLENCHON,Jean-Luc,2620,20.37,25.1,M,FILLON,François,1706,13.27,16.35,F,LE PEN,Marine,1698,13.2,16.27,M,HAMON,Benoît,753,5.86,7.21,M,DUPONT-AIGNAN,Nicolas,482,3.75,4.62,M,LASSALLE,Jean,229,1.78,2.19,M,POUTOU,Philippe,162,1.26,1.55,M,ASSELINEAU,François,88,0.68,0.84,F,ARTHAUD,Nathalie,52,0.4,0.5,MACRON,2635,2017,1,208.0,1.62,1.93,127.0,0.99,1.18,3.0,9.0,11.0,2.0,4.0,1.0,8.0,6.0,10.0,5.0,7.0,M,CHEMINADE,Jacques,12.0,0.09,0.11
24,Dordogne,23,Vallée Dordogne,14307,2496,17.45,11811,82.55,,,,11496,80.35,97.33,M,MACRON,Emmanuel,2666,18.63,23.19,M,MÉLENCHON,Jean-Luc,2665,18.63,23.18,M,FILLON,François,2081,14.55,18.1,F,LE PEN,Marine,2039,14.25,17.74,M,HAMON,Benoît,822,5.75,7.15,M,DUPONT-AIGNAN,Nicolas,525,3.67,4.57,M,LASSALLE,Jean,339,2.37,2.95,M,POUTOU,Philippe,161,1.13,1.4,M,ASSELINEAU,François,92,0.64,0.8,F,ARTHAUD,Nathalie,81,0.57,0.7,MACRON,2666,2017,1,219.0,1.53,1.85,96.0,0.67,0.81,3.0,9.0,11.0,2.0,4.0,1.0,8.0,6.0,10.0,5.0,7.0,M,CHEMINADE,Jacques,25.0,0.17,0.22
24,Dordogne,24,Vallée de l'Isle,12928,2311,17.88,10617,82.12,,,,10270,79.44,96.73,M,MÉLENCHON,Jean-Luc,2587,20.01,25.19,F,LE PEN,Marine,2456,19.0,23.91,M,MACRON,Emmanuel,2106,16.29,20.51,M,FILLON,François,1512,11.7,14.72,M,HAMON,Benoît,576,4.46,5.61,M,DUPONT-AIGNAN,Nicolas,487,3.77,4.74,M,LASSALLE,Jean,235,1.82,2.29,M,POUTOU,Philippe,145,1.12,1.41,F,ARTHAUD,Nathalie,80,0.62,0.78,M,ASSELINEAU,François,73,0.56,0.71,MÉLENCHON,2587,2017,1,213.0,1.65,2.01,134.0,1.04,1.26,9.0,2.0,3.0,11.0,4.0,1.0,8.0,6.0,5.0,10.0,7.0,M,CHEMINADE,Jacques,13.0,0.1,0.13
24,Dordogne,25,Vallée de l'Homme,12113,2086,17.22,10027,82.78,,,,9744,80.44,97.18,M,MÉLENCHON,Jean-Luc,2424,20.01,24.88,M,MACRON,Emmanuel,2230,18.41,22.89,M,FILLON,François,1721,14.21,17.66,F,LE PEN,Marine,1641,13.55,16.84,M,HAMON,Benoît,705,5.82,7.24,M,DUPONT-AIGNAN,Nicolas,420,3.47,4.31,M,LASSALLE,Jean,242,2.0,2.48,M,POUTOU,Philippe,158,1.3,1.62,M,ASSELINEAU,François,117,0.97,1.2,F,ARTHAUD,Nathalie,66,0.54,0.68,MÉLENCHON,2424,2017,1,196.0,1.62,1.95,87.0,0.72,0.87,9.0,3.0,11.0,2.0,4.0,1.0,8.0,6.0,10.0,5.0,7.0,M,CHEMINADE,Jacques,20.0,0.17,0.21
33,Gironde,1,Andernos-les-Bains,44886,8742,19.48,36144,80.52,,,,35380,78.82,97.89,M,MACRON,Emmanuel,8835,19.68,24.97,M,FILLON,François,8207,18.28,23.2,M,MÉLENCHON,Jean-Luc,6597,14.7,18.65,F,LE PEN,Marine,6480,14.44,18.32,M,HAMON,Benoît,1838,4.09,5.2,M,DUPONT-AIGNAN,Nicolas,1626,3.62,4.6,M,LASSALLE,Jean,782,1.74,2.21,M,POUTOU,Philippe,511,1.14,1.44,M,ASSELINEAU,François,263,0.59,0.74,F,ARTHAUD,Nathalie,164,0.37,0.46,MACRON,8835,2017,1,581.0,1.29,1.61,183.0,0.41,0.51,3.0,11.0,9.0,2.0,4.0,1.0,8.0,6.0,10.0,5.0,7.0,M,CHEMINADE,Jacques,77.0,0.17,0.22
33,Gironde,2,Bordeaux-1,23856,5530,23.18,18326,76.82,,,,18067,75.73,98.59,M,MACRON,Emmanuel,5575,23.37,30.86,M,MÉLENCHON,Jean-Luc,5369,22.51,29.72,M,FILLON,François,3047,12.77,16.87,M,HAMON,Benoît,2298,9.63,12.72,F,LE PEN,Marine,860,3.6,4.76,M,DUPONT-AIGNAN,Nicolas,294,1.23,1.63,M,POUTOU,Philippe,247,1.04,1.37,M,LASSALLE,Jean,171,0.72,0.95,M,ASSELINEAU,François,141,0.59,0.78,F,ARTHAUD,Nathalie,40,0.17,0.22,MACRON,5575,2017,1,193.0,0.81,1.05,66.0,0.28,0.36,3.0,9.0,11.0,4.0,2.0,1.0,6.0,8.0,10.0,5.0,7.0,M,CHEMINADE,Jacques,25.0,0.1,0.14
33,Gironde,3,Bordeaux-2,31185,6403,20.53,24782,79.47,,,,24401,78.25,98.46,M,MACRON,Emmanuel,8123,26.05,33.29,M,FILLON,François,6980,22.38,28.61,M,MÉLENCHON,Jean-Luc,4364,13.99,17.88,M,HAMON,Benoît,2290,7.34,9.38,F,LE PEN,Marine,1375,4.41,5.64,M,DUPONT-AIGNAN,Nicolas,540,1.73,2.21,M,LASSALLE,Jean,277,0.89,1.14,M,POUTOU,Philippe,210,0.67,0.86,M,ASSELINEAU,François,182,0.58,0.75,F,ARTHAUD,Nathalie,36,0.12,0.15,MACRON,8123,2017,1,291.0,0.93,1.17,90.0,0.29,0.36,3.0,11.0,9.0,4.0,2.0,1.0,8.0,6.0,10.0,5.0,7.0,M,CHEMINADE,Jacques,24.0,0.08,0.1
33,Gironde,4,Bordeaux-3,33743,6417,19.02,27326,80.98,,,,26893,79.7,98.42,M,MACRON,Emmanuel,8780,26.02,32.65,M,FILLON,François,8573,25.41,31.88,M,MÉLENCHON,Jean-Luc,3859,11.44,14.35,F,LE PEN,Marine,2055,6.09,7.64,M,HAMON,Benoît,1932,5.73,7.18,M,DUPONT-AIGNAN,Nicolas,808,2.39,3.0,M,LASSALLE,Jean,367,1.09,1.36,M,ASSELINEAU,François,217,0.64,0.81,M,POUTOU,Philippe,214,0.63,0.8,F,ARTHAUD,Nathalie,58,0.17,0.22,MACRON,8780,2017,1,315.0,0.93,1.15,118.0,0.35,0.43,3.0,11.0,9.0,2.0,4.0,1.0,8.0,10.0,6.0,5.0,7.0,M,CHEMINADE,Jacques,30.0,0.09,0.11
33,Gironde,5,Bordeaux-4,31037,7811,25.17,23226,74.83,,,,22780,73.4,98.08,M,MACRON,Emmanuel,6965,22.44,30.58,M,MÉLENCHON,Jean-Luc,6135,19.77,26.93,M,FILLON,François,3584,11.55,15.73,F,LE PEN,Marine,2336,7.53,10.25,M,HAMON,Benoît,2185,7.04,9.59,M,DUPONT-AIGNAN,Nicolas,531,1.71,2.33,M,POUTOU,Philippe,367,1.18,1.61,M,LASSALLE,Jean,271,0.87,1.19,M,ASSELINEAU,François,262,0.84,1.15,F,ARTHAUD,Nathalie,100,0.32,0.44,MACRON,6965,2017,1,318.0,1.02,1.37,128.0,0.41,0.55,3.0,9.0,11.0,2.0,4.0,1.0,6.0,8.0,10.0,5.0,7.0,M,CHEMINADE,Jacques,44.0,0.14,0.19
33,Gironde,6,Bordeaux-5,27811,6903,24.82,20908,75.18,,,,20533,73.83,98.21,M,MÉLENCHON,Jean-Luc,6668,23.98,32.47,M,MACRON,Emmanuel,5780,20.78,28.15,M,HAMON,Benoît,2631,9.46,12.81,M,FILLON,François,2384,8.57,11.61,F,LE PEN,Marine,1705,6.13,8.3,M,DUPONT-AIGNAN,Nicolas,433,1.56,2.11,M,POUTOU,Philippe,337,1.21,1.64,M,LASSALLE,Jean,290,1.04,1.41,M,ASSELINEAU,François,189,0.68,0.92,F,ARTHAUD,Nathalie,84,0.3,0.41,MÉLENCHON,6668,2017,1,267.0,0.96,1.28,108.0,0.39,0.52,9.0,3.0,4.0,11.0,2.0,1.0,6.0,8.0,10.0,5.0,7.0,M,CHEMINADE,Jacques,32.0,0.12,0.16
33,Gironde,7,Le Bouscat,29475,5769,19.57,23706,80.43,,,,23267,78.94,98.15,M,MACRON,Emmanuel,7191,24.4,30.91,M,FILLON,François,5617,19.06,24.14,M,MÉLENCHON,Jean-Luc,4205,14.27,18.07,F,LE PEN,Marine,2740,9.3,11.78,M,HAMON,Benoît,1750,5.94,7.52,M,DUPONT-AIGNAN,Nicolas,788,2.67,3.39,M,LASSALLE,Jean,353,1.2,1.52,M,POUTOU,Philippe,315,1.07,1.35,M,ASSELINEAU,François,184,0.62,0.79,F,ARTHAUD,Nathalie,80,0.27,0.34,MACRON,7191,2017,1,337.0,1.14,1.42,102.0,0.35,0.43,3.0,11.0,9.0,2.0,4.0,1.0,8.0,6.0,10.0,5.0,7.0,M,CHEMINADE,Jacques,44.0,0.15,0.19
33,Gironde,8,La Brède,32520,5375,16.53,27145,83.47,,,,26486,81.45,97.57,M,MACRON,Emmanuel,7407,22.78,27.97,M,MÉLENCHON,Jean-Luc,5978,18.38,22.57,F,LE PEN,Marine,4491,13.81,16.96,M,FILLON,François,4106,12.63,15.5,M,HAMON,Benoît,1979,6.09,7.47,M,DUPONT-AIGNAN,Nicolas,1218,3.75,4.6,M,LASSALLE,Jean,545,1.68,2.06,M,POUTOU,Philippe,400,1.23,1.51,M,ASSELINEAU,François,217,0.67,0.82,F,ARTHAUD,Nathalie,104,0.32,0.39,MACRON,7407,2017,1,492.0,1.51,1.81,167.0,0.51,0.62,3.0,9.0,2.0,11.0,4.0,1.0,8.0,6.0,10.0,5.0,7.0,M,CHEMINADE,Jacques,41.0,0.13,0.15
33,Gironde,9,Cenon,28524,8302,29.11,20222,70.89,,,,19755,69.26,97.69,M,MÉLENCHON,Jean-Luc,5746,20.14,29.09,M,MACRON,Emmanuel,4943,17.33,25.02,F,LE PEN,Marine,3229,11.32,16.35,M,FILLON,François,2196,7.7,11.12,M,HAMON,Benoît,1957,6.86,9.91,M,DUPONT-AIGNAN,Nicolas,679,2.38,3.44,M,POUTOU,Philippe,344,1.21,1.74,M,LASSALLE,Jean,285,1.0,1.44,M,ASSELINEAU,François,218,0.76,1.1,F,ARTHAUD,Nathalie,113,0.4,0.57,MÉLENCHON,5746,2017,1,329.0,1.15,1.63,138.0,0.48,0.68,9.0,3.0,2.0,11.0,4.0,1.0,6.0,8.0,10.0,5.0,7.0,M,CHEMINADE,Jacques,45.0,0.16,0.23
33,Gironde,10,Les Coteaux de Dordogne,27173,5061,18.63,22112,81.37,,,,21570,79.38,97.55,F,LE PEN,Marine,5792,21.32,26.85,M,MACRON,Emmanuel,4650,17.11,21.56,M,MÉLENCHON,Jean-Luc,3976,14.63,18.43,M,FILLON,François,3912,14.4,18.14,M,HAMON,Benoît,1145,4.21,5.31,M,DUPONT-AIGNAN,Nicolas,947,3.49,4.39,M,LASSALLE,Jean,521,1.92,2.42,M,POUTOU,Philippe,342,1.26,1.59,M,ASSELINEAU,François,147,0.54,0.68,F,ARTHAUD,Nathalie,89,0.33,0.41,LE PEN,5792,2017,1,374.0,1.38,1.69,168.0,0.62,0.76,2.0,3.0,9.0,11.0,4.0,1.0,8.0,6.0,10.0,5.0,7.0,M,CHEMINADE,Jacques,49.0,0.18,0.23
33,Gironde,11,Créon,36150,5785,16.0,30365,84.0,,,,29687,82.12,97.77,M,MACRON,Emmanuel,7924,21.92,26.69,M,MÉLENCHON,Jean-Luc,6573,18.18,22.14,F,LE PEN,Marine,5177,14.32,17.44,M,FILLON,François,5044,13.95,16.99,M,HAMON,Benoît,2207,6.11,7.43,M,DUPONT-AIGNAN,Nicolas,1348,3.73,4.54,M,LASSALLE,Jean,604,1.67,2.03,M,POUTOU,Philippe,439,1.21,1.48,M,ASSELINEAU,François,214,0.59,0.72,F,ARTHAUD,Nathalie,120,0.33,0.4,MACRON,7924,2017,1,480.0,1.33,1.58,198.0,0.55,0.65,3.0,9.0,2.0,11.0,4.0,1.0,8.0,6.0,10.0,5.0,7.0,M,CHEMINADE,Jacques,37.0,0.1,0.12
33,Gironde,12,L'Entre-Deux-Mers,26909,4711,17.51,22198,82.49,,,,21658,80.49,97.57,M,MÉLENCHON,Jean-Luc,5290,19.66,24.43,F,LE PEN,Marine,4922,18.29,22.73,M,MACRON,Emmanuel,4622,17.18,21.34,M,FILLON,François,3143,11.68,14.51,M,HAMON,Benoît,1367,5.08,6.31,M,DUPONT-AIGNAN,Nicolas,946,3.52,4.37,M,LASSALLE,Jean,629,2.34,2.9,M,POUTOU,Philippe,363,1.35,1.68,M,ASSELINEAU,François,190,0.71,0.88,F,ARTHAUD,Nathalie,138,0.51,0.64,MÉLENCHON,5290,2017,1,360.0,1.34,1.62,180.0,0.67,0.81,9.0,2.0,3.0,11.0,4.0,1.0,8.0,6.0,10.0,5.0,7.0,M,CHEMINADE,Jacques,48.0,0.18,0.22
33,Gironde,13,L'Estuaire,30572,6225,20.36,24347,79.64,,,,23716,77.57,97.41,F,LE PEN,Marine,6938,22.69,29.25,M,MACRON,Emmanuel,4562,14.92,19.24,M,MÉLENCHON,Jean-Luc,4536,14.84,19.13,M,FILLON,François,3458,11.31,14.58,M,HAMON,Benoît,1360,4.45,5.73,M,DUPONT-AIGNAN,Nicolas,1320,4.32,5.57,M,LASSALLE,Jean,642,2.1,2.71,M,POUTOU,Philippe,446,1.46,1.88,M,ASSELINEAU,François,231,0.76,0.97,F,ARTHAUD,Nathalie,174,0.57,0.73,LE PEN,6938,2017,1,410.0,1.34,1.68,221.0,0.72,0.91,2.0,3.0,9.0,11.0,4.0,1.0,8.0,6.0,10.0,5.0,7.0,M,CHEMINADE,Jacques,49.0,0.16,0.21
33,Gironde,14,Gujan-Mestras,32730,5896,18.01,26834,81.99,,,,26186,80.01,97.59,M,MACRON,Emmanuel,6576,20.09,25.11,F,LE PEN,Marine,5662,17.3,21.62,M,FILLON,François,4848,14.81,18.51,M,MÉLENCHON,Jean-Luc,4805,14.68,18.35,M,HAMON,Benoît,1509,4.61,5.76,M,DUPONT-AIGNAN,Nicolas,1443,4.41,5.51,M,LASSALLE,Jean,565,1.73,2.16,M,POUTOU,Philippe,379,1.16,1.45,M,ASSELINEAU,François,231,0.71,0.88,F,ARTHAUD,Nathalie,112,0.34,0.43,MACRON,6576,2017,1,460.0,1.41,1.71,188.0,0.57,0.7,3.0,2.0,11.0,9.0,4.0,1.0,8.0,6.0,10.0,5.0,7.0,M,CHEMINADE,Jacques,56.0,0.17,0.21
33,Gironde,15,Les Landes des Graves,32470,5744,17.69,26726,82.31,,,,26029,80.16,97.39,F,LE PEN,Marine,6234,19.2,23.95,M,MÉLENCHON,Jean-Luc,5988,18.44,23.01,M,MACRON,Emmanuel,5621,17.31,21.6,M,FILLON,François,3612,11.12,13.88,M,HAMON,Benoît,1652,5.09,6.35,M,DUPONT-AIGNAN,Nicolas,1287,3.96,4.94,M,LASSALLE,Jean,690,2.13,2.65,M,POUTOU,Philippe,450,1.39,1.73,M,ASSELINEAU,François,241,0.74,0.93,F,ARTHAUD,Nathalie,180,0.55,0.69,LE PEN,6234,2017,1,519.0,1.6,1.94,178.0,0.55,0.67,2.0,9.0,3.0,11.0,4.0,1.0,8.0,6.0,10.0,5.0,7.0,M,CHEMINADE,Jacques,74.0,0.23,0.28
33,Gironde,16,Le Libournais-Fronsadais,37671,7625,20.24,30046,79.76,,,,29356,77.93,97.7,M,MACRON,Emmanuel,6980,18.53,23.78,F,LE PEN,Marine,6793,18.03,23.14,M,MÉLENCHON,Jean-Luc,5888,15.63,20.06,M,FILLON,François,4938,13.11,16.82,M,HAMON,Benoît,2016,5.35,6.87,M,DUPONT-AIGNAN,Nicolas,1323,3.51,4.51,M,LASSALLE,Jean,541,1.44,1.84,M,POUTOU,Philippe,440,1.17,1.5,M,ASSELINEAU,François,228,0.61,0.78,F,ARTHAUD,Nathalie,147,0.39,0.5,MACRON,6980,2017,1,492.0,1.31,1.64,198.0,0.53,0.66,3.0,2.0,9.0,11.0,4.0,1.0,8.0,6.0,10.0,5.0,7.0,M,CHEMINADE,Jacques,62.0,0.16,0.21
33,Gironde,17,Lormont,26282,6178,23.51,20104,76.49,,,,19680,74.88,97.89,M,MÉLENCHON,Jean-Luc,5044,19.19,25.63,M,MACRON,Emmanuel,4877,18.56,24.78,F,LE PEN,Marine,3881,14.77,19.72,M,FILLON,François,2351,8.95,11.95,M,HAMON,Benoît,1679,6.39,8.53,M,DUPONT-AIGNAN,Nicolas,806,3.07,4.1,M,POUTOU,Philippe,342,1.3,1.74,M,LASSALLE,Jean,342,1.3,1.74,M,ASSELINEAU,François,226,0.86,1.15,F,ARTHAUD,Nathalie,101,0.38,0.51,MÉLENCHON,5044,2017,1,306.0,1.16,1.52,118.0,0.45,0.59,9.0,3.0,2.0,11.0,4.0,1.0,6.0,8.0,10.0,5.0,7.0,M,CHEMINADE,Jacques,31.0,0.12,0.16
33,Gironde,18,Mérignac-1,33786,7317,21.66,26469,78.34,,,,25908,76.68,97.88,M,MACRON,Emmanuel,7888,23.35,30.45,M,MÉLENCHON,Jean-Luc,6030,17.85,23.27,M,FILLON,François,4074,12.06,15.72,F,LE PEN,Marine,3388,10.03,13.08,M,HAMON,Benoît,2358,6.98,9.1,M,DUPONT-AIGNAN,Nicolas,991,2.93,3.83,M,LASSALLE,Jean,398,1.18,1.54,M,POUTOU,Philippe,380,1.12,1.47,M,ASSELINEAU,François,241,0.71,0.93,F,ARTHAUD,Nathalie,108,0.32,0.42,MACRON,7888,2017,1,408.0,1.21,1.54,153.0,0.45,0.58,3.0,9.0,11.0,2.0,4.0,1.0,8.0,6.0,10.0,5.0,7.0,M,CHEMINADE,Jacques,52.0,0.15,0.2
33,Gironde,19,Mérignac-2,33757,6463,19.15,27294,80.85,,,,26744,79.23,97.98,M,MACRON,Emmanuel,8360,24.77,31.26,M,MÉLENCHON,Jean-Luc,5823,17.25,21.77,M,FILLON,François,4198,12.44,15.7,F,LE PEN,Marine,3755,11.12,14.04,M,HAMON,Benoît,2324,6.88,8.69,M,DUPONT-AIGNAN,Nicolas,1175,3.48,4.39,M,LASSALLE,Jean,383,1.13,1.43,M,POUTOU,Philippe,344,1.02,1.29,M,ASSELINEAU,François,231,0.68,0.86,F,ARTHAUD,Nathalie,110,0.33,0.41,MACRON,8360,2017,1,391.0,1.16,1.43,159.0,0.47,0.58,3.0,9.0,11.0,2.0,4.0,1.0,8.0,6.0,10.0,5.0,7.0,M,CHEMINADE,Jacques,41.0,0.12,0.15
33,Gironde,20,Le Nord-Gironde,34707,6832,19.68,27875,80.32,,,,27150,78.23,97.4,F,LE PEN,Marine,8228,23.71,30.31,M,MÉLENCHON,Jean-Luc,5853,16.86,21.56,M,MACRON,Emmanuel,5296,15.26,19.51,M,FILLON,François,3199,9.22,11.78,M,HAMON,Benoît,1622,4.67,5.97,M,DUPONT-AIGNAN,Nicolas,1490,4.29,5.49,M,POUTOU,Philippe,535,1.54,1.97,M,LASSALLE,Jean,486,1.4,1.79,F,ARTHAUD,Nathalie,195,0.56,0.72,M,ASSELINEAU,François,191,0.55,0.7,LE PEN,8228,2017,1,540.0,1.56,1.94,185.0,0.53,0.66,2.0,9.0,3.0,11.0,4.0,1.0,6.0,8.0,5.0,10.0,7.0,M,CHEMINADE,Jacques,55.0,0.16,0.2
33,Gironde,21,Le Nord-Libournais,35116,7087,20.18,28029,79.82,,,,27254,77.61,97.24,F,LE PEN,Marine,8765,24.96,32.16,M,MACRON,Emmanuel,5372,15.3,19.71,M,MÉLENCHON,Jean-Luc,5045,14.37,18.51,M,FILLON,François,4043,11.51,14.83,M,HAMON,Benoît,1368,3.9,5.02,M,DUPONT-AIGNAN,Nicolas,1281,3.65,4.7,M,LASSALLE,Jean,536,1.53,1.97,M,POUTOU,Philippe,460,1.31,1.69,M,ASSELINEAU,François,179,0.51,0.66,F,ARTHAUD,Nathalie,159,0.45,0.58,LE PEN,8765,2017,1,522.0,1.49,1.86,253.0,0.72,0.9,2.0,3.0,9.0,11.0,4.0,1.0,8.0,6.0,10.0,5.0,7.0,M,CHEMINADE,Jacques,46.0,0.13,0.17
33,Gironde,22,Le Nord-Médoc,31017,6708,21.63,24309,78.37,,,,23733,76.52,97.63,F,LE PEN,Marine,7669,24.73,32.31,M,MACRON,Emmanuel,4529,14.6,19.08,M,MÉLENCHON,Jean-Luc,4103,13.23,17.29,M,FILLON,François,3870,12.48,16.31,M,DUPONT-AIGNAN,Nicolas,1150,3.71,4.85,M,HAMON,Benoît,1073,3.46,4.52,M,LASSALLE,Jean,567,1.83,2.39,M,POUTOU,Philippe,415,1.34,1.75,M,ASSELINEAU,François,164,0.53,0.69,F,ARTHAUD,Nathalie,158,0.51,0.67,LE PEN,7669,2017,1,414.0,1.33,1.7,162.0,0.52,0.67,2.0,3.0,9.0,11.0,1.0,4.0,8.0,6.0,10.0,5.0,7.0,M,CHEMINADE,Jacques,35.0,0.11,0.15
33,Gironde,23,Pessac-1,41027,7165,17.46,33862,82.54,,,,33081,80.63,97.69,M,MACRON,Emmanuel,10335,25.19,31.24,M,MÉLENCHON,Jean-Luc,7584,18.49,22.93,M,FILLON,François,5001,12.19,15.12,F,LE PEN,Marine,4264,10.39,12.89,M,HAMON,Benoît,2963,7.22,8.96,M,DUPONT-AIGNAN,Nicolas,1422,3.47,4.3,M,LASSALLE,Jean,599,1.46,1.81,M,POUTOU,Philippe,481,1.17,1.45,M,ASSELINEAU,François,245,0.6,0.74,F,ARTHAUD,Nathalie,129,0.31,0.39,MACRON,10335,2017,1,583.0,1.42,1.72,198.0,0.48,0.58,3.0,9.0,11.0,2.0,4.0,1.0,8.0,6.0,10.0,5.0,7.0,M,CHEMINADE,Jacques,58.0,0.14,0.18
33,Gironde,24,Pessac-2,35978,7632,21.21,28346,78.79,,,,27739,77.1,97.86,M,MACRON,Emmanuel,8848,24.59,31.9,M,MÉLENCHON,Jean-Luc,6632,18.43,23.91,M,FILLON,François,4459,12.39,16.07,F,LE PEN,Marine,2896,8.05,10.44,M,HAMON,Benoît,2701,7.51,9.74,M,DUPONT-AIGNAN,Nicolas,1014,2.82,3.66,M,LASSALLE,Jean,445,1.24,1.6,M,POUTOU,Philippe,354,0.98,1.28,M,ASSELINEAU,François,244,0.68,0.88,F,ARTHAUD,Nathalie,98,0.27,0.35,MACRON,8848,2017,1,440.0,1.22,1.55,167.0,0.46,0.59,3.0,9.0,11.0,2.0,4.0,1.0,8.0,6.0,10.0,5.0,7.0,M,CHEMINADE,Jacques,48.0,0.13,0.17
33,Gironde,25,Les Portes du Médoc,40535,7389,18.23,33146,81.77,,,,32411,79.96,97.78,M,MACRON,Emmanuel,8887,21.92,27.42,M,MÉLENCHON,Jean-Luc,7487,18.47,23.1,F,LE PEN,Marine,5732,14.14,17.69,M,FILLON,François,4705,11.61,14.52,M,HAMON,Benoît,2557,6.31,7.89,M,DUPONT-AIGNAN,Nicolas,1451,3.58,4.48,M,POUTOU,Philippe,700,1.73,2.16,M,LASSALLE,Jean,469,1.16,1.45,M,ASSELINEAU,François,237,0.58,0.73,F,ARTHAUD,Nathalie,141,0.35,0.44,MACRON,8887,2017,1,543.0,1.34,1.64,192.0,0.47,0.58,3.0,9.0,2.0,11.0,4.0,1.0,6.0,8.0,10.0,5.0,7.0,M,CHEMINADE,Jacques,45.0,0.11,0.14
33,Gironde,26,La Presqu'île,35302,7461,21.13,27841,78.87,,,,27179,76.99,97.62,M,MACRON,Emmanuel,6485,18.37,23.86,M,MÉLENCHON,Jean-Luc,6269,17.76,23.07,F,LE PEN,Marine,6190,17.53,22.77,M,FILLON,François,3512,9.95,12.92,M,HAMON,Benoît,1895,5.37,6.97,M,DUPONT-AIGNAN,Nicolas,1336,3.78,4.92,M,POUTOU,Philippe,526,1.49,1.94,M,LASSALLE,Jean,490,1.39,1.8,M,ASSELINEAU,François,257,0.73,0.95,F,ARTHAUD,Nathalie,161,0.46,0.59,MACRON,6485,2017,1,467.0,1.32,1.68,195.0,0.55,0.7,3.0,9.0,2.0,11.0,4.0,1.0,6.0,8.0,10.0,5.0,7.0,M,CHEMINADE,Jacques,58.0,0.16,0.21
33,Gironde,27,Le Réolais et Les Bastides,32446,6000,18.49,26446,81.51,,,,25682,79.15,97.11,F,LE PEN,Marine,6505,20.05,25.33,M,MACRON,Emmanuel,5254,16.19,20.46,M,MÉLENCHON,Jean-Luc,4801,14.8,18.69,M,FILLON,François,4677,14.41,18.21,M,HAMON,Benoît,1721,5.3,6.7,M,DUPONT-AIGNAN,Nicolas,1120,3.45,4.36,M,LASSALLE,Jean,833,2.57,3.24,M,POUTOU,Philippe,400,1.23,1.56,M,ASSELINEAU,François,173,0.53,0.67,F,ARTHAUD,Nathalie,153,0.47,0.6,LE PEN,6505,2017,1,527.0,1.62,1.99,237.0,0.73,0.9,2.0,3.0,9.0,11.0,4.0,1.0,8.0,6.0,10.0,5.0,7.0,M,CHEMINADE,Jacques,45.0,0.14,0.18
33,Gironde,28,Saint-Médard-en-Jalles,36113,5596,15.5,30517,84.5,,,,29859,82.68,97.84,M,MACRON,Emmanuel,9378,25.97,31.41,M,MÉLENCHON,Jean-Luc,5887,16.3,19.72,M,FILLON,François,5183,14.35,17.36,F,LE PEN,Marine,4423,12.25,14.81,M,HAMON,Benoît,2248,6.22,7.53,M,DUPONT-AIGNAN,Nicolas,1425,3.95,4.77,M,LASSALLE,Jean,485,1.34,1.62,M,POUTOU,Philippe,464,1.28,1.55,M,ASSELINEAU,François,214,0.59,0.72,F,ARTHAUD,Nathalie,106,0.29,0.36,MACRON,9378,2017,1,468.0,1.3,1.53,190.0,0.53,0.62,3.0,9.0,11.0,2.0,4.0,1.0,8.0,6.0,10.0,5.0,7.0,M,CHEMINADE,Jacques,46.0,0.13,0.15
33,Gironde,29,Le Sud-Gironde,28625,4722,16.5,23903,83.5,,,,23218,81.11,97.13,M,MÉLENCHON,Jean-Luc,5246,18.33,22.59,M,MACRON,Emmanuel,5094,17.8,21.94,F,LE PEN,Marine,4950,17.29,21.32,M,FILLON,François,3582,12.51,15.43,M,HAMON,Benoît,1830,6.39,7.88,M,DUPONT-AIGNAN,Nicolas,993,3.47,4.28,M,LASSALLE,Jean,783,2.74,3.37,M,POUTOU,Philippe,343,1.2,1.48,F,ARTHAUD,Nathalie,184,0.64,0.79,M,ASSELINEAU,François,173,0.6,0.75,MÉLENCHON,5246,2017,1,435.0,1.52,1.82,250.0,0.87,1.05,9.0,3.0,2.0,11.0,4.0,1.0,8.0,6.0,5.0,10.0,7.0,M,CHEMINADE,Jacques,40.0,0.14,0.17
33,Gironde,30,Le Sud-Médoc,39041,6869,17.59,32172,82.41,,,,31351,80.3,97.45,F,LE PEN,Marine,7722,19.78,24.63,M,MACRON,Emmanuel,7077,18.13,22.57,M,MÉLENCHON,Jean-Luc,6740,17.26,21.5,M,FILLON,François,4557,11.67,14.54,M,HAMON,Benoît,1753,4.49,5.59,M,DUPONT-AIGNAN,Nicolas,1638,4.2,5.22,M,LASSALLE,Jean,725,1.86,2.31,M,POUTOU,Philippe,684,1.75,2.18,M,ASSELINEAU,François,241,0.62,0.77,F,ARTHAUD,Nathalie,168,0.43,0.54,LE PEN,7722,2017,1,545.0,1.4,1.69,276.0,0.71,0.86,2.0,3.0,9.0,11.0,4.0,1.0,8.0,6.0,10.0,5.0,7.0,M,CHEMINADE,Jacques,46.0,0.12,0.15
33,Gironde,31,Talence,28651,6302,22.0,22349,78.0,,,,21942,76.58,98.18,M,MACRON,Emmanuel,6804,23.75,31.01,M,MÉLENCHON,Jean-Luc,5957,20.79,27.15,M,FILLON,François,3122,10.9,14.23,M,HAMON,Benoît,2546,8.89,11.6,F,LE PEN,Marine,1956,6.83,8.91,M,DUPONT-AIGNAN,Nicolas,598,2.09,2.73,M,LASSALLE,Jean,356,1.24,1.62,M,POUTOU,Philippe,301,1.05,1.37,M,ASSELINEAU,François,179,0.62,0.82,F,ARTHAUD,Nathalie,77,0.27,0.35,MACRON,6804,2017,1,310.0,1.08,1.39,97.0,0.34,0.43,3.0,9.0,11.0,4.0,2.0,1.0,8.0,6.0,10.0,5.0,7.0,M,CHEMINADE,Jacques,46.0,0.16,0.21
33,Gironde,32,La Teste-de-Buch,31591,6364,20.14,25227,79.86,,,,24708,78.21,97.94,M,FILLON,François,8170,25.86,33.07,M,MACRON,Emmanuel,5881,18.62,23.8,F,LE PEN,Marine,4146,13.12,16.78,M,MÉLENCHON,Jean-Luc,3328,10.53,13.47,M,HAMON,Benoît,1077,3.41,4.36,M,DUPONT-AIGNAN,Nicolas,1034,3.27,4.18,M,LASSALLE,Jean,540,1.71,2.19,M,POUTOU,Philippe,237,0.75,0.96,M,ASSELINEAU,François,179,0.57,0.72,F,ARTHAUD,Nathalie,75,0.24,0.3,FILLON,8170,2017,1,353.0,1.12,1.4,166.0,0.53,0.66,11.0,3.0,2.0,9.0,4.0,1.0,8.0,6.0,10.0,5.0,7.0,M,CHEMINADE,Jacques,41.0,0.13,0.17
33,Gironde,33,Villenave-d'Ornon,36296,8218,22.64,28078,77.36,,,,27417,75.54,97.65,M,MÉLENCHON,Jean-Luc,8082,22.27,29.48,M,MACRON,Emmanuel,7388,20.35,26.95,F,LE PEN,Marine,4060,11.19,14.81,M,FILLON,François,2931,8.08,10.69,M,HAMON,Benoît,2469,6.8,9.01,M,DUPONT-AIGNAN,Nicolas,1075,2.96,3.92,M,LASSALLE,Jean,490,1.35,1.79,M,POUTOU,Philippe,463,1.28,1.69,M,ASSELINEAU,François,284,0.78,1.04,F,ARTHAUD,Nathalie,118,0.33,0.43,MÉLENCHON,8082,2017,1,466.0,1.28,1.66,195.0,0.54,0.69,9.0,3.0,2.0,11.0,4.0,1.0,8.0,6.0,10.0,5.0,7.0,M,CHEMINADE,Jacques,57.0,0.16,0.21
40,Landes,1,Adour Armagnac,18444,3176,17.22,15268,82.78,,,,14805,80.27,96.97,M,MACRON,Emmanuel,3546,19.23,23.95,F,LE PEN,Marine,3095,16.78,20.91,M,FILLON,François,2747,14.89,18.55,M,MÉLENCHON,Jean-Luc,2473,13.41,16.7,M,HAMON,Benoît,1205,6.53,8.14,M,DUPONT-AIGNAN,Nicolas,701,3.8,4.73,M,LASSALLE,Jean,680,3.69,4.59,M,POUTOU,Philippe,173,0.94,1.17,M,ASSELINEAU,François,97,0.53,0.66,F,ARTHAUD,Nathalie,60,0.33,0.41,MACRON,3546,2017,1,306.0,1.66,2.0,157.0,0.85,1.03,3.0,2.0,11.0,9.0,4.0,1.0,8.0,6.0,10.0,5.0,7.0,M,CHEMINADE,Jacques,28.0,0.15,0.19
40,Landes,2,Chalosse Tursan,20395,3100,15.2,17295,84.8,,,,16752,82.14,96.86,M,MACRON,Emmanuel,4381,21.48,26.15,M,FILLON,François,3061,15.01,18.27,F,LE PEN,Marine,2908,14.26,17.36,M,MÉLENCHON,Jean-Luc,2579,12.65,15.4,M,HAMON,Benoît,1730,8.48,10.33,M,LASSALLE,Jean,963,4.72,5.75,M,DUPONT-AIGNAN,Nicolas,702,3.44,4.19,M,POUTOU,Philippe,195,0.96,1.16,M,ASSELINEAU,François,120,0.59,0.72,F,ARTHAUD,Nathalie,94,0.46,0.56,MACRON,4381,2017,1,404.0,1.98,2.34,139.0,0.68,0.8,3.0,11.0,2.0,9.0,4.0,8.0,1.0,6.0,10.0,5.0,7.0,M,CHEMINADE,Jacques,19.0,0.09,0.11
40,Landes,3,Côte d'Argent,19020,3252,17.1,15768,82.9,,,,15198,79.91,96.39,M,MACRON,Emmanuel,3700,19.45,24.35,M,MÉLENCHON,Jean-Luc,3179,16.71,20.92,M,FILLON,François,2599,13.66,17.1,F,LE PEN,Marine,2572,13.52,16.92,M,HAMON,Benoît,1471,7.73,9.68,M,DUPONT-AIGNAN,Nicolas,640,3.36,4.21,M,LASSALLE,Jean,607,3.19,3.99,M,POUTOU,Philippe,221,1.16,1.45,M,ASSELINEAU,François,92,0.48,0.61,F,ARTHAUD,Nathalie,88,0.46,0.58,MACRON,3700,2017,1,385.0,2.02,2.44,185.0,0.97,1.17,3.0,9.0,11.0,2.0,4.0,1.0,8.0,6.0,10.0,5.0,7.0,M,CHEMINADE,Jacques,29.0,0.15,0.19
40,Landes,4,Coteau de Chalosse,19683,2907,14.77,16776,85.23,,,,16348,83.06,97.45,M,MACRON,Emmanuel,4003,20.34,24.49,M,MÉLENCHON,Jean-Luc,3282,16.67,20.08,F,LE PEN,Marine,2904,14.75,17.76,M,FILLON,François,2282,11.59,13.96,M,HAMON,Benoît,1981,10.06,12.12,M,LASSALLE,Jean,812,4.13,4.97,M,DUPONT-AIGNAN,Nicolas,696,3.54,4.26,M,POUTOU,Philippe,177,0.9,1.08,M,ASSELINEAU,François,133,0.68,0.81,F,ARTHAUD,Nathalie,56,0.28,0.34,MACRON,4003,2017,1,220.0,1.12,1.31,208.0,1.06,1.24,3.0,9.0,2.0,11.0,4.0,8.0,1.0,6.0,10.0,5.0,7.0,M,CHEMINADE,Jacques,22.0,0.11,0.13
40,Landes,5,Dax-1,17826,3048,17.1,14778,82.9,,,,14429,80.94,97.64,M,MACRON,Emmanuel,3749,21.03,25.98,M,MÉLENCHON,Jean-Luc,2940,16.49,20.38,F,LE PEN,Marine,2592,14.54,17.96,M,FILLON,François,2394,13.43,16.59,M,HAMON,Benoît,1211,6.79,8.39,M,DUPONT-AIGNAN,Nicolas,636,3.57,4.41,M,LASSALLE,Jean,542,3.04,3.76,M,POUTOU,Philippe,167,0.94,1.16,M,ASSELINEAU,François,102,0.57,0.71,F,ARTHAUD,Nathalie,76,0.43,0.53,MACRON,3749,2017,1,267.0,1.5,1.81,82.0,0.46,0.55,3.0,9.0,2.0,11.0,4.0,1.0,8.0,6.0,10.0,5.0,7.0,M,CHEMINADE,Jacques,20.0,0.11,0.14
40,Landes,6,Dax-2,21676,4315,19.91,17361,80.09,,,,16942,78.16,97.59,M,MACRON,Emmanuel,4467,20.61,26.37,M,FILLON,François,3612,16.66,21.32,M,MÉLENCHON,Jean-Luc,3107,14.33,18.34,F,LE PEN,Marine,2676,12.35,15.8,M,HAMON,Benoît,1394,6.43,8.23,M,LASSALLE,Jean,674,3.11,3.98,M,DUPONT-AIGNAN,Nicolas,639,2.95,3.77,M,POUTOU,Philippe,156,0.72,0.92,M,ASSELINEAU,François,127,0.59,0.75,F,ARTHAUD,Nathalie,72,0.33,0.42,MACRON,4467,2017,1,299.0,1.38,1.72,120.0,0.55,0.69,3.0,11.0,9.0,2.0,4.0,8.0,1.0,6.0,10.0,5.0,7.0,M,CHEMINADE,Jacques,18.0,0.08,0.11
40,Landes,7,Grands Lacs,26521,5255,19.81,21266,80.19,,,,20786,78.38,97.74,F,LE PEN,Marine,4721,17.8,22.71,M,MACRON,Emmanuel,4711,17.76,22.66,M,MÉLENCHON,Jean-Luc,3834,14.46,18.45,M,FILLON,François,3810,14.37,18.33,M,HAMON,Benoît,1262,4.76,6.07,M,DUPONT-AIGNAN,Nicolas,1223,4.61,5.88,M,LASSALLE,Jean,605,2.28,2.91,M,POUTOU,Philippe,261,0.98,1.26,M,ASSELINEAU,François,206,0.78,0.99,F,ARTHAUD,Nathalie,116,0.44,0.56,LE PEN,4721,2017,1,332.0,1.25,1.56,148.0,0.56,0.7,2.0,3.0,9.0,11.0,4.0,1.0,8.0,6.0,10.0,5.0,7.0,M,CHEMINADE,Jacques,37.0,0.14,0.18
40,Landes,8,Haute Lande Armagnac,17129,2919,17.04,14210,82.96,,,,13789,80.5,97.04,M,MACRON,Emmanuel,2979,17.39,21.6,M,MÉLENCHON,Jean-Luc,2940,17.16,21.32,F,LE PEN,Marine,2862,16.71,20.76,M,FILLON,François,2089,12.2,15.15,M,HAMON,Benoît,1323,7.72,9.59,M,DUPONT-AIGNAN,Nicolas,629,3.67,4.56,M,LASSALLE,Jean,587,3.43,4.26,M,POUTOU,Philippe,175,1.02,1.27,M,ASSELINEAU,François,104,0.61,0.75,F,ARTHAUD,Nathalie,81,0.47,0.59,MACRON,2979,2017,1,253.0,1.48,1.78,168.0,0.98,1.18,3.0,9.0,2.0,11.0,4.0,1.0,8.0,6.0,10.0,5.0,7.0,M,CHEMINADE,Jacques,20.0,0.12,0.15
40,Landes,9,Marensin Sud,25147,4427,17.6,20720,82.4,,,,20233,80.46,97.65,M,MACRON,Emmanuel,5397,21.46,26.67,M,FILLON,François,4668,18.56,23.07,M,MÉLENCHON,Jean-Luc,3771,15.0,18.64,F,LE PEN,Marine,2788,11.09,13.78,M,HAMON,Benoît,1464,5.82,7.24,M,LASSALLE,Jean,861,3.42,4.26,M,DUPONT-AIGNAN,Nicolas,823,3.27,4.07,M,POUTOU,Philippe,195,0.78,0.96,M,ASSELINEAU,François,151,0.6,0.75,F,ARTHAUD,Nathalie,81,0.32,0.4,MACRON,5397,2017,1,387.0,1.54,1.87,100.0,0.4,0.48,3.0,11.0,9.0,2.0,4.0,8.0,1.0,6.0,10.0,5.0,7.0,M,CHEMINADE,Jacques,34.0,0.14,0.17
40,Landes,10,Mont-de-Marsan-1,16903,3743,22.14,13160,77.86,,,,12799,75.72,97.26,M,MACRON,Emmanuel,3158,18.68,24.67,F,LE PEN,Marine,2548,15.07,19.91,M,MÉLENCHON,Jean-Luc,2493,14.75,19.48,M,FILLON,François,1980,11.71,15.47,M,HAMON,Benoît,1220,7.22,9.53,M,DUPONT-AIGNAN,Nicolas,620,3.67,4.84,M,LASSALLE,Jean,432,2.56,3.38,M,POUTOU,Philippe,136,0.8,1.06,M,ASSELINEAU,François,112,0.66,0.88,F,ARTHAUD,Nathalie,78,0.46,0.61,MACRON,3158,2017,1,256.0,1.51,1.95,105.0,0.62,0.8,3.0,2.0,9.0,11.0,4.0,1.0,8.0,6.0,10.0,5.0,7.0,M,CHEMINADE,Jacques,22.0,0.13,0.17
40,Landes,11,Mont-de-Marsan-2,21092,3758,17.82,17334,82.18,,,,16815,79.72,97.01,M,MACRON,Emmanuel,4613,21.87,27.43,M,MÉLENCHON,Jean-Luc,3023,14.33,17.98,F,LE PEN,Marine,2913,13.81,17.32,M,FILLON,François,2881,13.66,17.13,M,HAMON,Benoît,1593,7.55,9.47,M,DUPONT-AIGNAN,Nicolas,831,3.94,4.94,M,LASSALLE,Jean,581,2.75,3.46,M,POUTOU,Philippe,148,0.7,0.88,M,ASSELINEAU,François,123,0.58,0.73,F,ARTHAUD,Nathalie,81,0.38,0.48,MACRON,4613,2017,1,358.0,1.7,2.07,161.0,0.76,0.93,3.0,9.0,2.0,11.0,4.0,1.0,8.0,6.0,10.0,5.0,7.0,M,CHEMINADE,Jacques,28.0,0.13,0.17
40,Landes,12,Orthe et Arrigans,17966,3048,16.97,14918,83.03,,,,14554,81.01,97.56,M,MACRON,Emmanuel,3307,18.41,22.72,M,MÉLENCHON,Jean-Luc,3275,18.23,22.5,F,LE PEN,Marine,2644,14.72,18.17,M,FILLON,François,2268,12.62,15.58,M,HAMON,Benoît,1270,7.07,8.73,M,LASSALLE,Jean,821,4.57,5.64,M,DUPONT-AIGNAN,Nicolas,595,3.31,4.09,M,POUTOU,Philippe,171,0.95,1.17,M,ASSELINEAU,François,105,0.58,0.72,F,ARTHAUD,Nathalie,77,0.43,0.53,MACRON,3307,2017,1,246.0,1.37,1.65,118.0,0.66,0.79,3.0,9.0,2.0,11.0,4.0,8.0,1.0,6.0,10.0,5.0,7.0,M,CHEMINADE,Jacques,21.0,0.12,0.14
40,Landes,13,Pays Morcenais Tarusate,20799,3579,17.21,17220,82.79,,,,16672,80.16,96.82,M,MÉLENCHON,Jean-Luc,4132,19.87,24.78,M,MACRON,Emmanuel,3711,17.84,22.26,F,LE PEN,Marine,3268,15.71,19.6,M,FILLON,François,2035,9.78,12.21,M,HAMON,Benoît,1652,7.94,9.91,M,DUPONT-AIGNAN,Nicolas,708,3.4,4.25,M,LASSALLE,Jean,683,3.28,4.1,M,POUTOU,Philippe,242,1.16,1.45,M,ASSELINEAU,François,114,0.55,0.68,F,ARTHAUD,Nathalie,104,0.5,0.62,MÉLENCHON,4132,2017,1,390.0,1.88,2.26,158.0,0.76,0.92,9.0,3.0,2.0,11.0,4.0,1.0,8.0,6.0,10.0,5.0,7.0,M,CHEMINADE,Jacques,23.0,0.11,0.14
40,Landes,14,Pays Tyrossais,26610,5099,19.16,21511,80.84,,,,20991,78.88,97.58,M,MACRON,Emmanuel,5251,19.73,25.02,M,MÉLENCHON,Jean-Luc,4490,16.87,21.39,M,FILLON,François,3774,14.18,17.98,F,LE PEN,Marine,3594,13.51,17.12,M,HAMON,Benoît,1529,5.75,7.28,M,DUPONT-AIGNAN,Nicolas,924,3.47,4.4,M,LASSALLE,Jean,876,3.29,4.17,M,POUTOU,Philippe,239,0.9,1.14,M,ASSELINEAU,François,187,0.7,0.89,F,ARTHAUD,Nathalie,98,0.37,0.47,MACRON,5251,2017,1,409.0,1.54,1.9,111.0,0.42,0.52,3.0,9.0,11.0,2.0,4.0,1.0,8.0,6.0,10.0,5.0,7.0,M,CHEMINADE,Jacques,29.0,0.11,0.14
40,Landes,15,Seignanx,20986,3785,18.04,17201,81.96,,,,16753,79.83,97.4,M,MÉLENCHON,Jean-Luc,4431,21.11,26.45,M,MACRON,Emmanuel,4070,19.39,24.29,F,LE PEN,Marine,2871,13.68,17.14,M,FILLON,François,2264,10.79,13.51,M,HAMON,Benoît,1245,5.93,7.43,M,LASSALLE,Jean,761,3.63,4.54,M,DUPONT-AIGNAN,Nicolas,654,3.12,3.9,M,POUTOU,Philippe,219,1.04,1.31,M,ASSELINEAU,François,143,0.68,0.85,F,ARTHAUD,Nathalie,73,0.35,0.44,MÉLENCHON,4431,2017,1,332.0,1.58,1.93,116.0,0.55,0.67,9.0,3.0,2.0,11.0,4.0,8.0,1.0,6.0,10.0,5.0,7.0,M,CHEMINADE,Jacques,22.0,0.1,0.13
47,Lot-et-Garonne,1,Agen-1,11567,2270,19.62,9297,80.38,,,,9026,78.03,97.09,M,MACRON,Emmanuel,2091,18.08,23.17,F,LE PEN,Marine,2050,17.72,22.71,M,MÉLENCHON,Jean-Luc,1884,16.29,20.87,M,FILLON,François,1562,13.5,17.31,M,HAMON,Benoît,572,4.95,6.34,M,DUPONT-AIGNAN,Nicolas,378,3.27,4.19,M,LASSALLE,Jean,258,2.23,2.86,M,POUTOU,Philippe,88,0.76,0.97,M,ASSELINEAU,François,70,0.61,0.78,F,ARTHAUD,Nathalie,52,0.45,0.58,MACRON,2091,2017,1,188.0,1.63,2.02,83.0,0.72,0.89,3.0,2.0,9.0,11.0,4.0,1.0,8.0,6.0,10.0,5.0,7.0,M,CHEMINADE,Jacques,21.0,0.18,0.23
47,Lot-et-Garonne,2,Agen-2,10316,2079,20.15,8237,79.85,,,,8055,78.08,97.79,F,LE PEN,Marine,1975,19.15,24.52,M,MACRON,Emmanuel,1776,17.22,22.05,M,MÉLENCHON,Jean-Luc,1618,15.68,20.09,M,FILLON,François,1397,13.54,17.34,M,HAMON,Benoît,483,4.68,6.0,M,DUPONT-AIGNAN,Nicolas,391,3.79,4.85,M,LASSALLE,Jean,196,1.9,2.43,M,POUTOU,Philippe,82,0.79,1.02,M,ASSELINEAU,François,82,0.79,1.02,F,ARTHAUD,Nathalie,48,0.47,0.6,LE PEN,1975,2017,1,112.0,1.09,1.36,70.0,0.68,0.85,2.0,3.0,9.0,11.0,4.0,1.0,8.0,6.0,10.0,5.0,7.0,M,CHEMINADE,Jacques,7.0,0.07,0.09
47,Lot-et-Garonne,3,Agen-3,8660,2103,24.28,6557,75.72,,,,6398,73.88,97.58,M,MACRON,Emmanuel,1547,17.86,24.18,M,MÉLENCHON,Jean-Luc,1340,15.47,20.94,M,FILLON,François,1293,14.93,20.21,F,LE PEN,Marine,1173,13.55,18.33,M,HAMON,Benoît,462,5.33,7.22,M,DUPONT-AIGNAN,Nicolas,235,2.71,3.67,M,LASSALLE,Jean,174,2.01,2.72,M,POUTOU,Philippe,72,0.83,1.13,M,ASSELINEAU,François,65,0.75,1.02,F,ARTHAUD,Nathalie,28,0.32,0.44,MACRON,1547,2017,1,117.0,1.35,1.78,42.0,0.48,0.64,3.0,9.0,11.0,2.0,4.0,1.0,8.0,6.0,10.0,5.0,7.0,M,CHEMINADE,Jacques,9.0,0.1,0.14
47,Lot-et-Garonne,4,Agen-4,12164,2738,22.51,9426,77.49,,,,9218,75.78,97.79,M,MACRON,Emmanuel,2223,18.28,24.12,F,LE PEN,Marine,1920,15.78,20.83,M,MÉLENCHON,Jean-Luc,1835,15.09,19.91,M,FILLON,François,1781,14.64,19.32,M,HAMON,Benoît,608,5.0,6.6,M,DUPONT-AIGNAN,Nicolas,373,3.07,4.05,M,LASSALLE,Jean,231,1.9,2.51,M,POUTOU,Philippe,114,0.94,1.24,M,ASSELINEAU,François,85,0.7,0.92,F,ARTHAUD,Nathalie,34,0.28,0.37,MACRON,2223,2017,1,160.0,1.32,1.7,48.0,0.39,0.51,3.0,2.0,9.0,11.0,4.0,1.0,8.0,6.0,10.0,5.0,7.0,M,CHEMINADE,Jacques,14.0,0.12,0.15
47,Lot-et-Garonne,5,L'Albret,12967,2424,18.69,10543,81.31,,,,10252,79.06,97.24,F,LE PEN,Marine,2317,17.87,22.6,M,MACRON,Emmanuel,2153,16.6,21.0,M,FILLON,François,2051,15.82,20.01,M,MÉLENCHON,Jean-Luc,1927,14.86,18.8,M,HAMON,Benoît,599,4.62,5.84,M,DUPONT-AIGNAN,Nicolas,481,3.71,4.69,M,LASSALLE,Jean,476,3.67,4.64,M,POUTOU,Philippe,119,0.92,1.16,M,ASSELINEAU,François,67,0.52,0.65,F,ARTHAUD,Nathalie,50,0.39,0.49,LE PEN,2317,2017,1,198.0,1.53,1.88,93.0,0.72,0.88,2.0,3.0,11.0,9.0,4.0,1.0,8.0,6.0,10.0,5.0,7.0,M,CHEMINADE,Jacques,12.0,0.09,0.12
47,Lot-et-Garonne,6,Le Confluent,9911,1850,18.67,8061,81.33,,,,7839,79.09,97.25,F,LE PEN,Marine,2121,21.4,27.06,M,MÉLENCHON,Jean-Luc,1545,15.59,19.71,M,FILLON,François,1481,14.94,18.89,M,MACRON,Emmanuel,1455,14.68,18.56,M,HAMON,Benoît,406,4.1,5.18,M,DUPONT-AIGNAN,Nicolas,372,3.75,4.75,M,LASSALLE,Jean,238,2.4,3.04,M,POUTOU,Philippe,99,1.0,1.26,M,ASSELINEAU,François,61,0.62,0.78,F,ARTHAUD,Nathalie,51,0.51,0.65,LE PEN,2121,2017,1,151.0,1.52,1.87,71.0,0.72,0.88,2.0,9.0,11.0,3.0,4.0,1.0,8.0,6.0,10.0,5.0,7.0,M,CHEMINADE,Jacques,10.0,0.1,0.13
47,Lot-et-Garonne,7,Les Coteaux de Guyenne,9496,1501,15.81,7995,84.19,,,,7753,81.64,96.97,F,LE PEN,Marine,2067,21.77,26.66,M,FILLON,François,1523,16.04,19.64,M,MACRON,Emmanuel,1475,15.53,19.02,M,MÉLENCHON,Jean-Luc,1267,13.34,16.34,M,DUPONT-AIGNAN,Nicolas,461,4.85,5.95,M,HAMON,Benoît,410,4.32,5.29,M,LASSALLE,Jean,288,3.03,3.71,M,POUTOU,Philippe,111,1.17,1.43,M,ASSELINEAU,François,81,0.85,1.04,F,ARTHAUD,Nathalie,55,0.58,0.71,LE PEN,2067,2017,1,162.0,1.71,2.03,80.0,0.84,1.0,2.0,11.0,3.0,9.0,1.0,4.0,8.0,6.0,10.0,5.0,7.0,M,CHEMINADE,Jacques,15.0,0.16,0.19
47,Lot-et-Garonne,8,Les Forêts de Gascogne,12063,2163,17.93,9900,82.07,,,,9615,79.71,97.12,F,LE PEN,Marine,2484,20.59,25.83,M,MÉLENCHON,Jean-Luc,1987,16.47,20.67,M,MACRON,Emmanuel,1885,15.63,19.6,M,FILLON,François,1638,13.58,17.04,M,DUPONT-AIGNAN,Nicolas,526,4.36,5.47,M,HAMON,Benoît,511,4.24,5.31,M,LASSALLE,Jean,353,2.93,3.67,M,POUTOU,Philippe,106,0.88,1.1,M,ASSELINEAU,François,61,0.51,0.63,F,ARTHAUD,Nathalie,46,0.38,0.48,LE PEN,2484,2017,1,190.0,1.58,1.92,95.0,0.79,0.96,2.0,9.0,3.0,11.0,1.0,4.0,8.0,6.0,10.0,5.0,7.0,M,CHEMINADE,Jacques,18.0,0.15,0.19
47,Lot-et-Garonne,9,Le Fumélois,13764,2644,19.21,11120,80.79,,,,10781,78.33,96.95,F,LE PEN,Marine,2500,18.16,23.19,M,MACRON,Emmanuel,2307,16.76,21.4,M,MÉLENCHON,Jean-Luc,2205,16.02,20.45,M,FILLON,François,1793,13.03,16.63,M,HAMON,Benoît,709,5.15,6.58,M,DUPONT-AIGNAN,Nicolas,541,3.93,5.02,M,LASSALLE,Jean,345,2.51,3.2,M,POUTOU,Philippe,198,1.44,1.84,M,ASSELINEAU,François,84,0.61,0.78,F,ARTHAUD,Nathalie,74,0.54,0.69,LE PEN,2500,2017,1,243.0,1.77,2.19,96.0,0.7,0.86,2.0,3.0,9.0,11.0,4.0,1.0,8.0,6.0,10.0,5.0,7.0,M,CHEMINADE,Jacques,25.0,0.18,0.23
47,Lot-et-Garonne,10,Le Haut Agenais Périgord,10111,1645,16.27,8466,83.73,,,,8205,81.15,96.92,F,LE PEN,Marine,2017,19.95,24.58,M,MACRON,Emmanuel,1619,16.01,19.73,M,FILLON,François,1524,15.07,18.57,M,MÉLENCHON,Jean-Luc,1490,14.74,18.16,M,DUPONT-AIGNAN,Nicolas,486,4.81,5.92,M,HAMON,Benoît,456,4.51,5.56,M,LASSALLE,Jean,359,3.55,4.38,M,POUTOU,Philippe,119,1.18,1.45,M,ASSELINEAU,François,72,0.71,0.88,F,ARTHAUD,Nathalie,50,0.49,0.61,LE PEN,2017,2017,1,193.0,1.91,2.28,68.0,0.67,0.8,2.0,3.0,11.0,9.0,1.0,4.0,8.0,6.0,10.0,5.0,7.0,M,CHEMINADE,Jacques,13.0,0.13,0.16
47,Lot-et-Garonne,11,Lavardac,9889,1729,17.48,8160,82.52,,,,7916,80.05,97.01,F,LE PEN,Marine,2153,21.77,27.2,M,MÉLENCHON,Jean-Luc,1531,15.48,19.34,M,MACRON,Emmanuel,1501,15.18,18.96,M,FILLON,François,1428,14.44,18.04,M,HAMON,Benoît,419,4.24,5.29,M,DUPONT-AIGNAN,Nicolas,390,3.94,4.93,M,LASSALLE,Jean,278,2.81,3.51,M,POUTOU,Philippe,78,0.79,0.99,M,ASSELINEAU,François,73,0.74,0.92,F,ARTHAUD,Nathalie,48,0.49,0.61,LE PEN,2153,2017,1,153.0,1.55,1.88,91.0,0.92,1.12,2.0,9.0,3.0,11.0,4.0,1.0,8.0,6.0,10.0,5.0,7.0,M,CHEMINADE,Jacques,17.0,0.17,0.21
47,Lot-et-Garonne,12,Le Livradais,10747,2111,19.64,8636,80.36,,,,8407,78.23,97.35,F,LE PEN,Marine,2170,20.19,25.81,M,MÉLENCHON,Jean-Luc,1688,15.71,20.08,M,FILLON,François,1621,15.08,19.28,M,MACRON,Emmanuel,1561,14.52,18.57,M,DUPONT-AIGNAN,Nicolas,441,4.1,5.25,M,HAMON,Benoît,404,3.76,4.81,M,LASSALLE,Jean,246,2.29,2.93,M,POUTOU,Philippe,114,1.06,1.36,M,ASSELINEAU,François,95,0.88,1.13,F,ARTHAUD,Nathalie,53,0.49,0.63,LE PEN,2170,2017,1,157.0,1.46,1.82,72.0,0.67,0.83,2.0,9.0,11.0,3.0,1.0,4.0,8.0,6.0,10.0,5.0,7.0,M,CHEMINADE,Jacques,14.0,0.13,0.17
47,Lot-et-Garonne,13,Marmande-1,13521,2832,20.95,10689,79.05,,,,10354,76.58,96.87,F,LE PEN,Marine,2634,19.48,25.44,M,MACRON,Emmanuel,2260,16.71,21.83,M,MÉLENCHON,Jean-Luc,1968,14.56,19.01,M,FILLON,François,1828,13.52,17.66,M,HAMON,Benoît,621,4.59,6.0,M,DUPONT-AIGNAN,Nicolas,456,3.37,4.4,M,LASSALLE,Jean,304,2.25,2.94,M,POUTOU,Philippe,118,0.87,1.14,M,ASSELINEAU,François,89,0.66,0.86,F,ARTHAUD,Nathalie,61,0.45,0.59,LE PEN,2634,2017,1,236.0,1.75,2.21,99.0,0.73,0.93,2.0,3.0,9.0,11.0,4.0,1.0,8.0,6.0,10.0,5.0,7.0,M,CHEMINADE,Jacques,15.0,0.11,0.14
47,Lot-et-Garonne,14,Marmande-2,12900,2585,20.04,10315,79.96,,,,10035,77.79,97.29,F,LE PEN,Marine,2662,20.64,26.53,M,MACRON,Emmanuel,2060,15.97,20.53,M,FILLON,François,1869,14.49,18.62,M,MÉLENCHON,Jean-Luc,1796,13.92,17.9,M,HAMON,Benoît,561,4.35,5.59,M,DUPONT-AIGNAN,Nicolas,491,3.81,4.89,M,LASSALLE,Jean,307,2.38,3.06,M,POUTOU,Philippe,126,0.98,1.26,M,ASSELINEAU,François,84,0.65,0.84,F,ARTHAUD,Nathalie,59,0.46,0.59,LE PEN,2662,2017,1,180.0,1.4,1.75,100.0,0.78,0.97,2.0,3.0,11.0,9.0,4.0,1.0,8.0,6.0,10.0,5.0,7.0,M,CHEMINADE,Jacques,20.0,0.16,0.2
47,Lot-et-Garonne,15,L'Ouest agenais,13177,2021,15.34,11156,84.66,,,,10884,82.6,97.56,F,LE PEN,Marine,2923,22.18,26.86,M,MACRON,Emmanuel,2376,18.03,21.83,M,FILLON,François,2041,15.49,18.75,M,MÉLENCHON,Jean-Luc,1820,13.81,16.72,M,DUPONT-AIGNAN,Nicolas,570,4.33,5.24,M,HAMON,Benoît,551,4.18,5.06,M,LASSALLE,Jean,351,2.66,3.22,M,POUTOU,Philippe,98,0.74,0.9,M,ASSELINEAU,François,97,0.74,0.89,F,ARTHAUD,Nathalie,42,0.32,0.39,LE PEN,2923,2017,1,200.0,1.52,1.79,72.0,0.55,0.65,2.0,3.0,11.0,9.0,1.0,4.0,8.0,6.0,10.0,5.0,7.0,M,CHEMINADE,Jacques,15.0,0.11,0.14
47,Lot-et-Garonne,16,Le Pays de Serres,9926,1660,16.72,8266,83.28,,,,8064,81.24,97.56,F,LE PEN,Marine,2132,21.48,26.44,M,MACRON,Emmanuel,1562,15.74,19.37,M,MÉLENCHON,Jean-Luc,1539,15.5,19.08,M,FILLON,François,1472,14.83,18.25,M,DUPONT-AIGNAN,Nicolas,470,4.74,5.83,M,HAMON,Benoît,431,4.34,5.34,M,LASSALLE,Jean,237,2.39,2.94,M,POUTOU,Philippe,107,1.08,1.33,M,ASSELINEAU,François,58,0.58,0.72,F,ARTHAUD,Nathalie,40,0.4,0.5,LE PEN,2132,2017,1,132.0,1.33,1.6,70.0,0.71,0.85,2.0,3.0,9.0,11.0,1.0,4.0,8.0,6.0,10.0,5.0,7.0,M,CHEMINADE,Jacques,16.0,0.16,0.2
47,Lot-et-Garonne,17,Le Sud-Est agenais,13268,2328,17.55,10940,82.45,,,,10635,80.16,97.21,F,LE PEN,Marine,3073,23.16,28.9,M,MACRON,Emmanuel,2113,15.93,19.87,M,FILLON,François,1890,14.24,17.77,M,MÉLENCHON,Jean-Luc,1800,13.57,16.93,M,DUPONT-AIGNAN,Nicolas,564,4.25,5.3,M,HAMON,Benoît,519,3.91,4.88,M,LASSALLE,Jean,388,2.92,3.65,M,POUTOU,Philippe,124,0.93,1.17,M,ASSELINEAU,François,91,0.69,0.86,F,ARTHAUD,Nathalie,59,0.44,0.55,LE PEN,3073,2017,1,232.0,1.75,2.12,73.0,0.55,0.67,2.0,3.0,11.0,9.0,1.0,4.0,8.0,6.0,10.0,5.0,7.0,M,CHEMINADE,Jacques,14.0,0.11,0.13
47,Lot-et-Garonne,18,Tonneins,12599,2609,20.71,9990,79.29,,,,9739,77.3,97.49,F,LE PEN,Marine,2649,21.03,27.2,M,MÉLENCHON,Jean-Luc,1907,15.14,19.58,M,MACRON,Emmanuel,1853,14.71,19.03,M,FILLON,François,1699,13.49,17.45,M,HAMON,Benoît,550,4.37,5.65,M,DUPONT-AIGNAN,Nicolas,459,3.64,4.71,M,LASSALLE,Jean,334,2.65,3.43,M,POUTOU,Philippe,133,1.06,1.37,M,ASSELINEAU,François,76,0.6,0.78,F,ARTHAUD,Nathalie,60,0.48,0.62,LE PEN,2649,2017,1,168.0,1.33,1.68,83.0,0.66,0.83,2.0,9.0,3.0,11.0,4.0,1.0,8.0,6.0,10.0,5.0,7.0,M,CHEMINADE,Jacques,19.0,0.15,0.2
47,Lot-et-Garonne,19,Le Val du Dropt,9213,1715,18.62,7498,81.38,,,,7289,79.12,97.21,F,LE PEN,Marine,1860,20.19,25.52,M,MACRON,Emmanuel,1556,16.89,21.35,M,FILLON,François,1369,14.86,18.78,M,MÉLENCHON,Jean-Luc,1208,13.11,16.57,M,DUPONT-AIGNAN,Nicolas,438,4.75,6.01,M,HAMON,Benoît,332,3.6,4.55,M,LASSALLE,Jean,295,3.2,4.05,M,POUTOU,Philippe,100,1.09,1.37,M,ASSELINEAU,François,64,0.69,0.88,F,ARTHAUD,Nathalie,43,0.47,0.59,LE PEN,1860,2017,1,143.0,1.55,1.91,66.0,0.72,0.88,2.0,3.0,11.0,9.0,1.0,4.0,8.0,6.0,10.0,5.0,7.0,M,CHEMINADE,Jacques,24.0,0.26,0.33
47,Lot-et-Garonne,20,Villeneuve-sur-Lot-1,11763,2912,24.76,8851,75.24,,,,8620,73.28,97.39,F,LE PEN,Marine,1952,16.59,22.65,M,MACRON,Emmanuel,1869,15.89,21.68,M,FILLON,François,1805,15.34,20.94,M,MÉLENCHON,Jean-Luc,1654,14.06,19.19,M,HAMON,Benoît,492,4.18,5.71,M,DUPONT-AIGNAN,Nicolas,394,3.35,4.57,M,LASSALLE,Jean,218,1.85,2.53,M,ASSELINEAU,François,97,0.82,1.13,M,POUTOU,Philippe,85,0.72,0.99,F,ARTHAUD,Nathalie,39,0.33,0.45,LE PEN,1952,2017,1,174.0,1.48,1.97,57.0,0.48,0.64,2.0,3.0,11.0,9.0,4.0,1.0,8.0,10.0,6.0,5.0,7.0,M,CHEMINADE,Jacques,15.0,0.13,0.17
47,Lot-et-Garonne,21,Villeneuve-sur-Lot-2,12909,2886,22.36,10023,77.64,,,,9737,75.43,97.15,F,LE PEN,Marine,2439,18.89,25.05,M,MACRON,Emmanuel,2011,15.58,20.65,M,MÉLENCHON,Jean-Luc,2009,15.56,20.63,M,FILLON,François,1763,13.66,18.11,M,HAMON,Benoît,543,4.21,5.58,M,DUPONT-AIGNAN,Nicolas,490,3.8,5.03,M,LASSALLE,Jean,207,1.6,2.13,M,ASSELINEAU,François,108,0.84,1.11,M,POUTOU,Philippe,101,0.78,1.04,F,ARTHAUD,Nathalie,52,0.4,0.53,LE PEN,2439,2017,1,171.0,1.32,1.71,115.0,0.89,1.15,2.0,3.0,9.0,11.0,4.0,1.0,8.0,10.0,6.0,5.0,7.0,M,CHEMINADE,Jacques,14.0,0.11,0.14
64,Pyrénées-Atlantiques,1,Anglet,17431,3459,19.84,13972,80.16,,,,13706,78.63,98.1,M,MACRON,Emmanuel,3951,22.67,28.83,M,FILLON,François,3103,17.8,22.64,M,MÉLENCHON,Jean-Luc,2652,15.21,19.35,F,LE PEN,Marine,1626,9.33,11.86,M,HAMON,Benoît,998,5.73,7.28,M,DUPONT-AIGNAN,Nicolas,530,3.04,3.87,M,LASSALLE,Jean,509,2.92,3.71,M,POUTOU,Philippe,162,0.93,1.18,M,ASSELINEAU,François,108,0.62,0.79,F,ARTHAUD,Nathalie,44,0.25,0.32,MACRON,3951,2017,1,186.0,1.07,1.33,80.0,0.46,0.57,3.0,11.0,9.0,2.0,4.0,1.0,8.0,6.0,10.0,5.0,7.0,M,CHEMINADE,Jacques,23.0,0.13,0.17
64,Pyrénées-Atlantiques,2,Artix et Pays de Soubestre,21175,3274,15.46,17901,84.54,,,,17439,82.36,97.42,M,MACRON,Emmanuel,4337,20.48,24.87,M,MÉLENCHON,Jean-Luc,3484,16.45,19.98,F,LE PEN,Marine,3221,15.21,18.47,M,FILLON,François,2335,11.03,13.39,M,LASSALLE,Jean,1410,6.66,8.09,M,HAMON,Benoît,1362,6.43,7.81,M,DUPONT-AIGNAN,Nicolas,813,3.84,4.66,M,POUTOU,Philippe,230,1.09,1.32,M,ASSELINEAU,François,131,0.62,0.75,F,ARTHAUD,Nathalie,97,0.46,0.56,MACRON,4337,2017,1,328.0,1.55,1.83,134.0,0.63,0.75,3.0,9.0,2.0,11.0,8.0,4.0,1.0,6.0,10.0,5.0,7.0,M,CHEMINADE,Jacques,19.0,0.09,0.11
64,Pyrénées-Atlantiques,3,Baïgura et Mondarrain,18211,3553,19.51,14658,80.49,,,,14284,78.44,97.45,M,MACRON,Emmanuel,3246,17.82,22.72,M,FILLON,François,2678,14.71,18.75,M,MÉLENCHON,Jean-Luc,2406,13.21,16.84,F,LE PEN,Marine,1918,10.53,13.43,M,LASSALLE,Jean,1694,9.3,11.86,M,HAMON,Benoît,1085,5.96,7.6,M,DUPONT-AIGNAN,Nicolas,569,3.12,3.98,M,POUTOU,Philippe,478,2.62,3.35,M,ASSELINEAU,François,105,0.58,0.74,F,ARTHAUD,Nathalie,82,0.45,0.57,MACRON,3246,2017,1,279.0,1.53,1.9,95.0,0.52,0.65,3.0,11.0,9.0,2.0,8.0,4.0,1.0,6.0,10.0,5.0,7.0,M,CHEMINADE,Jacques,23.0,0.13,0.16
64,Pyrénées-Atlantiques,4,Bayonne-1,17231,3327,19.31,13904,80.69,,,,13616,79.02,97.93,M,FILLON,François,3915,22.72,28.75,M,MACRON,Emmanuel,3797,22.04,27.89,M,MÉLENCHON,Jean-Luc,2324,13.49,17.07,F,LE PEN,Marine,1335,7.75,9.8,M,HAMON,Benoît,992,5.76,7.29,M,LASSALLE,Jean,523,3.04,3.84,M,DUPONT-AIGNAN,Nicolas,433,2.51,3.18,M,POUTOU,Philippe,132,0.77,0.97,M,ASSELINEAU,François,118,0.68,0.87,F,ARTHAUD,Nathalie,32,0.19,0.24,FILLON,3915,2017,1,230.0,1.33,1.65,58.0,0.34,0.42,11.0,3.0,9.0,2.0,4.0,8.0,1.0,6.0,10.0,5.0,7.0,M,CHEMINADE,Jacques,15.0,0.09,0.11
64,Pyrénées-Atlantiques,5,Bayonne-2,16626,4007,24.1,12619,75.9,,,,12293,73.94,97.42,M,MÉLENCHON,Jean-Luc,3357,20.19,27.31,M,MACRON,Emmanuel,2915,17.53,23.71,F,LE PEN,Marine,2125,12.78,17.29,M,FILLON,François,1515,9.11,12.32,M,HAMON,Benoît,1007,6.06,8.19,M,LASSALLE,Jean,551,3.31,4.48,M,DUPONT-AIGNAN,Nicolas,446,2.68,3.63,M,POUTOU,Philippe,201,1.21,1.64,M,ASSELINEAU,François,99,0.6,0.81,F,ARTHAUD,Nathalie,64,0.38,0.52,MÉLENCHON,3357,2017,1,231.0,1.39,1.83,95.0,0.57,0.75,9.0,3.0,2.0,11.0,4.0,8.0,1.0,6.0,10.0,5.0,7.0,M,CHEMINADE,Jacques,13.0,0.08,0.11
64,Pyrénées-Atlantiques,6,Bayonne-3,15711,3586,22.82,12125,77.18,,,,11894,75.7,98.09,M,MACRON,Emmanuel,3199,20.36,26.9,M,MÉLENCHON,Jean-Luc,2766,17.61,23.26,M,FILLON,François,2147,13.67,18.05,F,LE PEN,Marine,1355,8.62,11.39,M,HAMON,Benoît,1235,7.86,10.38,M,LASSALLE,Jean,444,2.83,3.73,M,DUPONT-AIGNAN,Nicolas,355,2.26,2.98,M,POUTOU,Philippe,201,1.28,1.69,M,ASSELINEAU,François,123,0.78,1.03,F,ARTHAUD,Nathalie,53,0.34,0.45,MACRON,3199,2017,1,153.0,0.97,1.26,78.0,0.5,0.64,3.0,9.0,11.0,2.0,4.0,8.0,1.0,6.0,10.0,5.0,7.0,M,CHEMINADE,Jacques,16.0,0.1,0.13
64,Pyrénées-Atlantiques,7,Biarritz,22340,5673,25.39,16667,74.61,,,,16415,73.48,98.49,M,FILLON,François,5280,23.63,32.17,M,MACRON,Emmanuel,4490,20.1,27.35,M,MÉLENCHON,Jean-Luc,2717,12.16,16.55,F,LE PEN,Marine,1574,7.05,9.59,M,HAMON,Benoît,1032,4.62,6.29,M,LASSALLE,Jean,550,2.46,3.35,M,DUPONT-AIGNAN,Nicolas,431,1.93,2.63,M,POUTOU,Philippe,165,0.74,1.01,M,ASSELINEAU,François,113,0.51,0.69,F,ARTHAUD,Nathalie,50,0.22,0.3,FILLON,5280,2017,1,190.0,0.85,1.14,62.0,0.28,0.37,11.0,3.0,9.0,2.0,4.0,8.0,1.0,6.0,10.0,5.0,7.0,M,CHEMINADE,Jacques,13.0,0.06,0.08
64,Pyrénées-Atlantiques,8,Billère et Coteaux de Jurançon,15855,3258,20.55,12597,79.45,,,,12284,77.48,97.52,M,MACRON,Emmanuel,3426,21.61,27.89,M,MÉLENCHON,Jean-Luc,2638,16.64,21.48,M,FILLON,François,1973,12.44,16.06,F,LE PEN,Marine,1784,11.25,14.52,M,HAMON,Benoît,1043,6.58,8.49,M,LASSALLE,Jean,640,4.04,5.21,M,DUPONT-AIGNAN,Nicolas,461,2.91,3.75,M,POUTOU,Philippe,133,0.84,1.08,M,ASSELINEAU,François,102,0.64,0.83,F,ARTHAUD,Nathalie,68,0.43,0.55,MACRON,3426,2017,1,213.0,1.34,1.69,100.0,0.63,0.79,3.0,9.0,11.0,2.0,4.0,8.0,1.0,6.0,10.0,5.0,7.0,M,CHEMINADE,Jacques,16.0,0.1,0.13
64,Pyrénées-Atlantiques,9,Le Cœur de Béarn,21483,4302,20.03,17181,79.97,,,,16729,77.87,97.37,M,MACRON,Emmanuel,3968,18.47,23.72,M,MÉLENCHON,Jean-Luc,3639,16.94,21.75,F,LE PEN,Marine,2910,13.55,17.39,M,FILLON,François,2061,9.59,12.32,M,LASSALLE,Jean,1652,7.69,9.88,M,HAMON,Benoît,1384,6.44,8.27,M,DUPONT-AIGNAN,Nicolas,688,3.2,4.11,M,POUTOU,Philippe,206,0.96,1.23,M,ASSELINEAU,François,122,0.57,0.73,F,ARTHAUD,Nathalie,81,0.38,0.48,MACRON,3968,2017,1,299.0,1.39,1.74,153.0,0.71,0.89,3.0,9.0,2.0,11.0,8.0,4.0,1.0,6.0,10.0,5.0,7.0,M,CHEMINADE,Jacques,18.0,0.08,0.11
64,Pyrénées-Atlantiques,10,Hendaye-Côte Basque-Sud,17176,3864,22.5,13312,77.5,,,,12962,75.47,97.37,M,MÉLENCHON,Jean-Luc,3202,18.64,24.7,M,MACRON,Emmanuel,3099,18.04,23.91,M,FILLON,François,2190,12.75,16.9,F,LE PEN,Marine,1659,9.66,12.8,M,HAMON,Benoît,1155,6.72,8.91,M,LASSALLE,Jean,743,4.33,5.73,M,DUPONT-AIGNAN,Nicolas,403,2.35,3.11,M,POUTOU,Philippe,321,1.87,2.48,M,ASSELINEAU,François,87,0.51,0.67,F,ARTHAUD,Nathalie,82,0.48,0.63,MÉLENCHON,3202,2017,1,245.0,1.43,1.84,105.0,0.61,0.79,9.0,3.0,11.0,2.0,4.0,8.0,1.0,6.0,10.0,5.0,7.0,M,CHEMINADE,Jacques,21.0,0.12,0.16
64,Pyrénées-Atlantiques,11,"Lescar, Gave et Terres du Pont-Long",21485,3491,16.25,17994,83.75,,,,17577,81.81,97.68,M,MACRON,Emmanuel,5453,25.38,31.02,M,MÉLENCHON,Jean-Luc,3313,15.42,18.85,M,FILLON,François,3003,13.98,17.08,F,LE PEN,Marine,2521,11.73,14.34,M,HAMON,Benoît,1347,6.27,7.66,M,DUPONT-AIGNAN,Nicolas,801,3.73,4.56,M,LASSALLE,Jean,754,3.51,4.29,M,POUTOU,Philippe,175,0.81,1.0,M,ASSELINEAU,François,129,0.6,0.73,F,ARTHAUD,Nathalie,59,0.27,0.34,MACRON,5453,2017,1,312.0,1.45,1.73,105.0,0.49,0.58,3.0,9.0,11.0,2.0,4.0,1.0,8.0,6.0,10.0,5.0,7.0,M,CHEMINADE,Jacques,22.0,0.1,0.13
64,Pyrénées-Atlantiques,12,Montagne Basque,20958,4156,19.83,16802,80.17,,,,16330,77.92,97.19,M,MACRON,Emmanuel,3527,16.83,21.6,M,FILLON,François,2996,14.3,18.35,M,MÉLENCHON,Jean-Luc,2844,13.57,17.42,M,LASSALLE,Jean,2802,13.37,17.16,F,LE PEN,Marine,1572,7.5,9.63,M,HAMON,Benoît,1238,5.91,7.58,M,POUTOU,Philippe,654,3.12,4.0,M,DUPONT-AIGNAN,Nicolas,460,2.19,2.82,F,ARTHAUD,Nathalie,123,0.59,0.75,M,ASSELINEAU,François,88,0.42,0.54,MACRON,3527,2017,1,346.0,1.65,2.06,126.0,0.6,0.75,3.0,11.0,9.0,8.0,2.0,4.0,6.0,1.0,5.0,10.0,7.0,M,CHEMINADE,Jacques,26.0,0.12,0.16
64,Pyrénées-Atlantiques,13,Nive-Adour,20180,3429,16.99,16751,83.01,,,,16351,81.03,97.61,M,MACRON,Emmanuel,4097,20.3,25.06,M,MÉLENCHON,Jean-Luc,3274,16.22,20.02,M,FILLON,François,2913,14.44,17.82,F,LE PEN,Marine,2614,12.95,15.99,M,HAMON,Benoît,1252,6.2,7.66,M,LASSALLE,Jean,1085,5.38,6.64,M,DUPONT-AIGNAN,Nicolas,666,3.3,4.07,M,POUTOU,Philippe,243,1.2,1.49,M,ASSELINEAU,François,130,0.64,0.8,F,ARTHAUD,Nathalie,63,0.31,0.39,MACRON,4097,2017,1,300.0,1.49,1.79,100.0,0.5,0.6,3.0,9.0,11.0,2.0,4.0,8.0,1.0,6.0,10.0,5.0,7.0,M,CHEMINADE,Jacques,14.0,0.07,0.09
64,Pyrénées-Atlantiques,14,Oloron-Sainte-Marie-1,16504,2945,17.84,13559,82.16,,,,13282,80.48,97.96,M,MÉLENCHON,Jean-Luc,3215,19.48,24.21,M,MACRON,Emmanuel,2984,18.08,22.47,M,LASSALLE,Jean,2283,13.83,17.19,F,LE PEN,Marine,1539,9.33,11.59,M,FILLON,François,1499,9.08,11.29,M,HAMON,Benoît,1020,6.18,7.68,M,DUPONT-AIGNAN,Nicolas,415,2.51,3.12,M,POUTOU,Philippe,165,1.0,1.24,F,ARTHAUD,Nathalie,80,0.48,0.6,M,ASSELINEAU,François,59,0.36,0.44,MÉLENCHON,3215,2017,1,203.0,1.23,1.5,74.0,0.45,0.55,9.0,3.0,8.0,2.0,11.0,4.0,1.0,6.0,5.0,10.0,7.0,M,CHEMINADE,Jacques,23.0,0.14,0.17
64,Pyrénées-Atlantiques,15,Oloron-Sainte-Marie-2,18295,3272,17.88,15023,82.12,,,,14708,80.39,97.9,M,MÉLENCHON,Jean-Luc,3669,20.05,24.95,M,MACRON,Emmanuel,3377,18.46,22.96,F,LE PEN,Marine,1971,10.77,13.4,M,LASSALLE,Jean,1845,10.08,12.54,M,FILLON,François,1813,9.91,12.33,M,HAMON,Benoît,1137,6.21,7.73,M,DUPONT-AIGNAN,Nicolas,516,2.82,3.51,M,POUTOU,Philippe,211,1.15,1.43,M,ASSELINEAU,François,80,0.44,0.54,F,ARTHAUD,Nathalie,72,0.39,0.49,MÉLENCHON,3669,2017,1,236.0,1.29,1.57,79.0,0.43,0.53,9.0,3.0,2.0,8.0,11.0,4.0,1.0,6.0,10.0,5.0,7.0,M,CHEMINADE,Jacques,17.0,0.09,0.12
64,Pyrénées-Atlantiques,16,Orthez et Terres des Gaves et du Sel,20916,4274,20.43,16642,79.57,,,,16232,77.61,97.54,M,MACRON,Emmanuel,4065,19.43,25.04,M,MÉLENCHON,Jean-Luc,3251,15.54,20.03,M,FILLON,François,2389,11.42,14.72,F,LE PEN,Marine,2369,11.33,14.59,M,LASSALLE,Jean,1628,7.78,10.03,M,HAMON,Benoît,1410,6.74,8.69,M,DUPONT-AIGNAN,Nicolas,690,3.3,4.25,M,POUTOU,Philippe,223,1.07,1.37,M,ASSELINEAU,François,106,0.51,0.65,F,ARTHAUD,Nathalie,80,0.38,0.49,MACRON,4065,2017,1,284.0,1.36,1.71,126.0,0.6,0.76,3.0,9.0,11.0,2.0,8.0,4.0,1.0,6.0,10.0,5.0,7.0,M,CHEMINADE,Jacques,21.0,0.1,0.13
64,Pyrénées-Atlantiques,17,"Ouzom, Gave et Rives du Neez",16707,2694,16.12,14013,83.88,,,,13679,81.88,97.62,M,MACRON,Emmanuel,3822,22.88,27.94,M,MÉLENCHON,Jean-Luc,2689,16.1,19.66,F,LE PEN,Marine,2236,13.38,16.35,M,FILLON,François,2147,12.85,15.7,M,HAMON,Benoît,994,5.95,7.27,M,LASSALLE,Jean,923,5.52,6.75,M,DUPONT-AIGNAN,Nicolas,568,3.4,4.15,M,POUTOU,Philippe,157,0.94,1.15,M,ASSELINEAU,François,85,0.51,0.62,F,ARTHAUD,Nathalie,46,0.28,0.34,MACRON,3822,2017,1,227.0,1.36,1.62,107.0,0.64,0.76,3.0,9.0,2.0,11.0,4.0,8.0,1.0,6.0,10.0,5.0,7.0,M,CHEMINADE,Jacques,12.0,0.07,0.09
64,Pyrénées-Atlantiques,18,Pau-1,14909,3501,23.48,11408,76.52,,,,11133,74.67,97.59,M,MACRON,Emmanuel,3262,21.88,29.3,M,MÉLENCHON,Jean-Luc,2521,16.91,22.64,M,FILLON,François,1671,11.21,15.01,F,LE PEN,Marine,1495,10.03,13.43,M,HAMON,Benoît,1085,7.28,9.75,M,LASSALLE,Jean,405,2.72,3.64,M,DUPONT-AIGNAN,Nicolas,403,2.7,3.62,M,POUTOU,Philippe,139,0.93,1.25,M,ASSELINEAU,François,79,0.53,0.71,F,ARTHAUD,Nathalie,57,0.38,0.51,MACRON,3262,2017,1,177.0,1.19,1.55,98.0,0.66,0.86,3.0,9.0,11.0,2.0,4.0,8.0,1.0,6.0,10.0,5.0,7.0,M,CHEMINADE,Jacques,16.0,0.11,0.14
64,Pyrénées-Atlantiques,19,Pau-2,15410,3354,21.77,12056,78.23,,,,11825,76.74,98.08,M,MACRON,Emmanuel,3830,24.85,32.39,M,MÉLENCHON,Jean-Luc,2472,16.04,20.9,M,FILLON,François,2016,13.08,17.05,F,LE PEN,Marine,1510,9.8,12.77,M,HAMON,Benoît,922,5.98,7.8,M,LASSALLE,Jean,452,2.93,3.82,M,DUPONT-AIGNAN,Nicolas,333,2.16,2.82,M,POUTOU,Philippe,119,0.77,1.01,M,ASSELINEAU,François,95,0.62,0.8,F,ARTHAUD,Nathalie,53,0.34,0.45,MACRON,3830,2017,1,160.0,1.04,1.33,71.0,0.46,0.59,3.0,9.0,11.0,2.0,4.0,8.0,1.0,6.0,10.0,5.0,7.0,M,CHEMINADE,Jacques,23.0,0.15,0.19
64,Pyrénées-Atlantiques,20,Pau-3,15129,3284,21.71,11845,78.29,,,,11627,76.85,98.16,M,MACRON,Emmanuel,3613,23.88,31.07,M,FILLON,François,2783,18.4,23.94,M,MÉLENCHON,Jean-Luc,2044,13.51,17.58,F,LE PEN,Marine,1244,8.22,10.7,M,HAMON,Benoît,985,6.51,8.47,M,LASSALLE,Jean,374,2.47,3.22,M,DUPONT-AIGNAN,Nicolas,335,2.21,2.88,M,POUTOU,Philippe,102,0.67,0.88,M,ASSELINEAU,François,91,0.6,0.78,F,ARTHAUD,Nathalie,36,0.24,0.31,MACRON,3613,2017,1,155.0,1.02,1.31,63.0,0.42,0.53,3.0,11.0,9.0,2.0,4.0,8.0,1.0,6.0,10.0,5.0,7.0,M,CHEMINADE,Jacques,20.0,0.13,0.17
64,Pyrénées-Atlantiques,21,Pau-4,14277,3493,24.47,10784,75.53,,,,10563,73.99,97.95,M,MACRON,Emmanuel,3075,21.54,29.11,M,MÉLENCHON,Jean-Luc,2486,17.41,23.53,M,FILLON,François,1794,12.57,16.98,F,LE PEN,Marine,1211,8.48,11.46,M,HAMON,Benoît,968,6.78,9.16,M,LASSALLE,Jean,430,3.01,4.07,M,DUPONT-AIGNAN,Nicolas,318,2.23,3.01,M,POUTOU,Philippe,126,0.88,1.19,M,ASSELINEAU,François,97,0.68,0.92,F,ARTHAUD,Nathalie,40,0.28,0.38,MACRON,3075,2017,1,150.0,1.05,1.39,71.0,0.5,0.66,3.0,9.0,11.0,2.0,4.0,8.0,1.0,6.0,10.0,5.0,7.0,M,CHEMINADE,Jacques,18.0,0.13,0.17
64,Pyrénées-Atlantiques,22,"Pays de Bidache, Amikuze et Ostibarre",16567,2837,17.12,13730,82.88,,,,13399,80.88,97.59,M,MACRON,Emmanuel,2965,17.9,22.13,M,FILLON,François,2565,15.48,19.14,M,LASSALLE,Jean,2224,13.42,16.6,M,MÉLENCHON,Jean-Luc,1978,11.94,14.76,F,LE PEN,Marine,1625,9.81,12.13,M,HAMON,Benoît,861,5.2,6.43,M,DUPONT-AIGNAN,Nicolas,494,2.98,3.69,M,POUTOU,Philippe,483,2.92,3.6,M,ASSELINEAU,François,108,0.65,0.81,F,ARTHAUD,Nathalie,79,0.48,0.59,MACRON,2965,2017,1,245.0,1.48,1.78,86.0,0.52,0.63,3.0,11.0,8.0,9.0,2.0,4.0,1.0,6.0,10.0,5.0,7.0,M,CHEMINADE,Jacques,17.0,0.1,0.13
64,Pyrénées-Atlantiques,23,Pays de Morlaàs et du Montanérès,18302,2937,16.05,15365,83.95,,,,14993,81.92,97.58,M,MACRON,Emmanuel,4406,24.07,29.39,M,MÉLENCHON,Jean-Luc,2599,14.2,17.33,M,FILLON,François,2539,13.87,16.93,F,LE PEN,Marine,2386,13.04,15.91,M,HAMON,Benoît,1007,5.5,6.72,M,LASSALLE,Jean,992,5.42,6.62,M,DUPONT-AIGNAN,Nicolas,724,3.96,4.83,M,POUTOU,Philippe,164,0.9,1.09,M,ASSELINEAU,François,104,0.57,0.69,F,ARTHAUD,Nathalie,59,0.32,0.39,MACRON,4406,2017,1,276.0,1.51,1.8,96.0,0.52,0.62,3.0,9.0,11.0,2.0,4.0,8.0,1.0,6.0,10.0,5.0,7.0,M,CHEMINADE,Jacques,13.0,0.07,0.09
64,Pyrénées-Atlantiques,24,Saint-Jean-de-Luz,23192,4567,19.69,18625,80.31,,,,18207,78.51,97.76,M,MACRON,Emmanuel,4925,21.24,27.05,M,FILLON,François,4710,20.31,25.87,M,MÉLENCHON,Jean-Luc,3393,14.63,18.64,F,LE PEN,Marine,1940,8.36,10.66,M,HAMON,Benoît,1263,5.45,6.94,M,LASSALLE,Jean,877,3.78,4.82,M,DUPONT-AIGNAN,Nicolas,588,2.54,3.23,M,POUTOU,Philippe,277,1.19,1.52,M,ASSELINEAU,François,113,0.49,0.62,F,ARTHAUD,Nathalie,93,0.4,0.51,MACRON,4925,2017,1,293.0,1.26,1.57,125.0,0.54,0.67,3.0,11.0,9.0,2.0,4.0,8.0,1.0,6.0,10.0,5.0,7.0,M,CHEMINADE,Jacques,28.0,0.12,0.15
64,Pyrénées-Atlantiques,25,Terres des Luys et Coteaux du Vic-Bilh,20268,3262,16.09,17006,83.91,,,,16587,81.84,97.54,M,MACRON,Emmanuel,4661,23.0,28.1,F,LE PEN,Marine,2985,14.73,18.0,M,MÉLENCHON,Jean-Luc,2890,14.26,17.42,M,FILLON,François,2616,12.91,15.77,M,LASSALLE,Jean,1194,5.89,7.2,M,HAMON,Benoît,1165,5.75,7.02,M,DUPONT-AIGNAN,Nicolas,727,3.59,4.38,M,POUTOU,Philippe,177,0.87,1.07,M,ASSELINEAU,François,97,0.48,0.58,F,ARTHAUD,Nathalie,57,0.28,0.34,MACRON,4661,2017,1,307.0,1.51,1.81,112.0,0.55,0.66,3.0,2.0,9.0,11.0,8.0,4.0,1.0,6.0,10.0,5.0,7.0,M,CHEMINADE,Jacques,18.0,0.09,0.11
64,Pyrénées-Atlantiques,26,Ustaritz-Vallées de Nive et Nivelle,24291,4079,16.79,20212,83.21,,,,19722,81.19,97.58,M,FILLON,François,4698,19.34,23.82,M,MACRON,Emmanuel,4690,19.31,23.78,M,MÉLENCHON,Jean-Luc,3475,14.31,17.62,F,LE PEN,Marine,2349,9.67,11.91,M,LASSALLE,Jean,1738,7.15,8.81,M,HAMON,Benoît,1297,5.34,6.58,M,DUPONT-AIGNAN,Nicolas,742,3.05,3.76,M,POUTOU,Philippe,529,2.18,2.68,M,ASSELINEAU,François,100,0.41,0.51,F,ARTHAUD,Nathalie,84,0.35,0.43,FILLON,4698,2017,1,355.0,1.46,1.76,135.0,0.56,0.67,11.0,3.0,9.0,2.0,8.0,4.0,1.0,6.0,10.0,5.0,7.0,M,CHEMINADE,Jacques,20.0,0.08,0.1
64,Pyrénées-Atlantiques,27,Vallées de l'Ousse et du Lagoin,21749,3479,16.0,18270,84.0,,,,17816,81.92,97.52,M,MACRON,Emmanuel,4778,21.97,26.82,M,MÉLENCHON,Jean-Luc,3505,16.12,19.67,F,LE PEN,Marine,3302,15.18,18.53,M,FILLON,François,2509,11.54,14.08,M,HAMON,Benoît,1345,6.18,7.55,M,LASSALLE,Jean,1160,5.33,6.51,M,DUPONT-AIGNAN,Nicolas,818,3.76,4.59,M,POUTOU,Philippe,198,0.91,1.11,M,ASSELINEAU,François,113,0.52,0.63,F,ARTHAUD,Nathalie,65,0.3,0.36,MACRON,4778,2017,1,305.0,1.4,1.67,149.0,0.69,0.82,3.0,9.0,2.0,11.0,4.0,8.0,1.0,6.0,10.0,5.0,7.0,M,CHEMINADE,Jacques,23.0,0.11,0.13
79,Deux-Sèvres,1,Autize-Egray,16212,2807,17.31,13405,82.69,,,,12987,80.11,96.88,M,MACRON,Emmanuel,3573,22.04,27.51,M,MÉLENCHON,Jean-Luc,2456,15.15,18.91,F,LE PEN,Marine,2420,14.93,18.63,M,FILLON,François,2162,13.34,16.65,M,HAMON,Benoît,998,6.16,7.68,M,DUPONT-AIGNAN,Nicolas,707,4.36,5.44,M,POUTOU,Philippe,222,1.37,1.71,M,LASSALLE,Jean,204,1.26,1.57,F,ARTHAUD,Nathalie,110,0.68,0.85,M,ASSELINEAU,François,101,0.62,0.78,MACRON,3573,2017,1,291.0,1.79,2.17,127.0,0.78,0.95,3.0,9.0,2.0,11.0,4.0,1.0,6.0,8.0,5.0,10.0,7.0,M,CHEMINADE,Jacques,34.0,0.21,0.26
79,Deux-Sèvres,2,Bressuire,17035,3026,17.76,14009,82.24,,,,13580,79.72,96.94,M,MACRON,Emmanuel,3965,23.28,29.2,M,FILLON,François,3024,17.75,22.27,F,LE PEN,Marine,2304,13.53,16.97,M,MÉLENCHON,Jean-Luc,2094,12.29,15.42,M,HAMON,Benoît,822,4.83,6.05,M,DUPONT-AIGNAN,Nicolas,793,4.66,5.84,M,POUTOU,Philippe,211,1.24,1.55,M,LASSALLE,Jean,139,0.82,1.02,M,ASSELINEAU,François,105,0.62,0.77,F,ARTHAUD,Nathalie,104,0.61,0.77,MACRON,3965,2017,1,287.0,1.68,2.05,142.0,0.83,1.01,3.0,11.0,2.0,9.0,4.0,1.0,6.0,8.0,10.0,5.0,7.0,M,CHEMINADE,Jacques,19.0,0.11,0.14
79,Deux-Sèvres,3,Celles-sur-Belle,17247,3199,18.55,14048,81.45,,,,13552,78.58,96.47,M,MACRON,Emmanuel,3384,19.62,24.97,M,MÉLENCHON,Jean-Luc,2948,17.09,21.75,F,LE PEN,Marine,2646,15.34,19.52,M,FILLON,François,1975,11.45,14.57,M,HAMON,Benoît,1142,6.62,8.43,M,DUPONT-AIGNAN,Nicolas,692,4.01,5.11,M,POUTOU,Philippe,274,1.59,2.02,M,LASSALLE,Jean,213,1.23,1.57,F,ARTHAUD,Nathalie,146,0.85,1.08,M,ASSELINEAU,François,103,0.6,0.76,MACRON,3384,2017,1,330.0,1.91,2.35,166.0,0.96,1.18,3.0,9.0,2.0,11.0,4.0,1.0,6.0,8.0,5.0,10.0,7.0,M,CHEMINADE,Jacques,29.0,0.17,0.21
79,Deux-Sèvres,4,Cerizay,19083,3420,17.92,15663,82.08,,,,15046,78.85,96.06,M,MACRON,Emmanuel,4194,21.98,27.87,M,FILLON,François,3483,18.25,23.15,F,LE PEN,Marine,2701,14.15,17.95,M,MÉLENCHON,Jean-Luc,2289,11.99,15.21,M,DUPONT-AIGNAN,Nicolas,907,4.75,6.03,M,HAMON,Benoît,770,4.04,5.12,M,POUTOU,Philippe,277,1.45,1.84,M,LASSALLE,Jean,184,0.96,1.22,F,ARTHAUD,Nathalie,128,0.67,0.85,M,ASSELINEAU,François,86,0.45,0.57,MACRON,4194,2017,1,419.0,2.2,2.68,198.0,1.04,1.26,3.0,11.0,2.0,9.0,1.0,4.0,6.0,8.0,5.0,10.0,7.0,M,CHEMINADE,Jacques,27.0,0.14,0.18
79,Deux-Sèvres,5,Frontenay-Rohan-Rohan,14469,2272,15.7,12197,84.3,,,,11894,82.2,97.52,M,MACRON,Emmanuel,3625,25.05,30.48,M,MÉLENCHON,Jean-Luc,2493,17.23,20.96,M,FILLON,François,1934,13.37,16.26,F,LE PEN,Marine,1874,12.95,15.76,M,HAMON,Benoît,901,6.23,7.58,M,DUPONT-AIGNAN,Nicolas,556,3.84,4.67,M,POUTOU,Philippe,171,1.18,1.44,M,LASSALLE,Jean,166,1.15,1.4,F,ARTHAUD,Nathalie,97,0.67,0.82,M,ASSELINEAU,François,65,0.45,0.55,MACRON,3625,2017,1,213.0,1.47,1.75,90.0,0.62,0.74,3.0,9.0,11.0,2.0,4.0,1.0,6.0,8.0,5.0,10.0,7.0,M,CHEMINADE,Jacques,12.0,0.08,0.1
79,Deux-Sèvres,6,La Gâtine,17578,3049,17.35,14529,82.65,,,,14001,79.65,96.37,M,MACRON,Emmanuel,3109,17.69,22.21,M,FILLON,François,3060,17.41,21.86,F,LE PEN,Marine,3007,17.11,21.48,M,MÉLENCHON,Jean-Luc,2582,14.69,18.44,M,DUPONT-AIGNAN,Nicolas,830,4.72,5.93,M,HAMON,Benoît,723,4.11,5.16,M,POUTOU,Philippe,224,1.27,1.6,M,LASSALLE,Jean,188,1.07,1.34,F,ARTHAUD,Nathalie,134,0.76,0.96,M,ASSELINEAU,François,108,0.61,0.77,MACRON,3109,2017,1,368.0,2.09,2.53,160.0,0.91,1.1,3.0,11.0,2.0,9.0,1.0,4.0,6.0,8.0,5.0,10.0,7.0,M,CHEMINADE,Jacques,36.0,0.2,0.26
79,Deux-Sèvres,7,Mauléon,16373,2559,15.63,13814,84.37,,,,13338,81.46,96.55,M,FILLON,François,3635,22.2,27.25,M,MACRON,Emmanuel,3202,19.56,24.01,F,LE PEN,Marine,2516,15.37,18.86,M,MÉLENCHON,Jean-Luc,1879,11.48,14.09,M,DUPONT-AIGNAN,Nicolas,919,5.61,6.89,M,HAMON,Benoît,598,3.65,4.48,M,POUTOU,Philippe,220,1.34,1.65,M,LASSALLE,Jean,157,0.96,1.18,F,ARTHAUD,Nathalie,99,0.6,0.74,M,ASSELINEAU,François,96,0.59,0.72,FILLON,3635,2017,1,348.0,2.13,2.52,128.0,0.78,0.93,11.0,3.0,2.0,9.0,1.0,4.0,6.0,8.0,5.0,10.0,7.0,M,CHEMINADE,Jacques,17.0,0.1,0.13
79,Deux-Sèvres,8,Melle,15132,2966,19.6,12166,80.4,,,,11753,77.67,96.61,M,MACRON,Emmanuel,2683,17.73,22.83,F,LE PEN,Marine,2493,16.48,21.21,M,MÉLENCHON,Jean-Luc,2478,16.38,21.08,M,FILLON,François,2070,13.68,17.61,M,HAMON,Benoît,839,5.54,7.14,M,DUPONT-AIGNAN,Nicolas,579,3.83,4.93,M,POUTOU,Philippe,220,1.45,1.87,M,LASSALLE,Jean,149,0.98,1.27,F,ARTHAUD,Nathalie,130,0.86,1.11,M,ASSELINEAU,François,85,0.56,0.72,MACRON,2683,2017,1,245.0,1.62,2.01,168.0,1.11,1.38,3.0,2.0,9.0,11.0,4.0,1.0,6.0,8.0,5.0,10.0,7.0,M,CHEMINADE,Jacques,27.0,0.18,0.23
79,Deux-Sèvres,9,Mignon-et-Boutonne,13959,2577,18.46,11382,81.54,,,,11056,79.2,97.14,M,MACRON,Emmanuel,2578,18.47,23.32,M,MÉLENCHON,Jean-Luc,2406,17.24,21.76,F,LE PEN,Marine,2319,16.61,20.98,M,FILLON,François,1776,12.72,16.06,M,HAMON,Benoît,774,5.54,7.0,M,DUPONT-AIGNAN,Nicolas,596,4.27,5.39,M,POUTOU,Philippe,196,1.4,1.77,M,LASSALLE,Jean,191,1.37,1.73,F,ARTHAUD,Nathalie,106,0.76,0.96,M,ASSELINEAU,François,85,0.61,0.77,MACRON,2578,2017,1,235.0,1.68,2.06,91.0,0.65,0.8,3.0,9.0,2.0,11.0,4.0,1.0,6.0,8.0,5.0,10.0,7.0,M,CHEMINADE,Jacques,29.0,0.21,0.26
79,Deux-Sèvres,10,Niort-1,13256,2984,22.51,10272,77.49,,,,10089,76.11,98.22,M,MACRON,Emmanuel,3257,24.57,32.28,M,MÉLENCHON,Jean-Luc,2331,17.58,23.1,M,FILLON,François,1699,12.82,16.84,M,HAMON,Benoît,1053,7.94,10.44,F,LE PEN,Marine,1006,7.59,9.97,M,DUPONT-AIGNAN,Nicolas,375,2.83,3.72,M,POUTOU,Philippe,141,1.06,1.4,M,ASSELINEAU,François,83,0.63,0.82,M,LASSALLE,Jean,74,0.56,0.73,F,ARTHAUD,Nathalie,51,0.38,0.51,MACRON,3257,2017,1,115.0,0.87,1.12,68.0,0.51,0.66,3.0,9.0,11.0,4.0,2.0,1.0,6.0,10.0,8.0,5.0,7.0,M,CHEMINADE,Jacques,19.0,0.14,0.19
79,Deux-Sèvres,11,Niort-2,13026,2968,22.79,10058,77.21,,,,9802,75.25,97.45,M,MACRON,Emmanuel,3093,23.74,31.55,M,MÉLENCHON,Jean-Luc,2424,18.61,24.73,M,FILLON,François,1548,11.88,15.79,M,HAMON,Benoît,1022,7.85,10.43,F,LE PEN,Marine,978,7.51,9.98,M,DUPONT-AIGNAN,Nicolas,361,2.77,3.68,M,POUTOU,Philippe,130,1.0,1.33,M,LASSALLE,Jean,96,0.74,0.98,F,ARTHAUD,Nathalie,75,0.58,0.77,M,ASSELINEAU,François,64,0.49,0.65,MACRON,3093,2017,1,180.0,1.38,1.79,76.0,0.58,0.76,3.0,9.0,11.0,4.0,2.0,1.0,6.0,8.0,5.0,10.0,7.0,M,CHEMINADE,Jacques,11.0,0.08,0.11
79,Deux-Sèvres,12,Niort-3,13680,3453,25.24,10227,74.76,,,,10022,73.26,98.0,M,MACRON,Emmanuel,3209,23.46,32.02,M,MÉLENCHON,Jean-Luc,2278,16.65,22.73,M,FILLON,François,1688,12.34,16.84,F,LE PEN,Marine,1171,8.56,11.68,M,HAMON,Benoît,1001,7.32,9.99,M,DUPONT-AIGNAN,Nicolas,335,2.45,3.34,M,POUTOU,Philippe,107,0.78,1.07,M,ASSELINEAU,François,84,0.61,0.84,M,LASSALLE,Jean,76,0.56,0.76,F,ARTHAUD,Nathalie,64,0.47,0.64,MACRON,3209,2017,1,155.0,1.13,1.52,50.0,0.37,0.49,3.0,9.0,11.0,2.0,4.0,1.0,6.0,10.0,8.0,5.0,7.0,M,CHEMINADE,Jacques,9.0,0.07,0.09
79,Deux-Sèvres,13,Parthenay,15584,3086,19.8,12498,80.2,,,,12073,77.47,96.6,M,MACRON,Emmanuel,3347,21.48,27.72,M,FILLON,François,2441,15.66,20.22,M,MÉLENCHON,Jean-Luc,2315,14.85,19.18,F,LE PEN,Marine,2024,12.99,16.76,M,HAMON,Benoît,762,4.89,6.31,M,DUPONT-AIGNAN,Nicolas,603,3.87,4.99,M,POUTOU,Philippe,188,1.21,1.56,M,LASSALLE,Jean,143,0.92,1.18,F,ARTHAUD,Nathalie,141,0.9,1.17,M,ASSELINEAU,François,85,0.55,0.7,MACRON,3347,2017,1,283.0,1.82,2.26,142.0,0.91,1.14,3.0,11.0,9.0,2.0,4.0,1.0,6.0,8.0,5.0,10.0,7.0,M,CHEMINADE,Jacques,24.0,0.15,0.2
79,Deux-Sèvres,14,La Plaine Niortaise,19599,3159,16.12,16440,83.88,,,,15964,81.45,97.1,M,MACRON,Emmanuel,5184,26.45,32.47,M,MÉLENCHON,Jean-Luc,3314,16.91,20.76,M,FILLON,François,2501,12.76,15.67,F,LE PEN,Marine,2196,11.2,13.76,M,HAMON,Benoît,1236,6.31,7.74,M,DUPONT-AIGNAN,Nicolas,893,4.56,5.59,M,POUTOU,Philippe,225,1.15,1.41,M,LASSALLE,Jean,167,0.85,1.05,F,ARTHAUD,Nathalie,120,0.61,0.75,M,ASSELINEAU,François,103,0.53,0.65,MACRON,5184,2017,1,325.0,1.66,1.98,151.0,0.77,0.92,3.0,9.0,11.0,2.0,4.0,1.0,6.0,8.0,5.0,10.0,7.0,M,CHEMINADE,Jacques,25.0,0.13,0.16
79,Deux-Sèvres,15,Saint-Maixent-l'Ecole,18273,3329,18.22,14944,81.78,,,,14462,79.14,96.77,M,MACRON,Emmanuel,3822,20.92,26.43,F,LE PEN,Marine,3016,16.51,20.85,M,MÉLENCHON,Jean-Luc,2825,15.46,19.53,M,FILLON,François,2331,12.76,16.12,M,HAMON,Benoît,1020,5.58,7.05,M,DUPONT-AIGNAN,Nicolas,805,4.41,5.57,M,POUTOU,Philippe,243,1.33,1.68,M,LASSALLE,Jean,170,0.93,1.18,F,ARTHAUD,Nathalie,120,0.66,0.83,M,ASSELINEAU,François,90,0.49,0.62,MACRON,3822,2017,1,347.0,1.9,2.32,135.0,0.74,0.9,3.0,2.0,9.0,11.0,4.0,1.0,6.0,8.0,5.0,10.0,7.0,M,CHEMINADE,Jacques,20.0,0.11,0.14
79,Deux-Sèvres,16,Thouars,13708,2944,21.48,10764,78.52,,,,10444,76.19,97.03,M,MACRON,Emmanuel,2614,19.07,25.03,F,LE PEN,Marine,2129,15.53,20.38,M,MÉLENCHON,Jean-Luc,2092,15.26,20.03,M,FILLON,François,2002,14.6,19.17,M,HAMON,Benoît,609,4.44,5.83,M,DUPONT-AIGNAN,Nicolas,558,4.07,5.34,M,POUTOU,Philippe,162,1.18,1.55,M,LASSALLE,Jean,110,0.8,1.05,F,ARTHAUD,Nathalie,93,0.68,0.89,M,ASSELINEAU,François,47,0.34,0.45,MACRON,2614,2017,1,208.0,1.52,1.93,112.0,0.82,1.04,3.0,2.0,9.0,11.0,4.0,1.0,6.0,8.0,5.0,10.0,7.0,M,CHEMINADE,Jacques,28.0,0.2,0.27
79,Deux-Sèvres,17,Le Val de Thouet,18171,3358,18.48,14813,81.52,,,,14335,78.89,96.77,F,LE PEN,Marine,3840,21.13,26.79,M,MACRON,Emmanuel,2987,16.44,20.84,M,FILLON,François,2866,15.77,19.99,M,MÉLENCHON,Jean-Luc,2405,13.24,16.78,M,DUPONT-AIGNAN,Nicolas,847,4.66,5.91,M,HAMON,Benoît,680,3.74,4.74,M,POUTOU,Philippe,272,1.5,1.9,M,LASSALLE,Jean,172,0.95,1.2,F,ARTHAUD,Nathalie,151,0.83,1.05,M,ASSELINEAU,François,88,0.48,0.61,LE PEN,3840,2017,1,354.0,1.95,2.39,124.0,0.68,0.84,2.0,3.0,11.0,9.0,1.0,4.0,6.0,8.0,5.0,10.0,7.0,M,CHEMINADE,Jacques,27.0,0.15,0.19
86,Vienne,1,Chasseneuil-du-Poitou,16671,2607,15.64,14064,84.36,,,,13653,81.9,97.08,M,MACRON,Emmanuel,3932,23.59,28.8,M,MÉLENCHON,Jean-Luc,3021,18.12,22.13,M,FILLON,François,2168,13.0,15.88,F,LE PEN,Marine,2147,12.88,15.73,M,HAMON,Benoît,1047,6.28,7.67,M,DUPONT-AIGNAN,Nicolas,682,4.09,5.0,M,POUTOU,Philippe,226,1.36,1.66,M,LASSALLE,Jean,173,1.04,1.27,F,ARTHAUD,Nathalie,118,0.71,0.86,M,ASSELINEAU,François,107,0.64,0.78,MACRON,3932,2017,1,293.0,1.76,2.08,118.0,0.71,0.84,3.0,9.0,11.0,2.0,4.0,1.0,6.0,8.0,5.0,10.0,7.0,M,CHEMINADE,Jacques,32.0,0.19,0.23
86,Vienne,2,Châtellerault-1,19104,4690,24.55,14414,75.45,,,,13980,73.18,96.99,F,LE PEN,Marine,3735,19.55,26.72,M,MACRON,Emmanuel,3090,16.17,22.1,M,MÉLENCHON,Jean-Luc,2926,15.32,20.93,M,FILLON,François,2031,10.63,14.53,M,HAMON,Benoît,841,4.4,6.02,M,DUPONT-AIGNAN,Nicolas,721,3.77,5.16,M,POUTOU,Philippe,223,1.17,1.6,M,LASSALLE,Jean,138,0.72,0.99,F,ARTHAUD,Nathalie,126,0.66,0.9,M,ASSELINEAU,François,118,0.62,0.84,LE PEN,3735,2017,1,250.0,1.31,1.73,184.0,0.96,1.28,2.0,3.0,9.0,11.0,4.0,1.0,6.0,8.0,5.0,10.0,7.0,M,CHEMINADE,Jacques,31.0,0.16,0.22
86,Vienne,3,Châtellerault-2,19822,4630,23.36,15192,76.64,,,,14764,74.48,97.18,F,LE PEN,Marine,4126,20.82,27.95,M,MACRON,Emmanuel,3070,15.49,20.79,M,MÉLENCHON,Jean-Luc,2851,14.38,19.31,M,FILLON,François,2438,12.3,16.51,M,DUPONT-AIGNAN,Nicolas,790,3.99,5.35,M,HAMON,Benoît,784,3.96,5.31,M,POUTOU,Philippe,213,1.07,1.44,M,LASSALLE,Jean,157,0.79,1.06,F,ARTHAUD,Nathalie,156,0.79,1.06,M,ASSELINEAU,François,127,0.64,0.86,LE PEN,4126,2017,1,265.0,1.34,1.74,163.0,0.82,1.07,2.0,3.0,9.0,11.0,1.0,4.0,6.0,8.0,5.0,10.0,7.0,M,CHEMINADE,Jacques,52.0,0.26,0.35
86,Vienne,4,Châtellerault-3,16461,4077,24.77,12384,75.23,,,,12058,73.25,97.37,M,MACRON,Emmanuel,2727,16.57,22.62,M,FILLON,François,2601,15.8,21.57,F,LE PEN,Marine,2581,15.68,21.4,M,MÉLENCHON,Jean-Luc,2275,13.82,18.87,M,HAMON,Benoît,727,4.42,6.03,M,DUPONT-AIGNAN,Nicolas,631,3.83,5.23,M,POUTOU,Philippe,150,0.91,1.24,M,LASSALLE,Jean,146,0.89,1.21,M,ASSELINEAU,François,106,0.64,0.88,F,ARTHAUD,Nathalie,91,0.55,0.75,MACRON,2727,2017,1,214.0,1.3,1.73,112.0,0.68,0.9,3.0,11.0,2.0,9.0,4.0,1.0,6.0,8.0,10.0,5.0,7.0,M,CHEMINADE,Jacques,23.0,0.14,0.19
86,Vienne,5,Chauvigny,16649,3194,19.18,13455,80.82,,,,13013,78.16,96.71,F,LE PEN,Marine,3103,18.64,23.85,M,MACRON,Emmanuel,2956,17.75,22.72,M,MÉLENCHON,Jean-Luc,2575,15.47,19.79,M,FILLON,François,2292,13.77,17.61,M,HAMON,Benoît,757,4.55,5.82,M,DUPONT-AIGNAN,Nicolas,714,4.29,5.49,M,POUTOU,Philippe,219,1.32,1.68,M,LASSALLE,Jean,144,0.86,1.11,F,ARTHAUD,Nathalie,126,0.76,0.97,M,ASSELINEAU,François,96,0.58,0.74,LE PEN,3103,2017,1,309.0,1.86,2.3,133.0,0.8,0.99,2.0,3.0,9.0,11.0,4.0,1.0,6.0,8.0,5.0,10.0,7.0,M,CHEMINADE,Jacques,31.0,0.19,0.24
86,Vienne,6,Civray,13659,2685,19.66,10974,80.34,,,,10611,77.69,96.69,F,LE PEN,Marine,2419,17.71,22.8,M,MACRON,Emmanuel,2361,17.29,22.25,M,FILLON,François,2159,15.81,20.35,M,MÉLENCHON,Jean-Luc,1895,13.87,17.86,M,HAMON,Benoît,591,4.33,5.57,M,DUPONT-AIGNAN,Nicolas,557,4.08,5.25,M,POUTOU,Philippe,198,1.45,1.87,M,LASSALLE,Jean,180,1.32,1.7,F,ARTHAUD,Nathalie,142,1.04,1.34,M,ASSELINEAU,François,86,0.63,0.81,LE PEN,2419,2017,1,197.0,1.44,1.8,166.0,1.22,1.51,2.0,3.0,11.0,9.0,4.0,1.0,6.0,8.0,5.0,10.0,7.0,M,CHEMINADE,Jacques,23.0,0.17,0.22
86,Vienne,7,Jaunay-Clan,16580,3188,19.23,13392,80.77,,,,13023,78.55,97.24,M,MACRON,Emmanuel,3405,20.54,26.15,F,LE PEN,Marine,2803,16.91,21.52,M,MÉLENCHON,Jean-Luc,2551,15.39,19.59,M,FILLON,François,2138,12.9,16.42,M,HAMON,Benoît,777,4.69,5.97,M,DUPONT-AIGNAN,Nicolas,722,4.35,5.54,M,POUTOU,Philippe,196,1.18,1.51,M,LASSALLE,Jean,157,0.95,1.21,M,ASSELINEAU,François,130,0.78,1.0,F,ARTHAUD,Nathalie,109,0.66,0.84,MACRON,3405,2017,1,273.0,1.65,2.04,96.0,0.58,0.72,3.0,2.0,9.0,11.0,4.0,1.0,6.0,8.0,10.0,5.0,7.0,M,CHEMINADE,Jacques,35.0,0.21,0.27
86,Vienne,8,Loudun,20347,4030,19.81,16317,80.19,,,,15751,77.41,96.53,F,LE PEN,Marine,4794,23.56,30.44,M,FILLON,François,3379,16.61,21.45,M,MACRON,Emmanuel,2803,13.78,17.8,M,MÉLENCHON,Jean-Luc,2469,12.13,15.68,M,DUPONT-AIGNAN,Nicolas,871,4.28,5.53,M,HAMON,Benoît,666,3.27,4.23,M,POUTOU,Philippe,249,1.22,1.58,M,LASSALLE,Jean,206,1.01,1.31,F,ARTHAUD,Nathalie,157,0.77,1.0,M,ASSELINEAU,François,105,0.52,0.67,LE PEN,4794,2017,1,328.0,1.61,2.01,238.0,1.17,1.46,2.0,11.0,3.0,9.0,1.0,4.0,6.0,8.0,5.0,10.0,7.0,M,CHEMINADE,Jacques,52.0,0.26,0.33
86,Vienne,9,Lusignan,14336,2736,19.08,11600,80.92,,,,11197,78.1,96.53,F,LE PEN,Marine,2558,17.84,22.85,M,MACRON,Emmanuel,2530,17.65,22.6,M,MÉLENCHON,Jean-Luc,2145,14.96,19.16,M,FILLON,François,1990,13.88,17.77,M,HAMON,Benoît,735,5.13,6.56,M,DUPONT-AIGNAN,Nicolas,649,4.53,5.8,M,POUTOU,Philippe,203,1.42,1.81,M,LASSALLE,Jean,161,1.12,1.44,F,ARTHAUD,Nathalie,110,0.77,0.98,M,ASSELINEAU,François,83,0.58,0.74,LE PEN,2558,2017,1,269.0,1.88,2.32,134.0,0.93,1.16,2.0,3.0,9.0,11.0,4.0,1.0,6.0,8.0,5.0,10.0,7.0,M,CHEMINADE,Jacques,33.0,0.23,0.29
86,Vienne,10,Lussac-les-Châteaux,14161,2718,19.19,11443,80.81,,,,11024,77.85,96.34,M,MACRON,Emmanuel,2450,17.3,22.22,F,LE PEN,Marine,2449,17.29,22.22,M,MÉLENCHON,Jean-Luc,2127,15.02,19.29,M,FILLON,François,2112,14.91,19.16,M,HAMON,Benoît,697,4.92,6.32,M,DUPONT-AIGNAN,Nicolas,559,3.95,5.07,M,POUTOU,Philippe,220,1.55,2.0,M,LASSALLE,Jean,159,1.12,1.44,F,ARTHAUD,Nathalie,135,0.95,1.22,M,ASSELINEAU,François,92,0.65,0.83,MACRON,2450,2017,1,258.0,1.82,2.25,161.0,1.14,1.41,3.0,2.0,9.0,11.0,4.0,1.0,6.0,8.0,5.0,10.0,7.0,M,CHEMINADE,Jacques,24.0,0.17,0.22
86,Vienne,11,Migné-Auxances,19809,3502,17.68,16307,82.32,,,,15825,79.89,97.04,M,MACRON,Emmanuel,4008,20.23,25.33,M,MÉLENCHON,Jean-Luc,3191,16.11,20.16,F,LE PEN,Marine,3182,16.06,20.11,M,FILLON,François,2782,14.04,17.58,M,HAMON,Benoît,1132,5.71,7.15,M,DUPONT-AIGNAN,Nicolas,787,3.97,4.97,M,POUTOU,Philippe,239,1.21,1.51,M,LASSALLE,Jean,213,1.08,1.35,F,ARTHAUD,Nathalie,132,0.67,0.83,M,ASSELINEAU,François,122,0.62,0.77,MACRON,4008,2017,1,342.0,1.73,2.1,140.0,0.71,0.86,3.0,9.0,2.0,11.0,4.0,1.0,6.0,8.0,5.0,10.0,7.0,M,CHEMINADE,Jacques,37.0,0.19,0.23
86,Vienne,12,Montmorillon,13934,2727,19.57,11207,80.43,,,,10793,77.46,96.31,M,MACRON,Emmanuel,2491,17.88,23.08,M,FILLON,François,2339,16.79,21.67,F,LE PEN,Marine,2278,16.35,21.11,M,MÉLENCHON,Jean-Luc,1873,13.44,17.35,M,DUPONT-AIGNAN,Nicolas,625,4.49,5.79,M,HAMON,Benoît,601,4.31,5.57,M,LASSALLE,Jean,179,1.28,1.66,M,POUTOU,Philippe,154,1.11,1.43,M,ASSELINEAU,François,113,0.81,1.05,F,ARTHAUD,Nathalie,109,0.78,1.01,MACRON,2491,2017,1,262.0,1.88,2.34,152.0,1.09,1.36,3.0,11.0,2.0,9.0,1.0,4.0,8.0,6.0,10.0,5.0,7.0,M,CHEMINADE,Jacques,31.0,0.22,0.29
86,Vienne,13,Poitiers-1,15147,3155,20.83,11992,79.17,,,,11738,77.49,97.88,M,MACRON,Emmanuel,3459,22.84,29.47,M,MÉLENCHON,Jean-Luc,2694,17.79,22.95,M,FILLON,François,2289,15.11,19.5,F,LE PEN,Marine,1254,8.28,10.68,M,HAMON,Benoît,1127,7.44,9.6,M,DUPONT-AIGNAN,Nicolas,487,3.22,4.15,M,POUTOU,Philippe,147,0.97,1.25,M,LASSALLE,Jean,101,0.67,0.86,M,ASSELINEAU,François,83,0.55,0.71,F,ARTHAUD,Nathalie,69,0.46,0.59,MACRON,3459,2017,1,182.0,1.2,1.52,72.0,0.48,0.6,3.0,9.0,11.0,2.0,4.0,1.0,6.0,8.0,10.0,5.0,7.0,M,CHEMINADE,Jacques,28.0,0.18,0.24
86,Vienne,14,Poitiers-2,16770,4009,23.91,12761,76.09,,,,12451,74.25,97.57,M,MACRON,Emmanuel,3600,21.47,28.91,M,MÉLENCHON,Jean-Luc,2977,17.75,23.91,M,FILLON,François,2076,12.38,16.67,F,LE PEN,Marine,1618,9.65,12.99,M,HAMON,Benoît,1234,7.36,9.91,M,DUPONT-AIGNAN,Nicolas,465,2.77,3.73,M,POUTOU,Philippe,177,1.06,1.42,M,LASSALLE,Jean,120,0.72,0.96,M,ASSELINEAU,François,88,0.52,0.71,F,ARTHAUD,Nathalie,78,0.47,0.63,MACRON,3600,2017,1,203.0,1.21,1.59,107.0,0.64,0.84,3.0,9.0,11.0,2.0,4.0,1.0,6.0,8.0,10.0,5.0,7.0,M,CHEMINADE,Jacques,18.0,0.11,0.14
86,Vienne,15,Poitiers-3,13028,2921,22.42,10107,77.58,,,,9924,76.17,98.19,M,MACRON,Emmanuel,2707,20.78,27.28,M,MÉLENCHON,Jean-Luc,2689,20.64,27.1,M,FILLON,François,1961,15.05,19.76,M,HAMON,Benoît,1112,8.54,11.21,F,LE PEN,Marine,809,6.21,8.15,M,DUPONT-AIGNAN,Nicolas,270,2.07,2.72,M,POUTOU,Philippe,139,1.07,1.4,M,ASSELINEAU,François,79,0.61,0.8,M,LASSALLE,Jean,75,0.58,0.76,F,ARTHAUD,Nathalie,67,0.51,0.68,MACRON,2707,2017,1,127.0,0.97,1.26,56.0,0.43,0.55,3.0,9.0,11.0,4.0,2.0,1.0,6.0,10.0,8.0,5.0,7.0,M,CHEMINADE,Jacques,16.0,0.12,0.16
86,Vienne,16,Poitiers-4,10456,2200,21.04,8256,78.96,,,,8048,76.97,97.48,M,MACRON,Emmanuel,2637,25.22,32.77,M,MÉLENCHON,Jean-Luc,2048,19.59,25.45,M,FILLON,François,1192,11.4,14.81,M,HAMON,Benoît,818,7.82,10.16,F,LE PEN,Marine,816,7.8,10.14,M,DUPONT-AIGNAN,Nicolas,272,2.6,3.38,M,POUTOU,Philippe,82,0.78,1.02,M,LASSALLE,Jean,78,0.75,0.97,M,ASSELINEAU,François,50,0.48,0.62,F,ARTHAUD,Nathalie,43,0.41,0.53,MACRON,2637,2017,1,151.0,1.44,1.83,57.0,0.55,0.69,3.0,9.0,11.0,4.0,2.0,1.0,6.0,8.0,10.0,5.0,7.0,M,CHEMINADE,Jacques,12.0,0.11,0.15
86,Vienne,17,Poitiers-5,14200,3203,22.56,10997,77.44,,,,10756,75.75,97.81,M,MACRON,Emmanuel,3253,22.91,30.24,M,MÉLENCHON,Jean-Luc,2441,17.19,22.69,M,FILLON,François,2020,14.23,18.78,F,LE PEN,Marine,1157,8.15,10.76,M,HAMON,Benoît,1034,7.28,9.61,M,DUPONT-AIGNAN,Nicolas,433,3.05,4.03,M,LASSALLE,Jean,125,0.88,1.16,M,POUTOU,Philippe,122,0.86,1.13,M,ASSELINEAU,François,86,0.61,0.8,F,ARTHAUD,Nathalie,66,0.46,0.61,MACRON,3253,2017,1,162.0,1.14,1.47,79.0,0.56,0.72,3.0,9.0,11.0,2.0,4.0,1.0,8.0,6.0,10.0,5.0,7.0,M,CHEMINADE,Jacques,19.0,0.13,0.18
86,Vienne,18,Vivonne,19059,2896,15.19,16163,84.81,,,,15684,82.29,97.04,M,MACRON,Emmanuel,4174,21.9,26.61,M,MÉLENCHON,Jean-Luc,3583,18.8,22.84,F,LE PEN,Marine,2585,13.56,16.48,M,FILLON,François,2485,13.04,15.84,M,HAMON,Benoît,1238,6.5,7.89,M,DUPONT-AIGNAN,Nicolas,939,4.93,5.99,M,POUTOU,Philippe,258,1.35,1.64,M,LASSALLE,Jean,157,0.82,1.0,F,ARTHAUD,Nathalie,117,0.61,0.75,M,ASSELINEAU,François,110,0.58,0.7,MACRON,4174,2017,1,379.0,1.99,2.34,100.0,0.52,0.62,3.0,9.0,2.0,11.0,4.0,1.0,6.0,8.0,5.0,10.0,7.0,M,CHEMINADE,Jacques,38.0,0.2,0.24
86,Vienne,19,Vouneuil-sous-Biard,16821,2959,17.59,13862,82.41,,,,13455,79.99,97.06,M,MACRON,Emmanuel,3493,20.77,25.96,M,MÉLENCHON,Jean-Luc,2730,16.23,20.29,F,LE PEN,Marine,2610,15.52,19.4,M,FILLON,François,2251,13.38,16.73,M,HAMON,Benoît,943,5.61,7.01,M,DUPONT-AIGNAN,Nicolas,746,4.43,5.54,M,POUTOU,Philippe,227,1.35,1.69,M,LASSALLE,Jean,192,1.14,1.43,F,ARTHAUD,Nathalie,123,0.73,0.91,M,ASSELINEAU,François,115,0.68,0.85,MACRON,3493,2017,1,277.0,1.65,2.0,130.0,0.77,0.94,3.0,9.0,2.0,11.0,4.0,1.0,6.0,8.0,5.0,10.0,7.0,M,CHEMINADE,Jacques,25.0,0.15,0.19
87,Haute-Vienne,1,Aixe-sur-Vienne,15958,2339,14.66,13619,85.34,,,,13164,82.49,96.66,M,MACRON,Emmanuel,3681,23.07,27.96,M,MÉLENCHON,Jean-Luc,2809,17.6,21.34,F,LE PEN,Marine,2447,15.33,18.59,M,FILLON,François,1858,11.64,14.11,M,HAMON,Benoît,1023,6.41,7.77,M,DUPONT-AIGNAN,Nicolas,707,4.43,5.37,M,LASSALLE,Jean,230,1.44,1.75,M,POUTOU,Philippe,176,1.1,1.34,F,ARTHAUD,Nathalie,122,0.76,0.93,M,ASSELINEAU,François,88,0.55,0.67,MACRON,3681,2017,1,297.0,1.86,2.18,158.0,0.99,1.16,3.0,9.0,2.0,11.0,4.0,1.0,8.0,6.0,5.0,10.0,7.0,M,CHEMINADE,Jacques,23.0,0.14,0.17
87,Haute-Vienne,2,Ambazac,14701,2553,17.37,12148,82.63,,,,11731,79.8,96.57,M,MÉLENCHON,Jean-Luc,2790,18.98,23.78,F,LE PEN,Marine,2740,18.64,23.36,M,MACRON,Emmanuel,2549,17.34,21.73,M,FILLON,François,1540,10.48,13.13,M,HAMON,Benoît,861,5.86,7.34,M,DUPONT-AIGNAN,Nicolas,562,3.82,4.79,M,LASSALLE,Jean,237,1.61,2.02,M,POUTOU,Philippe,212,1.44,1.81,F,ARTHAUD,Nathalie,116,0.79,0.99,M,ASSELINEAU,François,97,0.66,0.83,MÉLENCHON,2790,2017,1,253.0,1.72,2.08,164.0,1.12,1.35,9.0,2.0,3.0,11.0,4.0,1.0,8.0,6.0,5.0,10.0,7.0,M,CHEMINADE,Jacques,27.0,0.18,0.23
87,Haute-Vienne,3,Bellac,13589,2451,18.04,11138,81.96,,,,10771,79.26,96.7,M,MÉLENCHON,Jean-Luc,2417,17.79,22.44,M,MACRON,Emmanuel,2412,17.75,22.39,F,LE PEN,Marine,2384,17.54,22.13,M,FILLON,François,1607,11.83,14.92,M,HAMON,Benoît,765,5.63,7.1,M,DUPONT-AIGNAN,Nicolas,501,3.69,4.65,M,LASSALLE,Jean,228,1.68,2.12,M,POUTOU,Philippe,189,1.39,1.75,F,ARTHAUD,Nathalie,130,0.96,1.21,M,ASSELINEAU,François,105,0.77,0.97,MÉLENCHON,2417,2017,1,235.0,1.73,2.11,132.0,0.97,1.19,9.0,3.0,2.0,11.0,4.0,1.0,8.0,6.0,5.0,10.0,7.0,M,CHEMINADE,Jacques,33.0,0.24,0.31
87,Haute-Vienne,4,Châteauponsac,12164,2499,20.54,9665,79.46,,,,9279,76.28,96.01,F,LE PEN,Marine,2173,17.86,23.42,M,MACRON,Emmanuel,1988,16.34,21.42,M,FILLON,François,1790,14.72,19.29,M,MÉLENCHON,Jean-Luc,1653,13.59,17.81,M,HAMON,Benoît,594,4.88,6.4,M,DUPONT-AIGNAN,Nicolas,479,3.94,5.16,M,LASSALLE,Jean,198,1.63,2.13,M,POUTOU,Philippe,190,1.56,2.05,F,ARTHAUD,Nathalie,120,0.99,1.29,M,ASSELINEAU,François,71,0.58,0.77,LE PEN,2173,2017,1,219.0,1.8,2.27,167.0,1.37,1.73,2.0,3.0,11.0,9.0,4.0,1.0,8.0,6.0,5.0,10.0,7.0,M,CHEMINADE,Jacques,23.0,0.19,0.25
87,Haute-Vienne,5,Condat-sur-Vienne,14963,2253,15.06,12710,84.94,,,,12266,81.98,96.51,M,MACRON,Emmanuel,3385,22.62,27.6,M,MÉLENCHON,Jean-Luc,2688,17.96,21.91,F,LE PEN,Marine,2126,14.21,17.33,M,FILLON,François,1994,13.33,16.26,M,HAMON,Benoît,942,6.3,7.68,M,DUPONT-AIGNAN,Nicolas,561,3.75,4.57,M,LASSALLE,Jean,230,1.54,1.88,M,POUTOU,Philippe,147,0.98,1.2,M,ASSELINEAU,François,89,0.59,0.73,F,ARTHAUD,Nathalie,77,0.51,0.63,MACRON,3385,2017,1,271.0,1.81,2.13,173.0,1.16,1.36,3.0,9.0,2.0,11.0,4.0,1.0,8.0,6.0,10.0,5.0,7.0,M,CHEMINADE,Jacques,27.0,0.18,0.22
87,Haute-Vienne,6,Couzeix,15524,2478,15.96,13046,84.04,,,,12621,81.3,96.74,M,MACRON,Emmanuel,3573,23.02,28.31,M,MÉLENCHON,Jean-Luc,2702,17.41,21.41,F,LE PEN,Marine,2432,15.67,19.27,M,FILLON,François,1793,11.55,14.21,M,HAMON,Benoît,963,6.2,7.63,M,DUPONT-AIGNAN,Nicolas,604,3.89,4.79,M,LASSALLE,Jean,184,1.19,1.46,M,POUTOU,Philippe,151,0.97,1.2,M,ASSELINEAU,François,111,0.72,0.88,F,ARTHAUD,Nathalie,81,0.52,0.64,MACRON,3573,2017,1,263.0,1.69,2.02,162.0,1.04,1.24,3.0,9.0,2.0,11.0,4.0,1.0,8.0,6.0,10.0,5.0,7.0,M,CHEMINADE,Jacques,27.0,0.17,0.21
87,Haute-Vienne,7,Eymoutiers,15601,2877,18.44,12724,81.56,,,,12214,78.29,95.99,M,MÉLENCHON,Jean-Luc,3073,19.7,25.16,M,MACRON,Emmanuel,2779,17.81,22.75,F,LE PEN,Marine,2247,14.4,18.4,M,FILLON,François,1905,12.21,15.6,M,HAMON,Benoît,893,5.72,7.31,M,DUPONT-AIGNAN,Nicolas,591,3.79,4.84,M,LASSALLE,Jean,297,1.9,2.43,M,POUTOU,Philippe,210,1.35,1.72,F,ARTHAUD,Nathalie,127,0.81,1.04,M,ASSELINEAU,François,71,0.46,0.58,MÉLENCHON,3073,2017,1,279.0,1.79,2.19,231.0,1.48,1.82,9.0,3.0,2.0,11.0,4.0,1.0,8.0,6.0,5.0,10.0,7.0,M,CHEMINADE,Jacques,21.0,0.13,0.17
87,Haute-Vienne,8,Limoges-1,11805,2588,21.92,9217,78.08,,,,8918,75.54,96.76,M,MACRON,Emmanuel,2777,23.52,31.14,M,MÉLENCHON,Jean-Luc,1962,16.62,22.0,F,LE PEN,Marine,1404,11.89,15.74,M,FILLON,François,1260,10.67,14.13,M,HAMON,Benoît,770,6.52,8.63,M,DUPONT-AIGNAN,Nicolas,373,3.16,4.18,M,LASSALLE,Jean,120,1.02,1.35,M,POUTOU,Philippe,108,0.91,1.21,M,ASSELINEAU,François,70,0.59,0.78,F,ARTHAUD,Nathalie,54,0.46,0.61,MACRON,2777,2017,1,198.0,1.68,2.15,101.0,0.86,1.1,3.0,9.0,2.0,11.0,4.0,1.0,8.0,6.0,10.0,5.0,7.0,M,CHEMINADE,Jacques,20.0,0.17,0.22
87,Haute-Vienne,9,Limoges-2,9174,2279,24.84,6895,75.16,,,,6672,72.73,96.77,M,MACRON,Emmanuel,1912,20.84,28.66,M,MÉLENCHON,Jean-Luc,1669,18.19,25.01,F,LE PEN,Marine,987,10.76,14.79,M,FILLON,François,911,9.93,13.65,M,HAMON,Benoît,611,6.66,9.16,M,DUPONT-AIGNAN,Nicolas,254,2.77,3.81,M,POUTOU,Philippe,98,1.07,1.47,M,LASSALLE,Jean,87,0.95,1.3,F,ARTHAUD,Nathalie,83,0.9,1.24,M,ASSELINEAU,François,48,0.52,0.72,MACRON,1912,2017,1,152.0,1.66,2.2,71.0,0.77,1.03,3.0,9.0,2.0,11.0,4.0,1.0,6.0,8.0,5.0,10.0,7.0,M,CHEMINADE,Jacques,12.0,0.13,0.18
87,Haute-Vienne,10,Limoges-3,11033,2499,22.65,8534,77.35,,,,8290,75.14,97.14,M,MACRON,Emmanuel,2425,21.98,29.25,M,MÉLENCHON,Jean-Luc,2029,18.39,24.48,F,LE PEN,Marine,1147,10.4,13.84,M,FILLON,François,1088,9.86,13.12,M,HAMON,Benoît,902,8.18,10.88,M,DUPONT-AIGNAN,Nicolas,323,2.93,3.9,M,POUTOU,Philippe,128,1.16,1.54,M,LASSALLE,Jean,104,0.94,1.25,F,ARTHAUD,Nathalie,66,0.6,0.8,M,ASSELINEAU,François,63,0.57,0.76,MACRON,2425,2017,1,157.0,1.42,1.84,87.0,0.79,1.02,3.0,9.0,2.0,11.0,4.0,1.0,6.0,8.0,5.0,10.0,7.0,M,CHEMINADE,Jacques,15.0,0.14,0.18
87,Haute-Vienne,11,Limoges-4,9975,2545,25.51,7430,74.49,,,,7142,71.6,96.12,M,MACRON,Emmanuel,1865,18.7,26.11,M,MÉLENCHON,Jean-Luc,1804,18.09,25.26,F,LE PEN,Marine,1500,15.04,21.0,M,FILLON,François,738,7.4,10.33,M,HAMON,Benoît,607,6.09,8.5,M,DUPONT-AIGNAN,Nicolas,286,2.87,4.0,M,POUTOU,Philippe,105,1.05,1.47,M,ASSELINEAU,François,86,0.86,1.2,M,LASSALLE,Jean,81,0.81,1.13,F,ARTHAUD,Nathalie,51,0.51,0.71,MACRON,1865,2017,1,170.0,1.7,2.29,118.0,1.18,1.59,3.0,9.0,2.0,11.0,4.0,1.0,6.0,10.0,8.0,5.0,7.0,M,CHEMINADE,Jacques,19.0,0.19,0.27
87,Haute-Vienne,12,Limoges-5,12662,2418,19.1,10244,80.9,,,,9907,78.24,96.71,M,MACRON,Emmanuel,2841,22.44,28.68,M,MÉLENCHON,Jean-Luc,2390,18.88,24.12,F,LE PEN,Marine,1702,13.44,17.18,M,FILLON,François,1267,10.01,12.79,M,HAMON,Benoît,819,6.47,8.27,M,DUPONT-AIGNAN,Nicolas,445,3.51,4.49,M,LASSALLE,Jean,147,1.16,1.48,M,POUTOU,Philippe,120,0.95,1.21,F,ARTHAUD,Nathalie,91,0.72,0.92,M,ASSELINEAU,François,62,0.49,0.63,MACRON,2841,2017,1,203.0,1.6,1.98,134.0,1.06,1.31,3.0,9.0,2.0,11.0,4.0,1.0,8.0,6.0,5.0,10.0,7.0,M,CHEMINADE,Jacques,23.0,0.18,0.23
87,Haute-Vienne,13,Limoges-6,9409,2191,23.29,7218,76.71,,,,7054,74.97,97.73,M,MACRON,Emmanuel,1994,21.19,28.27,M,FILLON,François,1843,19.59,26.13,M,MÉLENCHON,Jean-Luc,1440,15.3,20.41,F,LE PEN,Marine,724,7.69,10.26,M,HAMON,Benoît,619,6.58,8.78,M,DUPONT-AIGNAN,Nicolas,175,1.86,2.48,M,POUTOU,Philippe,86,0.91,1.22,M,LASSALLE,Jean,83,0.88,1.18,M,ASSELINEAU,François,55,0.58,0.78,F,ARTHAUD,Nathalie,24,0.26,0.34,MACRON,1994,2017,1,101.0,1.07,1.4,63.0,0.67,0.87,3.0,11.0,9.0,2.0,4.0,1.0,6.0,8.0,10.0,5.0,7.0,M,CHEMINADE,Jacques,11.0,0.12,0.16
87,Haute-Vienne,14,Limoges-7,8471,1889,22.3,6582,77.7,,,,6399,75.54,97.22,M,MACRON,Emmanuel,1826,21.56,28.54,M,MÉLENCHON,Jean-Luc,1478,17.45,23.1,M,FILLON,François,1063,12.55,16.61,F,LE PEN,Marine,930,10.98,14.53,M,HAMON,Benoît,560,6.61,8.75,M,DUPONT-AIGNAN,Nicolas,245,2.89,3.83,M,POUTOU,Philippe,96,1.13,1.5,M,LASSALLE,Jean,71,0.84,1.11,M,ASSELINEAU,François,64,0.76,1.0,F,ARTHAUD,Nathalie,51,0.6,0.8,MACRON,1826,2017,1,131.0,1.55,1.99,52.0,0.61,0.79,3.0,9.0,11.0,2.0,4.0,1.0,6.0,8.0,10.0,5.0,7.0,M,CHEMINADE,Jacques,15.0,0.18,0.23
87,Haute-Vienne,15,Limoges-8,8899,2179,24.49,6720,75.51,,,,6555,73.66,97.54,M,MACRON,Emmanuel,1948,21.89,29.72,M,FILLON,François,1452,16.32,22.15,M,MÉLENCHON,Jean-Luc,1298,14.59,19.8,F,LE PEN,Marine,819,9.2,12.49,M,HAMON,Benoît,570,6.41,8.7,M,DUPONT-AIGNAN,Nicolas,230,2.58,3.51,M,LASSALLE,Jean,68,0.76,1.04,M,POUTOU,Philippe,66,0.74,1.01,M,ASSELINEAU,François,54,0.61,0.82,F,ARTHAUD,Nathalie,44,0.49,0.67,MACRON,1948,2017,1,90.0,1.01,1.34,75.0,0.84,1.12,3.0,11.0,9.0,2.0,4.0,1.0,8.0,6.0,10.0,5.0,7.0,M,CHEMINADE,Jacques,6.0,0.07,0.09
87,Haute-Vienne,16,Limoges-9,11512,2201,19.12,9311,80.88,,,,9023,78.38,96.91,M,MACRON,Emmanuel,3010,26.15,33.36,M,MÉLENCHON,Jean-Luc,1847,16.04,20.47,M,FILLON,François,1499,13.02,16.61,F,LE PEN,Marine,1081,9.39,11.98,M,HAMON,Benoît,819,7.11,9.08,M,DUPONT-AIGNAN,Nicolas,391,3.4,4.33,M,LASSALLE,Jean,128,1.11,1.42,M,POUTOU,Philippe,116,1.01,1.29,F,ARTHAUD,Nathalie,59,0.51,0.65,M,ASSELINEAU,François,57,0.5,0.63,MACRON,3010,2017,1,205.0,1.78,2.2,83.0,0.72,0.89,3.0,9.0,11.0,2.0,4.0,1.0,8.0,6.0,5.0,10.0,7.0,M,CHEMINADE,Jacques,16.0,0.14,0.18
87,Haute-Vienne,17,Panazol,12903,2087,16.17,10816,83.83,,,,10477,81.2,96.87,M,MACRON,Emmanuel,3390,26.27,32.36,M,MÉLENCHON,Jean-Luc,1942,15.05,18.54,M,FILLON,François,1899,14.72,18.13,F,LE PEN,Marine,1598,12.38,15.25,M,HAMON,Benoît,780,6.05,7.44,M,DUPONT-AIGNAN,Nicolas,471,3.65,4.5,M,LASSALLE,Jean,141,1.09,1.35,M,POUTOU,Philippe,109,0.84,1.04,F,ARTHAUD,Nathalie,66,0.51,0.63,M,ASSELINEAU,François,62,0.48,0.59,MACRON,3390,2017,1,179.0,1.39,1.65,160.0,1.24,1.48,3.0,9.0,11.0,2.0,4.0,1.0,8.0,6.0,5.0,10.0,7.0,M,CHEMINADE,Jacques,19.0,0.15,0.18
87,Haute-Vienne,18,Rochechouart,13139,2377,18.09,10762,81.91,,,,10342,78.71,96.1,M,MACRON,Emmanuel,2331,17.74,22.54,M,MÉLENCHON,Jean-Luc,2280,17.35,22.05,F,LE PEN,Marine,2257,17.18,21.82,M,FILLON,François,1704,12.97,16.48,M,HAMON,Benoît,650,4.95,6.29,M,DUPONT-AIGNAN,Nicolas,465,3.54,4.5,M,LASSALLE,Jean,240,1.83,2.32,M,POUTOU,Philippe,184,1.4,1.78,F,ARTHAUD,Nathalie,128,0.97,1.24,M,ASSELINEAU,François,73,0.56,0.71,MACRON,2331,2017,1,238.0,1.81,2.21,182.0,1.39,1.69,3.0,9.0,2.0,11.0,4.0,1.0,8.0,6.0,5.0,10.0,7.0,M,CHEMINADE,Jacques,30.0,0.23,0.29
87,Haute-Vienne,19,Saint-Junien,15615,2927,18.74,12688,81.26,,,,12237,78.37,96.45,M,MÉLENCHON,Jean-Luc,3260,20.88,26.64,M,MACRON,Emmanuel,2952,18.9,24.12,F,LE PEN,Marine,2424,15.52,19.81,M,FILLON,François,1708,10.94,13.96,M,HAMON,Benoît,762,4.88,6.23,M,DUPONT-AIGNAN,Nicolas,549,3.52,4.49,M,POUTOU,Philippe,185,1.18,1.51,M,LASSALLE,Jean,185,1.18,1.51,F,ARTHAUD,Nathalie,128,0.82,1.05,M,ASSELINEAU,François,63,0.4,0.51,MÉLENCHON,3260,2017,1,247.0,1.58,1.95,204.0,1.31,1.61,9.0,3.0,2.0,11.0,4.0,1.0,6.0,8.0,5.0,10.0,7.0,M,CHEMINADE,Jacques,21.0,0.13,0.17
87,Haute-Vienne,20,Saint-Léonard-de-Noblat,12845,2045,15.92,10800,84.08,,,,10437,81.25,96.64,M,MACRON,Emmanuel,2616,20.37,25.06,M,MÉLENCHON,Jean-Luc,2313,18.01,22.16,F,LE PEN,Marine,2257,17.57,21.62,M,FILLON,François,1468,11.43,14.07,M,HAMON,Benoît,793,6.17,7.6,M,DUPONT-AIGNAN,Nicolas,480,3.74,4.6,M,LASSALLE,Jean,189,1.47,1.81,M,POUTOU,Philippe,144,1.12,1.38,F,ARTHAUD,Nathalie,102,0.79,0.98,M,ASSELINEAU,François,54,0.42,0.52,MACRON,2616,2017,1,231.0,1.8,2.14,132.0,1.03,1.22,3.0,9.0,2.0,11.0,4.0,1.0,8.0,6.0,5.0,10.0,7.0,M,CHEMINADE,Jacques,21.0,0.16,0.2
87,Haute-Vienne,21,Saint-Yrieix-la-Perche,16380,2948,18.0,13432,82.0,,,,12916,78.85,96.16,M,MACRON,Emmanuel,3323,20.29,25.73,M,MÉLENCHON,Jean-Luc,2705,16.51,20.94,F,LE PEN,Marine,2558,15.62,19.8,M,FILLON,François,2135,13.03,16.53,M,HAMON,Benoît,833,5.09,6.45,M,DUPONT-AIGNAN,Nicolas,593,3.62,4.59,M,LASSALLE,Jean,270,1.65,2.09,M,POUTOU,Philippe,224,1.37,1.73,F,ARTHAUD,Nathalie,130,0.79,1.01,M,ASSELINEAU,François,114,0.7,0.88,MACRON,3323,2017,1,285.0,1.74,2.12,231.0,1.41,1.72,3.0,9.0,2.0,11.0,4.0,1.0,8.0,6.0,5.0,10.0,7.0,M,CHEMINADE,Jacques,31.0,0.19,0.24
